2026-08-05 15:32:13.353 INFO  [] -            com.averpo.erp.AverpoApplication - Starting AverpoApplication using Java 21.0.9 with PID 31180 (D:\Averpo\averpo-erp-web-tech-award\build\classes\java\main started by nurmu in D:\Averpo\averpo-erp-web-tech-award)
2026-08-05 15:32:13.360 INFO  [] -            com.averpo.erp.AverpoApplication - The following 1 profile is active: "dev"
2026-08-05 15:32:15.078 INFO  [] -            o.s.d.r.c.RepositoryConfigurationDelegate - Bootstrapping Spring Data JPA repositories in DEFAULT mode.
2026-08-05 15:32:15.385 INFO  [] -            o.s.d.r.c.RepositoryConfigurationDelegate - Finished Spring Data repository scanning in 294 ms. Found 56 JPA repository interfaces.
2026-08-05 15:32:16.549 INFO  [] -            o.s.boot.tomcat.TomcatWebServer - Tomcat initialized with port 8090 (http)
2026-08-05 15:32:16.565 INFO  [] -            o.a.coyote.http11.Http11NioProtocol - Initializing ProtocolHandler ["http-nio-8090"]
2026-08-05 15:32:16.569 INFO  [] -            o.a.catalina.core.StandardService - Starting service [Tomcat]
2026-08-05 15:32:16.569 INFO  [] -            o.a.catalina.core.StandardEngine - Starting Servlet engine: [Apache Tomcat/11.0.14]
2026-08-05 15:32:16.668 INFO  [] -            o.s.b.w.c.s.WebApplicationContextInitializer - Root WebApplicationContext: initialization completed in 3206 ms
2026-08-05 15:32:16.997 INFO  [] -            com.zaxxer.hikari.HikariDataSource - HikariPool-1 - Starting...
2026-08-05 15:32:17.257 INFO  [] -            com.zaxxer.hikari.pool.HikariPool - HikariPool-1 - Added connection org.postgresql.jdbc.PgConnection@15e5246
2026-08-05 15:32:17.261 INFO  [] -            com.zaxxer.hikari.HikariDataSource - HikariPool-1 - Start completed.
2026-08-05 15:32:17.534 INFO  [] -            liquibase.database - Set default schema name to public
2026-08-05 15:32:17.870 INFO  [] -            liquibase.changelog - Creating database changelog table with name: public.databasechangelog
2026-08-05 15:32:17.955 INFO  [] -            liquibase.changelog - Reading from public.databasechangelog
2026-08-05 15:32:18.147 INFO  [] -            liquibase.snapshot - Creating snapshot
2026-08-05 15:32:18.313 INFO  [] -            liquibase.lockservice - Successfully acquired change log lock
2026-08-05 15:32:18.316 INFO  [] -            liquibase.command - Using deploymentId: 5925936967
2026-08-05 15:32:18.320 INFO  [] -            liquibase.changelog - Reading from public.databasechangelog
2026-08-05 15:32:18.399 INFO  [] -            liquibase.ui - Running Changeset: db/changelog/001-shared.sql::001-exchange-rate::erp
2026-08-05 15:32:18.428 INFO  [] -            liquibase.changelog - Custom SQL executed
2026-08-05 15:32:18.439 INFO  [] -            liquibase.changelog - ChangeSet db/changelog/001-shared.sql::001-exchange-rate::erp ran successfully in 38ms
2026-08-05 15:32:18.456 INFO  [] -            liquibase.ui - Running Changeset: db/changelog/002-company-settings.sql::002-company-settings::averpo
2026-08-05 15:32:18.466 INFO  [] -            liquibase.changelog - Custom SQL executed
2026-08-05 15:32:18.475 INFO  [] -            liquibase.changelog - ChangeSet db/changelog/002-company-settings.sql::002-company-settings::averpo ran successfully in 19ms
2026-08-05 15:32:18.489 INFO  [] -            liquibase.ui - Running Changeset: db/changelog/003-ledger.sql::003-account::averpo
2026-08-05 15:32:18.509 INFO  [] -            liquibase.changelog - Custom SQL executed
2026-08-05 15:32:18.523 INFO  [] -            liquibase.changelog - ChangeSet db/changelog/003-ledger.sql::003-account::averpo ran successfully in 32ms
2026-08-05 15:32:18.534 INFO  [] -            liquibase.ui - Running Changeset: db/changelog/003-ledger.sql::004-journal-entry::averpo
2026-08-05 15:32:18.558 INFO  [] -            liquibase.changelog - Custom SQL executed
2026-08-05 15:32:18.568 INFO  [] -            liquibase.changelog - ChangeSet db/changelog/003-ledger.sql::004-journal-entry::averpo ran successfully in 34ms
2026-08-05 15:32:18.579 INFO  [] -            liquibase.ui - Running Changeset: db/changelog/003-ledger.sql::005-journal-entry-line::averpo
2026-08-05 15:32:18.596 INFO  [] -            liquibase.changelog - Custom SQL executed
2026-08-05 15:32:18.605 INFO  [] -            liquibase.changelog - ChangeSet db/changelog/003-ledger.sql::005-journal-entry-line::averpo ran successfully in 24ms
2026-08-05 15:32:18.615 INFO  [] -            liquibase.ui - Running Changeset: db/changelog/004-currency.sql::006-currency::averpo
2026-08-05 15:32:18.625 INFO  [] -            liquibase.changelog - Custom SQL executed
2026-08-05 15:32:18.635 INFO  [] -            liquibase.changelog - ChangeSet db/changelog/004-currency.sql::006-currency::averpo ran successfully in 19ms
2026-08-05 15:32:18.645 INFO  [] -            liquibase.ui - Running Changeset: db/changelog/004-currency.sql::007-currency-seed::averpo
2026-08-05 15:32:18.656 INFO  [] -            liquibase.changelog - Custom SQL executed
2026-08-05 15:32:18.661 INFO  [] -            liquibase.changelog - ChangeSet db/changelog/004-currency.sql::007-currency-seed::averpo ran successfully in 16ms
2026-08-05 15:32:18.671 INFO  [] -            liquibase.ui - Running Changeset: db/changelog/005-rate-scale.sql::008-rate-scale-12::averpo
2026-08-05 15:32:18.692 INFO  [] -            liquibase.changelog - Custom SQL executed
2026-08-05 15:32:18.705 INFO  [] -            liquibase.changelog - ChangeSet db/changelog/005-rate-scale.sql::008-rate-scale-12::averpo ran successfully in 32ms
2026-08-05 15:32:18.718 INFO  [] -            liquibase.ui - Running Changeset: db/changelog/006-jel-constraints.sql::009-jel-constraints::averpo
2026-08-05 15:32:18.729 INFO  [] -            liquibase.changelog - Custom SQL executed
2026-08-05 15:32:18.739 INFO  [] -            liquibase.changelog - ChangeSet db/changelog/006-jel-constraints.sql::009-jel-constraints::averpo ran successfully in 21ms
2026-08-05 15:32:18.751 INFO  [] -            liquibase.ui - Running Changeset: db/changelog/007-contact.sql::010-payment-term::averpo
2026-08-05 15:32:18.763 INFO  [] -            liquibase.changelog - Custom SQL executed
2026-08-05 15:32:18.773 INFO  [] -            liquibase.changelog - ChangeSet db/changelog/007-contact.sql::010-payment-term::averpo ran successfully in 20ms
2026-08-05 15:32:18.783 INFO  [] -            liquibase.ui - Running Changeset: db/changelog/007-contact.sql::011-payment-term-seed::averpo
2026-08-05 15:32:18.792 INFO  [] -            liquibase.changelog - Custom SQL executed
2026-08-05 15:32:18.799 INFO  [] -            liquibase.changelog - ChangeSet db/changelog/007-contact.sql::011-payment-term-seed::averpo ran successfully in 16ms
2026-08-05 15:32:18.810 INFO  [] -            liquibase.ui - Running Changeset: db/changelog/007-contact.sql::012-contact::averpo
2026-08-05 15:32:18.825 INFO  [] -            liquibase.changelog - Custom SQL executed
2026-08-05 15:32:18.835 INFO  [] -            liquibase.changelog - ChangeSet db/changelog/007-contact.sql::012-contact::averpo ran successfully in 24ms
2026-08-05 15:32:18.847 INFO  [] -            liquibase.ui - Running Changeset: db/changelog/008-item.sql::013-unit::averpo
2026-08-05 15:32:18.858 INFO  [] -            liquibase.changelog - Custom SQL executed
2026-08-05 15:32:18.867 INFO  [] -            liquibase.changelog - ChangeSet db/changelog/008-item.sql::013-unit::averpo ran successfully in 20ms
2026-08-05 15:32:18.890 INFO  [] -            liquibase.ui - Running Changeset: db/changelog/008-item.sql::014-unit-seed::averpo
2026-08-05 15:32:18.898 INFO  [] -            liquibase.changelog - Custom SQL executed
2026-08-05 15:32:18.904 INFO  [] -            liquibase.changelog - ChangeSet db/changelog/008-item.sql::014-unit-seed::averpo ran successfully in 14ms
2026-08-05 15:32:18.914 INFO  [] -            liquibase.ui - Running Changeset: db/changelog/008-item.sql::015-item-category::averpo
2026-08-05 15:32:18.925 INFO  [] -            liquibase.changelog - Custom SQL executed
2026-08-05 15:32:18.935 INFO  [] -            liquibase.changelog - ChangeSet db/changelog/008-item.sql::015-item-category::averpo ran successfully in 20ms
2026-08-05 15:32:18.945 INFO  [] -            liquibase.ui - Running Changeset: db/changelog/008-item.sql::016-item::averpo
2026-08-05 15:32:18.965 INFO  [] -            liquibase.changelog - Custom SQL executed
2026-08-05 15:32:18.975 INFO  [] -            liquibase.changelog - ChangeSet db/changelog/008-item.sql::016-item::averpo ran successfully in 29ms
2026-08-05 15:32:18.986 INFO  [] -            liquibase.ui - Running Changeset: db/changelog/009-jel-constraints-v2.sql::017-jel-constraints-v2::averpo
2026-08-05 15:32:18.995 INFO  [] -            liquibase.changelog - Custom SQL executed
2026-08-05 15:32:19.000 INFO  [] -            liquibase.changelog - ChangeSet db/changelog/009-jel-constraints-v2.sql::017-jel-constraints-v2::averpo ran successfully in 14ms
2026-08-05 15:32:19.012 INFO  [] -            liquibase.ui - Running Changeset: db/changelog/010-currency-fk.sql::018-account-currency-fk::averpo
2026-08-05 15:32:19.024 INFO  [] -            liquibase.changelog - Custom SQL executed
2026-08-05 15:32:19.030 INFO  [] -            liquibase.changelog - ChangeSet db/changelog/010-currency-fk.sql::018-account-currency-fk::averpo ran successfully in 16ms
2026-08-05 15:32:19.039 INFO  [] -            liquibase.ui - Running Changeset: db/changelog/010-currency-fk.sql::019-company-settings-currency-fk::averpo
2026-08-05 15:32:19.053 INFO  [] -            liquibase.changelog - Custom SQL executed
2026-08-05 15:32:19.059 INFO  [] -            liquibase.changelog - ChangeSet db/changelog/010-currency-fk.sql::019-company-settings-currency-fk::averpo ran successfully in 19ms
2026-08-05 15:32:19.070 INFO  [] -            liquibase.ui - Running Changeset: db/changelog/010-currency-fk.sql::020-contact-currency-fk::averpo
2026-08-05 15:32:19.085 INFO  [] -            liquibase.changelog - Custom SQL executed
2026-08-05 15:32:19.092 INFO  [] -            liquibase.changelog - ChangeSet db/changelog/010-currency-fk.sql::020-contact-currency-fk::averpo ran successfully in 22ms
2026-08-05 15:32:19.102 INFO  [] -            liquibase.ui - Running Changeset: db/changelog/010-currency-fk.sql::021-exchange-rate-currency-fk::averpo
2026-08-05 15:32:19.120 INFO  [] -            liquibase.changelog - Custom SQL executed
2026-08-05 15:32:19.129 INFO  [] -            liquibase.changelog - ChangeSet db/changelog/010-currency-fk.sql::021-exchange-rate-currency-fk::averpo ran successfully in 27ms
2026-08-05 15:32:19.144 INFO  [] -            liquibase.ui - Running Changeset: db/changelog/011-app-user.sql::022-app-user::averpo
2026-08-05 15:32:19.154 INFO  [] -            liquibase.changelog - Custom SQL executed
2026-08-05 15:32:19.167 INFO  [] -            liquibase.changelog - ChangeSet db/changelog/011-app-user.sql::022-app-user::averpo ran successfully in 22ms
2026-08-05 15:32:19.180 INFO  [] -            liquibase.ui - Running Changeset: db/changelog/012-inventory-valuation.sql::023-inventory-valuation::averpo
2026-08-05 15:32:19.188 INFO  [] -            liquibase.changelog - Custom SQL executed
2026-08-05 15:32:19.194 INFO  [] -            liquibase.changelog - ChangeSet db/changelog/012-inventory-valuation.sql::023-inventory-valuation::averpo ran successfully in 13ms
2026-08-05 15:32:19.206 INFO  [] -            liquibase.ui - Running Changeset: db/changelog/013-je-source-unique.sql::013-01-je-reversal-of::averpo
2026-08-05 15:32:19.214 INFO  [] -            liquibase.changelog - Custom SQL executed
2026-08-05 15:32:19.220 INFO  [] -            liquibase.changelog - ChangeSet db/changelog/013-je-source-unique.sql::013-01-je-reversal-of::averpo ran successfully in 14ms
2026-08-05 15:32:19.232 INFO  [] -            liquibase.ui - Running Changeset: db/changelog/013-je-source-unique.sql::013-02-je-source-partial-unique::averpo
2026-08-05 15:32:19.240 INFO  [] -            liquibase.changelog - Custom SQL executed
2026-08-05 15:32:19.247 INFO  [] -            liquibase.changelog - ChangeSet db/changelog/013-je-source-unique.sql::013-02-je-source-partial-unique::averpo ran successfully in 13ms
2026-08-05 15:32:19.255 INFO  [] -            liquibase.ui - Running Changeset: db/changelog/013-je-source-unique.sql::013-03-jel-rate-positive::averpo
2026-08-05 15:32:19.265 INFO  [] -            liquibase.changelog - Custom SQL executed
2026-08-05 15:32:19.271 INFO  [] -            liquibase.changelog - ChangeSet db/changelog/013-je-source-unique.sql::013-03-jel-rate-positive::averpo ran successfully in 15ms
2026-08-05 15:32:19.280 INFO  [] -            liquibase.ui - Running Changeset: db/changelog/014-document-sequence.sql::014-01-document-sequence::averpo
2026-08-05 15:32:19.290 INFO  [] -            liquibase.changelog - Custom SQL executed
2026-08-05 15:32:19.299 INFO  [] -            liquibase.changelog - ChangeSet db/changelog/014-document-sequence.sql::014-01-document-sequence::averpo ran successfully in 19ms
2026-08-05 15:32:19.310 INFO  [] -            liquibase.ui - Running Changeset: db/changelog/014-document-sequence.sql::014-02-document-sequence-seed::averpo
2026-08-05 15:32:19.319 INFO  [] -            liquibase.changelog - Custom SQL executed
2026-08-05 15:32:19.325 INFO  [] -            liquibase.changelog - ChangeSet db/changelog/014-document-sequence.sql::014-02-document-sequence-seed::averpo ran successfully in 15ms
2026-08-05 15:32:19.333 INFO  [] -            liquibase.ui - Running Changeset: db/changelog/014-document-sequence.sql::014-03-drop-je-number-seq::averpo
2026-08-05 15:32:19.338 INFO  [] -            liquibase.changelog - Custom SQL executed
2026-08-05 15:32:19.343 INFO  [] -            liquibase.changelog - ChangeSet db/changelog/014-document-sequence.sql::014-03-drop-je-number-seq::averpo ran successfully in 9ms
2026-08-05 15:32:19.357 INFO  [] -            liquibase.ui - Running Changeset: db/changelog/015-closing-date.sql::015-01-company-settings-closing-date::averpo
2026-08-05 15:32:19.361 INFO  [] -            liquibase.changelog - Custom SQL executed
2026-08-05 15:32:19.367 INFO  [] -            liquibase.changelog - ChangeSet db/changelog/015-closing-date.sql::015-01-company-settings-closing-date::averpo ran successfully in 9ms
2026-08-05 15:32:19.377 INFO  [] -            liquibase.ui - Running Changeset: db/changelog/016-contact-extension.sql::016-01-contact-tax-credit::averpo
2026-08-05 15:32:19.388 INFO  [] -            liquibase.changelog - Custom SQL executed
2026-08-05 15:32:19.403 INFO  [] -            liquibase.changelog - ChangeSet db/changelog/016-contact-extension.sql::016-01-contact-tax-credit::averpo ran successfully in 26ms
2026-08-05 15:32:19.414 INFO  [] -            liquibase.ui - Running Changeset: db/changelog/016-contact-extension.sql::016-02-contact-address::averpo
2026-08-05 15:32:19.432 INFO  [] -            liquibase.changelog - Custom SQL executed
2026-08-05 15:32:19.442 INFO  [] -            liquibase.changelog - ChangeSet db/changelog/016-contact-extension.sql::016-02-contact-address::averpo ran successfully in 27ms
2026-08-05 15:32:19.454 INFO  [] -            liquibase.ui - Running Changeset: db/changelog/016-contact-extension.sql::016-03-contact-person::averpo
2026-08-05 15:32:19.469 INFO  [] -            liquibase.changelog - Custom SQL executed
2026-08-05 15:32:19.482 INFO  [] -            liquibase.changelog - ChangeSet db/changelog/016-contact-extension.sql::016-03-contact-person::averpo ran successfully in 28ms
2026-08-05 15:32:19.497 INFO  [] -            liquibase.ui - Running Changeset: db/changelog/016-contact-extension.sql::016-04-contact-bank-account::averpo
2026-08-05 15:32:19.518 INFO  [] -            liquibase.changelog - Custom SQL executed
2026-08-05 15:32:19.529 INFO  [] -            liquibase.changelog - ChangeSet db/changelog/016-contact-extension.sql::016-04-contact-bank-account::averpo ran successfully in 31ms
2026-08-05 15:32:19.545 INFO  [] -            liquibase.ui - Running Changeset: db/changelog/016-contact-extension.sql::016-05-contact-address-migrate::averpo
2026-08-05 15:32:19.580 INFO  [] -            liquibase.changelog - Custom SQL executed
2026-08-05 15:32:19.588 INFO  [] -            liquibase.changelog - ChangeSet db/changelog/016-contact-extension.sql::016-05-contact-address-migrate::averpo ran successfully in 42ms
2026-08-05 15:32:19.598 INFO  [] -            liquibase.ui - Running Changeset: db/changelog/017-inventory.sql::017-01-warehouse::averpo
2026-08-05 15:32:19.610 INFO  [] -            liquibase.changelog - Custom SQL executed
2026-08-05 15:32:19.620 INFO  [] -            liquibase.changelog - ChangeSet db/changelog/017-inventory.sql::017-01-warehouse::averpo ran successfully in 21ms
2026-08-05 15:32:19.631 INFO  [] -            liquibase.ui - Running Changeset: db/changelog/017-inventory.sql::017-02-warehouse-seed::averpo
2026-08-05 15:32:19.638 INFO  [] -            liquibase.changelog - Custom SQL executed
2026-08-05 15:32:19.644 INFO  [] -            liquibase.changelog - ChangeSet db/changelog/017-inventory.sql::017-02-warehouse-seed::averpo ran successfully in 12ms
2026-08-05 15:32:19.653 INFO  [] -            liquibase.ui - Running Changeset: db/changelog/017-inventory.sql::017-03-stock-movement::averpo
2026-08-05 15:32:19.672 INFO  [] -            liquibase.changelog - Custom SQL executed
2026-08-05 15:32:19.683 INFO  [] -            liquibase.changelog - ChangeSet db/changelog/017-inventory.sql::017-03-stock-movement::averpo ran successfully in 30ms
2026-08-05 15:32:19.694 INFO  [] -            liquibase.ui - Running Changeset: db/changelog/017-inventory.sql::017-04-stock-balance::averpo
2026-08-05 15:32:19.704 INFO  [] -            liquibase.changelog - Custom SQL executed
2026-08-05 15:32:19.713 INFO  [] -            liquibase.changelog - ChangeSet db/changelog/017-inventory.sql::017-04-stock-balance::averpo ran successfully in 19ms
2026-08-05 15:32:19.724 INFO  [] -            liquibase.ui - Running Changeset: db/changelog/017-inventory.sql::017-05-cost-layer::averpo
2026-08-05 15:32:19.739 INFO  [] -            liquibase.changelog - Custom SQL executed
2026-08-05 15:32:19.753 INFO  [] -            liquibase.changelog - ChangeSet db/changelog/017-inventory.sql::017-05-cost-layer::averpo ran successfully in 27ms
2026-08-05 15:32:19.764 INFO  [] -            liquibase.ui - Running Changeset: db/changelog/017-inventory.sql::017-06-cost-layer-consumption::averpo
2026-08-05 15:32:19.779 INFO  [] -            liquibase.changelog - Custom SQL executed
2026-08-05 15:32:19.788 INFO  [] -            liquibase.changelog - ChangeSet db/changelog/017-inventory.sql::017-06-cost-layer-consumption::averpo ran successfully in 24ms
2026-08-05 15:32:19.800 INFO  [] -            liquibase.ui - Running Changeset: db/changelog/018-detail-type-rename.sql::018-01-detail-type-rename::averpo
2026-08-05 15:32:19.823 INFO  [] -            liquibase.changelog - Custom SQL executed
2026-08-05 15:32:19.826 INFO  [] -            liquibase.changelog - ChangeSet db/changelog/018-detail-type-rename.sql::018-01-detail-type-rename::averpo ran successfully in 26ms
2026-08-05 15:32:19.837 INFO  [] -            liquibase.ui - Running Changeset: db/changelog/019-purchases.sql::019-01-bill::averpo
2026-08-05 15:32:19.871 INFO  [] -            liquibase.changelog - Custom SQL executed
2026-08-05 15:32:19.881 INFO  [] -            liquibase.changelog - ChangeSet db/changelog/019-purchases.sql::019-01-bill::averpo ran successfully in 44ms
2026-08-05 15:32:19.893 INFO  [] -            liquibase.ui - Running Changeset: db/changelog/019-purchases.sql::019-02-bill-line::averpo
2026-08-05 15:32:19.914 INFO  [] -            liquibase.changelog - Custom SQL executed
2026-08-05 15:32:19.923 INFO  [] -            liquibase.changelog - ChangeSet db/changelog/019-purchases.sql::019-02-bill-line::averpo ran successfully in 29ms
2026-08-05 15:32:19.934 INFO  [] -            liquibase.ui - Running Changeset: db/changelog/019-purchases.sql::019-03-bill-payment::averpo
2026-08-05 15:32:19.956 INFO  [] -            liquibase.changelog - Custom SQL executed
2026-08-05 15:32:19.967 INFO  [] -            liquibase.changelog - ChangeSet db/changelog/019-purchases.sql::019-03-bill-payment::averpo ran successfully in 32ms
2026-08-05 15:32:19.981 INFO  [] -            liquibase.ui - Running Changeset: db/changelog/019-purchases.sql::019-04-bill-payment-allocation::averpo
2026-08-05 15:32:19.993 INFO  [] -            liquibase.changelog - Custom SQL executed
2026-08-05 15:32:20.002 INFO  [] -            liquibase.changelog - ChangeSet db/changelog/019-purchases.sql::019-04-bill-payment-allocation::averpo ran successfully in 21ms
2026-08-05 15:32:20.013 INFO  [] -            liquibase.ui - Running Changeset: db/changelog/020-landed-cost.sql::020-01-landed-cost-allocation::averpo
2026-08-05 15:32:20.024 INFO  [] -            liquibase.changelog - Custom SQL executed
2026-08-05 15:32:20.033 INFO  [] -            liquibase.changelog - ChangeSet db/changelog/020-landed-cost.sql::020-01-landed-cost-allocation::averpo ran successfully in 20ms
2026-08-05 15:32:20.043 INFO  [] -            liquibase.ui - Running Changeset: db/changelog/020-landed-cost.sql::020-02-landed-cost-allocation-line::averpo
2026-08-05 15:32:20.061 INFO  [] -            liquibase.changelog - Custom SQL executed
2026-08-05 15:32:20.071 INFO  [] -            liquibase.changelog - ChangeSet db/changelog/020-landed-cost.sql::020-02-landed-cost-allocation-line::averpo ran successfully in 27ms
2026-08-05 15:32:20.085 INFO  [] -            liquibase.ui - Running Changeset: db/changelog/020-landed-cost.sql::020-03-landed-cost-sequence::averpo
2026-08-05 15:32:20.091 INFO  [] -            liquibase.changelog - Custom SQL executed
2026-08-05 15:32:20.097 INFO  [] -            liquibase.changelog - ChangeSet db/changelog/020-landed-cost.sql::020-03-landed-cost-sequence::averpo ran successfully in 12ms
2026-08-05 15:32:20.110 INFO  [] -            liquibase.ui - Running Changeset: db/changelog/021-sales.sql::021-01-invoice::averpo
2026-08-05 15:32:20.131 INFO  [] -            liquibase.changelog - Custom SQL executed
2026-08-05 15:32:20.141 INFO  [] -            liquibase.changelog - ChangeSet db/changelog/021-sales.sql::021-01-invoice::averpo ran successfully in 31ms
2026-08-05 15:32:20.152 INFO  [] -            liquibase.ui - Running Changeset: db/changelog/021-sales.sql::021-02-invoice-line::averpo
2026-08-05 15:32:20.172 INFO  [] -            liquibase.changelog - Custom SQL executed
2026-08-05 15:32:20.183 INFO  [] -            liquibase.changelog - ChangeSet db/changelog/021-sales.sql::021-02-invoice-line::averpo ran successfully in 30ms
2026-08-05 15:32:20.195 INFO  [] -            liquibase.ui - Running Changeset: db/changelog/021-sales.sql::021-03-invoice-payment::averpo
2026-08-05 15:32:20.213 INFO  [] -            liquibase.changelog - Custom SQL executed
2026-08-05 15:32:20.223 INFO  [] -            liquibase.changelog - ChangeSet db/changelog/021-sales.sql::021-03-invoice-payment::averpo ran successfully in 28ms
2026-08-05 15:32:20.235 INFO  [] -            liquibase.ui - Running Changeset: db/changelog/021-sales.sql::021-04-invoice-payment-allocation::averpo
2026-08-05 15:32:20.248 INFO  [] -            liquibase.changelog - Custom SQL executed
2026-08-05 15:32:20.260 INFO  [] -            liquibase.changelog - ChangeSet db/changelog/021-sales.sql::021-04-invoice-payment-allocation::averpo ran successfully in 25ms
2026-08-05 15:32:20.271 INFO  [] -            liquibase.ui - Running Changeset: db/changelog/021-sales.sql::021-05-receipt-sequence::averpo
2026-08-05 15:32:20.276 INFO  [] -            liquibase.changelog - Custom SQL executed
2026-08-05 15:32:20.282 INFO  [] -            liquibase.changelog - ChangeSet db/changelog/021-sales.sql::021-05-receipt-sequence::averpo ran successfully in 11ms
2026-08-05 15:32:20.292 INFO  [] -            liquibase.ui - Running Changeset: db/changelog/022-banking.sql::022-01-bank-transaction::averpo
2026-08-05 15:32:20.314 INFO  [] -            liquibase.changelog - Custom SQL executed
2026-08-05 15:32:20.324 INFO  [] -            liquibase.changelog - ChangeSet db/changelog/022-banking.sql::022-01-bank-transaction::averpo ran successfully in 32ms
2026-08-05 15:32:20.335 INFO  [] -            liquibase.ui - Running Changeset: db/changelog/022-banking.sql::022-02-bank-transaction-line::averpo
2026-08-05 15:32:20.347 INFO  [] -            liquibase.changelog - Custom SQL executed
2026-08-05 15:32:20.356 INFO  [] -            liquibase.changelog - ChangeSet db/changelog/022-banking.sql::022-02-bank-transaction-line::averpo ran successfully in 21ms
2026-08-05 15:32:20.370 INFO  [] -            liquibase.ui - Running Changeset: db/changelog/022-banking.sql::022-03-bank-reconciliation::averpo
2026-08-05 15:32:20.383 INFO  [] -            liquibase.changelog - Custom SQL executed
2026-08-05 15:32:20.392 INFO  [] -            liquibase.changelog - ChangeSet db/changelog/022-banking.sql::022-03-bank-reconciliation::averpo ran successfully in 22ms
2026-08-05 15:32:20.404 INFO  [] -            liquibase.ui - Running Changeset: db/changelog/022-banking.sql::022-04-bank-reconciliation-match::averpo
2026-08-05 15:32:20.417 INFO  [] -            liquibase.changelog - Custom SQL executed
2026-08-05 15:32:20.427 INFO  [] -            liquibase.changelog - ChangeSet db/changelog/022-banking.sql::022-04-bank-reconciliation-match::averpo ran successfully in 22ms
2026-08-05 15:32:20.441 INFO  [] -            liquibase.ui - Running Changeset: db/changelog/022-banking.sql::022-05-bank-txn-sequence::averpo
2026-08-05 15:32:20.448 INFO  [] -            liquibase.changelog - Custom SQL executed
2026-08-05 15:32:20.455 INFO  [] -            liquibase.changelog - ChangeSet db/changelog/022-banking.sql::022-05-bank-txn-sequence::averpo ran successfully in 12ms
2026-08-05 15:32:20.465 INFO  [] -            liquibase.ui - Running Changeset: db/changelog/023-line-uniques.sql::023-01-line-tables-unique::averpo
2026-08-05 15:32:20.476 INFO  [] -            liquibase.changelog - Custom SQL executed
2026-08-05 15:32:20.483 INFO  [] -            liquibase.changelog - ChangeSet db/changelog/023-line-uniques.sql::023-01-line-tables-unique::averpo ran successfully in 18ms
2026-08-05 15:32:20.493 INFO  [] -            liquibase.ui - Running Changeset: db/changelog/024-fiscal-year.sql::024-01-fiscal-year-start-month::averpo
2026-08-05 15:32:20.502 INFO  [] -            liquibase.changelog - Custom SQL executed
2026-08-05 15:32:20.508 INFO  [] -            liquibase.changelog - ChangeSet db/changelog/024-fiscal-year.sql::024-01-fiscal-year-start-month::averpo ran successfully in 15ms
2026-08-05 15:32:20.523 INFO  [] -            liquibase.ui - Running Changeset: db/changelog/025-lc-reversal-date.sql::025-01-lc-reversal-date::averpo
2026-08-05 15:32:20.532 INFO  [] -            liquibase.changelog - Custom SQL executed
2026-08-05 15:32:20.538 INFO  [] -            liquibase.changelog - ChangeSet db/changelog/025-lc-reversal-date.sql::025-01-lc-reversal-date::averpo ran successfully in 15ms
2026-08-05 15:32:20.548 INFO  [] -            liquibase.ui - Running Changeset: db/changelog/026-uom.sql::026-01-unit-group::averpo
2026-08-05 15:32:20.557 INFO  [] -            liquibase.changelog - Custom SQL executed
2026-08-05 15:32:20.567 INFO  [] -            liquibase.changelog - ChangeSet db/changelog/026-uom.sql::026-01-unit-group::averpo ran successfully in 18ms
2026-08-05 15:32:20.581 INFO  [] -            liquibase.ui - Running Changeset: db/changelog/026-uom.sql::026-02-unit-uom-columns::averpo
2026-08-05 15:32:20.602 INFO  [] -            liquibase.changelog - Custom SQL executed
2026-08-05 15:32:20.608 INFO  [] -            liquibase.changelog - ChangeSet db/changelog/026-uom.sql::026-02-unit-uom-columns::averpo ran successfully in 26ms
2026-08-05 15:32:20.621 INFO  [] -            liquibase.ui - Running Changeset: db/changelog/026-uom.sql::026-03-item-default-units::averpo
2026-08-05 15:32:20.629 INFO  [] -            liquibase.changelog - Custom SQL executed
2026-08-05 15:32:20.635 INFO  [] -            liquibase.changelog - ChangeSet db/changelog/026-uom.sql::026-03-item-default-units::averpo ran successfully in 13ms
2026-08-05 15:32:20.644 INFO  [] -            liquibase.ui - Running Changeset: db/changelog/027-bill-line-uom.sql::027-01-bill-line-uom::averpo
2026-08-05 15:32:20.652 INFO  [] -            liquibase.changelog - Custom SQL executed
2026-08-05 15:32:20.659 INFO  [] -            liquibase.changelog - ChangeSet db/changelog/027-bill-line-uom.sql::027-01-bill-line-uom::averpo ran successfully in 15ms
2026-08-05 15:32:20.668 INFO  [] -            liquibase.ui - Running Changeset: db/changelog/028-invoice-line-uom.sql::028-01-invoice-line-uom::averpo
2026-08-05 15:32:20.676 INFO  [] -            liquibase.changelog - Custom SQL executed
2026-08-05 15:32:20.682 INFO  [] -            liquibase.changelog - ChangeSet db/changelog/028-invoice-line-uom.sql::028-01-invoice-line-uom::averpo ran successfully in 14ms
2026-08-05 15:32:20.691 INFO  [] -            liquibase.ui - Running Changeset: db/changelog/029-user-management.sql::029-01-app-user-lockout::averpo
2026-08-05 15:32:20.700 INFO  [] -            liquibase.changelog - Custom SQL executed
2026-08-05 15:32:20.705 INFO  [] -            liquibase.changelog - ChangeSet db/changelog/029-user-management.sql::029-01-app-user-lockout::averpo ran successfully in 14ms
2026-08-05 15:32:20.716 INFO  [] -            liquibase.ui - Running Changeset: db/changelog/030-created-by.sql::030-01-created-by::averpo
2026-08-05 15:32:20.801 INFO  [] -            liquibase.changelog - Custom SQL executed
2026-08-05 15:32:20.808 INFO  [] -            liquibase.changelog - ChangeSet db/changelog/030-created-by.sql::030-01-created-by::averpo ran successfully in 92ms
2026-08-05 15:32:20.819 INFO  [] -            liquibase.ui - Running Changeset: db/changelog/031-price-list.sql::031-01-price-list::averpo
2026-08-05 15:32:20.833 INFO  [] -            liquibase.changelog - Custom SQL executed
2026-08-05 15:32:20.843 INFO  [] -            liquibase.changelog - ChangeSet db/changelog/031-price-list.sql::031-01-price-list::averpo ran successfully in 23ms
2026-08-05 15:32:20.853 INFO  [] -            liquibase.ui - Running Changeset: db/changelog/031-price-list.sql::031-02-price-list-item::averpo
2026-08-05 15:32:20.865 INFO  [] -            liquibase.changelog - Custom SQL executed
2026-08-05 15:32:20.874 INFO  [] -            liquibase.changelog - ChangeSet db/changelog/031-price-list.sql::031-02-price-list-item::averpo ran successfully in 21ms
2026-08-05 15:32:20.885 INFO  [] -            liquibase.ui - Running Changeset: db/changelog/031-price-list.sql::031-03-price-list-customer::averpo
2026-08-05 15:32:20.895 INFO  [] -            liquibase.changelog - Custom SQL executed
2026-08-05 15:32:20.904 INFO  [] -            liquibase.changelog - ChangeSet db/changelog/031-price-list.sql::031-03-price-list-customer::averpo ran successfully in 18ms
2026-08-05 15:32:20.914 INFO  [] -            liquibase.ui - Running Changeset: db/changelog/032-tax.sql::032-01-tax-rate::averpo
2026-08-05 15:32:20.921 INFO  [] -            liquibase.changelog - Custom SQL executed
2026-08-05 15:32:20.930 INFO  [] -            liquibase.changelog - ChangeSet db/changelog/032-tax.sql::032-01-tax-rate::averpo ran successfully in 16ms
2026-08-05 15:32:20.941 INFO  [] -            liquibase.ui - Running Changeset: db/changelog/032-tax.sql::032-02-tax-rate-seed::averpo
2026-08-05 15:32:20.947 INFO  [] -            liquibase.changelog - Custom SQL executed
2026-08-05 15:32:20.953 INFO  [] -            liquibase.changelog - ChangeSet db/changelog/032-tax.sql::032-02-tax-rate-seed::averpo ran successfully in 11ms
2026-08-05 15:32:20.961 INFO  [] -            liquibase.ui - Running Changeset: db/changelog/032-tax.sql::032-03-item-tax-defaults::averpo
2026-08-05 15:32:20.967 INFO  [] -            liquibase.changelog - Custom SQL executed
2026-08-05 15:32:20.973 INFO  [] -            liquibase.changelog - ChangeSet db/changelog/032-tax.sql::032-03-item-tax-defaults::averpo ran successfully in 12ms
2026-08-05 15:32:20.985 INFO  [] -            liquibase.ui - Running Changeset: db/changelog/032-tax.sql::032-04-bill-tax::averpo
2026-08-05 15:32:20.995 INFO  [] -            liquibase.changelog - Custom SQL executed
2026-08-05 15:32:21.001 INFO  [] -            liquibase.changelog - ChangeSet db/changelog/032-tax.sql::032-04-bill-tax::averpo ran successfully in 16ms
2026-08-05 15:32:21.012 INFO  [] -            liquibase.ui - Running Changeset: db/changelog/032-tax.sql::032-05-invoice-tax::averpo
2026-08-05 15:32:21.021 INFO  [] -            liquibase.changelog - Custom SQL executed
2026-08-05 15:32:21.027 INFO  [] -            liquibase.changelog - ChangeSet db/changelog/032-tax.sql::032-05-invoice-tax::averpo ran successfully in 15ms
2026-08-05 15:32:21.038 INFO  [] -            liquibase.ui - Running Changeset: db/changelog/033-exchange-rate-history.sql::033-01-exchange-rate-history::averpo
2026-08-05 15:32:21.045 INFO  [] -            liquibase.changelog - Custom SQL executed
2026-08-05 15:32:21.051 INFO  [] -            liquibase.changelog - ChangeSet db/changelog/033-exchange-rate-history.sql::033-01-exchange-rate-history::averpo ran successfully in 12ms
2026-08-05 15:32:21.066 INFO  [] -            liquibase.ui - Running Changeset: db/changelog/034-audit-log.sql::034-01-audit-event::averpo
2026-08-05 15:32:21.083 INFO  [] -            liquibase.changelog - Custom SQL executed
2026-08-05 15:32:21.091 INFO  [] -            liquibase.changelog - ChangeSet db/changelog/034-audit-log.sql::034-01-audit-event::averpo ran successfully in 25ms
2026-08-05 15:32:21.101 INFO  [] -            liquibase.ui - Running Changeset: db/changelog/035-exchange-rate-index.sql::035-01-exchange-rate-lookup-index::averpo
2026-08-05 15:32:21.106 INFO  [] -            liquibase.changelog - Custom SQL executed
2026-08-05 15:32:21.112 INFO  [] -            liquibase.changelog - ChangeSet db/changelog/035-exchange-rate-index.sql::035-01-exchange-rate-lookup-index::averpo ran successfully in 10ms
2026-08-05 15:32:21.121 INFO  [] -            liquibase.ui - Running Changeset: db/changelog/036-payment-method.sql::036-01-payment-method::averpo
2026-08-05 15:32:21.127 INFO  [] -            liquibase.changelog - Custom SQL executed
2026-08-05 15:32:21.132 INFO  [] -            liquibase.changelog - ChangeSet db/changelog/036-payment-method.sql::036-01-payment-method::averpo ran successfully in 10ms
2026-08-05 15:32:21.143 INFO  [] -            liquibase.ui - Running Changeset: db/changelog/036-payment-method.sql::036-02-payment-method-seed::averpo
2026-08-05 15:32:21.147 INFO  [] -            liquibase.changelog - Custom SQL executed
2026-08-05 15:32:21.153 INFO  [] -            liquibase.changelog - ChangeSet db/changelog/036-payment-method.sql::036-02-payment-method-seed::averpo ran successfully in 10ms
2026-08-05 15:32:21.163 INFO  [] -            liquibase.ui - Running Changeset: db/changelog/036-payment-method.sql::036-03-bank-transaction-payment-fields::averpo
2026-08-05 15:32:21.173 INFO  [] -            liquibase.changelog - Custom SQL executed
2026-08-05 15:32:21.179 INFO  [] -            liquibase.changelog - ChangeSet db/changelog/036-payment-method.sql::036-03-bank-transaction-payment-fields::averpo ran successfully in 15ms
2026-08-05 15:32:21.191 INFO  [] -            liquibase.ui - Running Changeset: db/changelog/036-payment-method.sql::036-04-audit-event-entry-index::averpo
2026-08-05 15:32:21.198 INFO  [] -            liquibase.changelog - Custom SQL executed
2026-08-05 15:32:21.205 INFO  [] -            liquibase.changelog - ChangeSet db/changelog/036-payment-method.sql::036-04-audit-event-entry-index::averpo ran successfully in 13ms
2026-08-05 15:32:21.221 INFO  [] -            liquibase.ui - Running Changeset: db/changelog/037-class-tracking.sql::037-01-txn-class::averpo
2026-08-05 15:32:21.231 INFO  [] -            liquibase.changelog - Custom SQL executed
2026-08-05 15:32:21.242 INFO  [] -            liquibase.changelog - ChangeSet db/changelog/037-class-tracking.sql::037-01-txn-class::averpo ran successfully in 21ms
2026-08-05 15:32:21.255 INFO  [] -            liquibase.ui - Running Changeset: db/changelog/037-class-tracking.sql::037-02-company-settings-track-classes::averpo
2026-08-05 15:32:21.263 INFO  [] -            liquibase.changelog - Custom SQL executed
2026-08-05 15:32:21.270 INFO  [] -            liquibase.changelog - ChangeSet db/changelog/037-class-tracking.sql::037-02-company-settings-track-classes::averpo ran successfully in 14ms
2026-08-05 15:32:21.282 INFO  [] -            liquibase.ui - Running Changeset: db/changelog/037-class-tracking.sql::037-03-line-class-columns::averpo
2026-08-05 15:32:21.304 INFO  [] -            liquibase.changelog - Custom SQL executed
2026-08-05 15:32:21.314 INFO  [] -            liquibase.changelog - ChangeSet db/changelog/037-class-tracking.sql::037-03-line-class-columns::averpo ran successfully in 32ms
2026-08-05 15:32:21.327 INFO  [] -            liquibase.ui - Running Changeset: db/changelog/038-credit-memo.sql::038-01-credit-memo::averpo
2026-08-05 15:32:21.339 INFO  [] -            liquibase.changelog - Custom SQL executed
2026-08-05 15:32:21.349 INFO  [] -            liquibase.changelog - ChangeSet db/changelog/038-credit-memo.sql::038-01-credit-memo::averpo ran successfully in 21ms
2026-08-05 15:32:21.360 INFO  [] -            liquibase.ui - Running Changeset: db/changelog/038-credit-memo.sql::038-02-credit-memo-line::averpo
2026-08-05 15:32:21.379 INFO  [] -            liquibase.changelog - Custom SQL executed
2026-08-05 15:32:21.389 INFO  [] -            liquibase.changelog - ChangeSet db/changelog/038-credit-memo.sql::038-02-credit-memo-line::averpo ran successfully in 29ms
2026-08-05 15:32:21.402 INFO  [] -            liquibase.ui - Running Changeset: db/changelog/038-credit-memo.sql::038-03-credit-application::averpo
2026-08-05 15:32:21.417 INFO  [] -            liquibase.changelog - Custom SQL executed
2026-08-05 15:32:21.426 INFO  [] -            liquibase.changelog - ChangeSet db/changelog/038-credit-memo.sql::038-03-credit-application::averpo ran successfully in 24ms
2026-08-05 15:32:21.440 INFO  [] -            liquibase.ui - Running Changeset: db/changelog/038-credit-memo.sql::038-04-credit-memo-sequence::averpo
2026-08-05 15:32:21.445 INFO  [] -            liquibase.changelog - Custom SQL executed
2026-08-05 15:32:21.453 INFO  [] -            liquibase.changelog - ChangeSet db/changelog/038-credit-memo.sql::038-04-credit-memo-sequence::averpo ran successfully in 13ms
2026-08-05 15:32:21.465 INFO  [] -            liquibase.ui - Running Changeset: db/changelog/039-estimates-po.sql::039-01-estimate::averpo
2026-08-05 15:32:21.483 INFO  [] -            liquibase.changelog - Custom SQL executed
2026-08-05 15:32:21.492 INFO  [] -            liquibase.changelog - ChangeSet db/changelog/039-estimates-po.sql::039-01-estimate::averpo ran successfully in 27ms
2026-08-05 15:32:21.507 INFO  [] -            liquibase.ui - Running Changeset: db/changelog/039-estimates-po.sql::039-02-estimate-line::averpo
2026-08-05 15:32:21.523 INFO  [] -            liquibase.changelog - Custom SQL executed
2026-08-05 15:32:21.533 INFO  [] -            liquibase.changelog - ChangeSet db/changelog/039-estimates-po.sql::039-02-estimate-line::averpo ran successfully in 26ms
2026-08-05 15:32:21.553 INFO  [] -            liquibase.ui - Running Changeset: db/changelog/039-estimates-po.sql::039-03-purchase-order::averpo
2026-08-05 15:32:21.584 INFO  [] -            liquibase.changelog - Custom SQL executed
2026-08-05 15:32:21.592 INFO  [] -            liquibase.changelog - ChangeSet db/changelog/039-estimates-po.sql::039-03-purchase-order::averpo ran successfully in 38ms
2026-08-05 15:32:21.603 INFO  [] -            liquibase.ui - Running Changeset: db/changelog/039-estimates-po.sql::039-04-purchase-order-line::averpo
2026-08-05 15:32:21.618 INFO  [] -            liquibase.changelog - Custom SQL executed
2026-08-05 15:32:21.629 INFO  [] -            liquibase.changelog - ChangeSet db/changelog/039-estimates-po.sql::039-04-purchase-order-line::averpo ran successfully in 26ms
2026-08-05 15:32:21.642 INFO  [] -            liquibase.ui - Running Changeset: db/changelog/039-estimates-po.sql::039-05-est-po-sequences::averpo
2026-08-05 15:32:21.647 INFO  [] -            liquibase.changelog - Custom SQL executed
2026-08-05 15:32:21.652 INFO  [] -            liquibase.changelog - ChangeSet db/changelog/039-estimates-po.sql::039-05-est-po-sequences::averpo ran successfully in 9ms
2026-08-05 15:32:21.661 INFO  [] -            liquibase.ui - Running Changeset: db/changelog/040-drop-price-list-item-index.sql::040-drop-price-list-item-index::averpo
2026-08-05 15:32:21.666 INFO  [] -            liquibase.changelog - Custom SQL executed
2026-08-05 15:32:21.671 INFO  [] -            liquibase.changelog - ChangeSet db/changelog/040-drop-price-list-item-index.sql::040-drop-price-list-item-index::averpo ran successfully in 9ms
2026-08-05 15:32:21.680 INFO  [] -            liquibase.ui - Running Changeset: db/changelog/041-vendor-credit-refund-receipt.sql::041-01-vendor-credit::averpo
2026-08-05 15:32:21.702 INFO  [] -            liquibase.changelog - Custom SQL executed
2026-08-05 15:32:21.712 INFO  [] -            liquibase.changelog - ChangeSet db/changelog/041-vendor-credit-refund-receipt.sql::041-01-vendor-credit::averpo ran successfully in 31ms
2026-08-05 15:32:21.724 INFO  [] -            liquibase.ui - Running Changeset: db/changelog/041-vendor-credit-refund-receipt.sql::041-02-vendor-credit-line::averpo
2026-08-05 15:32:21.737 INFO  [] -            liquibase.changelog - Custom SQL executed
2026-08-05 15:32:21.746 INFO  [] -            liquibase.changelog - ChangeSet db/changelog/041-vendor-credit-refund-receipt.sql::041-02-vendor-credit-line::averpo ran successfully in 22ms
2026-08-05 15:32:21.757 INFO  [] -            liquibase.ui - Running Changeset: db/changelog/041-vendor-credit-refund-receipt.sql::041-03-vendor-credit-application::averpo
2026-08-05 15:32:21.765 INFO  [] -            liquibase.changelog - Custom SQL executed
2026-08-05 15:32:21.774 INFO  [] -            liquibase.changelog - ChangeSet db/changelog/041-vendor-credit-refund-receipt.sql::041-03-vendor-credit-application::averpo ran successfully in 17ms
2026-08-05 15:32:21.785 INFO  [] -            liquibase.ui - Running Changeset: db/changelog/041-vendor-credit-refund-receipt.sql::041-04-refund-receipt::averpo
2026-08-05 15:32:21.800 INFO  [] -            liquibase.changelog - Custom SQL executed
2026-08-05 15:32:21.809 INFO  [] -            liquibase.changelog - ChangeSet db/changelog/041-vendor-credit-refund-receipt.sql::041-04-refund-receipt::averpo ran successfully in 24ms
2026-08-05 15:32:21.823 INFO  [] -            liquibase.ui - Running Changeset: db/changelog/041-vendor-credit-refund-receipt.sql::041-05-refund-receipt-line::averpo
2026-08-05 15:32:21.840 INFO  [] -            liquibase.changelog - Custom SQL executed
2026-08-05 15:32:21.852 INFO  [] -            liquibase.changelog - ChangeSet db/changelog/041-vendor-credit-refund-receipt.sql::041-05-refund-receipt-line::averpo ran successfully in 28ms
2026-08-05 15:32:21.861 INFO  [] -            liquibase.ui - Running Changeset: db/changelog/041-vendor-credit-refund-receipt.sql::041-06-returns-sequences::averpo
2026-08-05 15:32:21.866 INFO  [] -            liquibase.changelog - Custom SQL executed
2026-08-05 15:32:21.871 INFO  [] -            liquibase.changelog - ChangeSet db/changelog/041-vendor-credit-refund-receipt.sql::041-06-returns-sequences::averpo ran successfully in 10ms
2026-08-05 15:32:21.881 INFO  [] -            liquibase.ui - Running Changeset: db/changelog/042-attachment.sql::042-01-attachment::averpo
2026-08-05 15:32:21.892 INFO  [] -            liquibase.changelog - Custom SQL executed
2026-08-05 15:32:21.902 INFO  [] -            liquibase.changelog - ChangeSet db/changelog/042-attachment.sql::042-01-attachment::averpo ran successfully in 20ms
2026-08-05 15:32:21.913 INFO  [] -            liquibase.ui - Running Changeset: db/changelog/043-payroll-employee.sql::043-01-contact-monthly-salary::averpo
2026-08-05 15:32:21.916 INFO  [] -            liquibase.changelog - Custom SQL executed
2026-08-05 15:32:21.922 INFO  [] -            liquibase.changelog - ChangeSet db/changelog/043-payroll-employee.sql::043-01-contact-monthly-salary::averpo ran successfully in 9ms
2026-08-05 15:32:21.930 INFO  [] -            liquibase.ui - Running Changeset: db/changelog/043-payroll-employee.sql::043-02-company-settings-payroll-rates::averpo
2026-08-05 15:32:21.944 INFO  [] -            liquibase.changelog - Custom SQL executed
2026-08-05 15:32:21.950 INFO  [] -            liquibase.changelog - ChangeSet db/changelog/043-payroll-employee.sql::043-02-company-settings-payroll-rates::averpo ran successfully in 19ms
2026-08-05 15:32:21.960 INFO  [] -            liquibase.ui - Running Changeset: db/changelog/043-payroll-employee.sql::043-03-payroll-accounts-seed::averpo
2026-08-05 15:32:21.978 INFO  [] -            liquibase.changelog - Custom SQL executed
2026-08-05 15:32:21.980 INFO  [] -            liquibase.changelog - ChangeSet db/changelog/043-payroll-employee.sql::043-03-payroll-accounts-seed::averpo ran successfully in 20ms
2026-08-05 15:32:21.989 INFO  [] -            liquibase.ui - Running Changeset: db/changelog/044-payroll-run.sql::044-01-payroll-run::averpo
2026-08-05 15:32:21.998 INFO  [] -            liquibase.changelog - Custom SQL executed
2026-08-05 15:32:22.008 INFO  [] -            liquibase.changelog - ChangeSet db/changelog/044-payroll-run.sql::044-01-payroll-run::averpo ran successfully in 18ms
2026-08-05 15:32:22.018 INFO  [] -            liquibase.ui - Running Changeset: db/changelog/044-payroll-run.sql::044-02-payroll-run-period-posted-unique::averpo
2026-08-05 15:32:22.024 INFO  [] -            liquibase.changelog - Custom SQL executed
2026-08-05 15:32:22.031 INFO  [] -            liquibase.changelog - ChangeSet db/changelog/044-payroll-run.sql::044-02-payroll-run-period-posted-unique::averpo ran successfully in 13ms
2026-08-05 15:32:22.043 INFO  [] -            liquibase.ui - Running Changeset: db/changelog/044-payroll-run.sql::044-03-payroll-run-line::averpo
2026-08-05 15:32:22.057 INFO  [] -            liquibase.changelog - Custom SQL executed
2026-08-05 15:32:22.067 INFO  [] -            liquibase.changelog - ChangeSet db/changelog/044-payroll-run.sql::044-03-payroll-run-line::averpo ran successfully in 24ms
2026-08-05 15:32:22.078 INFO  [] -            liquibase.ui - Running Changeset: db/changelog/044-payroll-run.sql::044-04-payroll-run-sequence::averpo
2026-08-05 15:32:22.083 INFO  [] -            liquibase.changelog - Custom SQL executed
2026-08-05 15:32:22.089 INFO  [] -            liquibase.changelog - ChangeSet db/changelog/044-payroll-run.sql::044-04-payroll-run-sequence::averpo ran successfully in 10ms
2026-08-05 15:32:22.100 INFO  [] -            liquibase.ui - Running Changeset: db/changelog/045-payroll-payment.sql::045-01-payroll-payment::averpo
2026-08-05 15:32:22.110 INFO  [] -            liquibase.changelog - Custom SQL executed
2026-08-05 15:32:22.120 INFO  [] -            liquibase.changelog - ChangeSet db/changelog/045-payroll-payment.sql::045-01-payroll-payment::averpo ran successfully in 19ms
2026-08-05 15:32:22.133 INFO  [] -            liquibase.ui - Running Changeset: db/changelog/045-payroll-payment.sql::045-02-payroll-payment-line::averpo
2026-08-05 15:32:22.144 INFO  [] -            liquibase.changelog - Custom SQL executed
2026-08-05 15:32:22.153 INFO  [] -            liquibase.changelog - ChangeSet db/changelog/045-payroll-payment.sql::045-02-payroll-payment-line::averpo ran successfully in 20ms
2026-08-05 15:32:22.163 INFO  [] -            liquibase.ui - Running Changeset: db/changelog/045-payroll-payment.sql::045-03-payroll-payment-sequence::averpo
2026-08-05 15:32:22.169 INFO  [] -            liquibase.changelog - Custom SQL executed
2026-08-05 15:32:22.175 INFO  [] -            liquibase.changelog - ChangeSet db/changelog/045-payroll-payment.sql::045-03-payroll-payment-sequence::averpo ran successfully in 11ms
2026-08-05 15:32:22.183 INFO  [] -            liquibase.ui - Running Changeset: db/changelog/046-sales-receipt.sql::046-01-sales-receipt::averpo
2026-08-05 15:32:22.194 INFO  [] -            liquibase.changelog - Custom SQL executed
2026-08-05 15:32:22.204 INFO  [] -            liquibase.changelog - ChangeSet db/changelog/046-sales-receipt.sql::046-01-sales-receipt::averpo ran successfully in 20ms
2026-08-05 15:32:22.215 INFO  [] -            liquibase.ui - Running Changeset: db/changelog/046-sales-receipt.sql::046-02-sales-receipt-line::averpo
2026-08-05 15:32:22.230 INFO  [] -            liquibase.changelog - Custom SQL executed
2026-08-05 15:32:22.239 INFO  [] -            liquibase.changelog - ChangeSet db/changelog/046-sales-receipt.sql::046-02-sales-receipt-line::averpo ran successfully in 24ms
2026-08-05 15:32:22.250 INFO  [] -            liquibase.ui - Running Changeset: db/changelog/046-sales-receipt.sql::046-03-sales-receipt-sequence::averpo
2026-08-05 15:32:22.257 INFO  [] -            liquibase.changelog - Custom SQL executed
2026-08-05 15:32:22.264 INFO  [] -            liquibase.changelog - ChangeSet db/changelog/046-sales-receipt.sql::046-03-sales-receipt-sequence::averpo ran successfully in 14ms
2026-08-05 15:32:22.275 INFO  [] -            liquibase.ui - Running Changeset: db/changelog/047-list-index-perf.sql::047-01-jel-contact-index::averpo
2026-08-05 15:32:22.281 INFO  [] -            liquibase.changelog - Custom SQL executed
2026-08-05 15:32:22.290 INFO  [] -            liquibase.changelog - ChangeSet db/changelog/047-list-index-perf.sql::047-01-jel-contact-index::averpo ran successfully in 13ms
2026-08-05 15:32:22.301 INFO  [] -            liquibase.ui - Running Changeset: db/changelog/047-list-index-perf.sql::047-02-returns-lookup-indexes::averpo
2026-08-05 15:32:22.316 INFO  [] -            liquibase.changelog - Custom SQL executed
2026-08-05 15:32:22.322 INFO  [] -            liquibase.changelog - ChangeSet db/changelog/047-list-index-perf.sql::047-02-returns-lookup-indexes::averpo ran successfully in 21ms
2026-08-05 15:32:22.333 INFO  [] -            liquibase.ui - Running Changeset: db/changelog/048-setup-done.sql::048-01-company-settings-setup-done::averpo
2026-08-05 15:32:22.341 INFO  [] -            liquibase.changelog - Custom SQL executed
2026-08-05 15:32:22.347 INFO  [] -            liquibase.changelog - ChangeSet db/changelog/048-setup-done.sql::048-01-company-settings-setup-done::averpo ran successfully in 14ms
2026-08-05 15:32:22.357 INFO  [] -            liquibase.ui - Running Changeset: db/changelog/049-stock-movement-date-index.sql::049-01-stock-movement-date-index::averpo
2026-08-05 15:32:22.363 INFO  [] -            liquibase.changelog - Custom SQL executed
2026-08-05 15:32:22.369 INFO  [] -            liquibase.changelog - ChangeSet db/changelog/049-stock-movement-date-index.sql::049-01-stock-movement-date-index::averpo ran successfully in 12ms
2026-08-05 15:32:22.378 INFO  [] -            liquibase.ui - Running Changeset: db/changelog/050-audit-user-agent.sql::050-01-audit-user-agent::averpo
2026-08-05 15:32:22.384 INFO  [] -            liquibase.changelog - Custom SQL executed
2026-08-05 15:32:22.391 INFO  [] -            liquibase.changelog - ChangeSet db/changelog/050-audit-user-agent.sql::050-01-audit-user-agent::averpo ran successfully in 13ms
2026-08-05 15:32:22.401 INFO  [] -            liquibase.ui - Running Changeset: db/changelog/051-returns-family-invariants.sql::051-01-returns-family-rate-check::averpo
2026-08-05 15:32:22.411 INFO  [] -            liquibase.changelog - Custom SQL executed
2026-08-05 15:32:22.418 INFO  [] -            liquibase.changelog - ChangeSet db/changelog/051-returns-family-invariants.sql::051-01-returns-family-rate-check::averpo ran successfully in 17ms
2026-08-05 15:32:22.435 INFO  [] -            liquibase.ui - Running Changeset: db/changelog/051-returns-family-invariants.sql::051-02-sales-receipt-line-price-precision::averpo
2026-08-05 15:32:22.443 INFO  [] -            liquibase.changelog - Custom SQL executed
2026-08-05 15:32:22.453 INFO  [] -            liquibase.changelog - ChangeSet db/changelog/051-returns-family-invariants.sql::051-02-sales-receipt-line-price-precision::averpo ran successfully in 17ms
2026-08-05 15:32:22.463 INFO  [] -            liquibase.ui - Running Changeset: db/changelog/051-returns-family-invariants.sql::051-03-payroll-gross-check::averpo
2026-08-05 15:32:22.468 INFO  [] -            liquibase.changelog - Custom SQL executed
2026-08-05 15:32:22.474 INFO  [] -            liquibase.changelog - ChangeSet db/changelog/051-returns-family-invariants.sql::051-03-payroll-gross-check::averpo ran successfully in 11ms
2026-08-05 15:32:22.485 INFO  [] -            liquibase.ui - Running Changeset: db/changelog/052-user-roles-migration.sql::052-01-user-roles-migration::averpo
2026-08-05 15:32:22.495 INFO  [] -            liquibase.changelog - Custom SQL executed
2026-08-05 15:32:22.497 INFO  [] -            liquibase.changelog - ChangeSet db/changelog/052-user-roles-migration.sql::052-01-user-roles-migration::averpo ran successfully in 12ms
2026-08-05 15:32:22.512 INFO  [] -            liquibase.ui - Running Changeset: db/changelog/053-audit-ipv4-country.sql::053-01-audit-ipv4-country::averpo
2026-08-05 15:32:22.521 INFO  [] -            liquibase.changelog - Custom SQL executed
2026-08-05 15:32:22.527 INFO  [] -            liquibase.changelog - ChangeSet db/changelog/053-audit-ipv4-country.sql::053-01-audit-ipv4-country::averpo ran successfully in 14ms
2026-08-05 15:32:22.538 INFO  [] -            liquibase.ui - Running Changeset: db/changelog/054-company-info.sql::054-company-info::averpo
2026-08-05 15:32:22.575 INFO  [] -            liquibase.changelog - Custom SQL executed
2026-08-05 15:32:22.587 INFO  [] -            liquibase.changelog - ChangeSet db/changelog/054-company-info.sql::054-company-info::averpo ran successfully in 48ms
2026-08-05 15:32:22.598 INFO  [] -            liquibase.ui - Running Changeset: db/changelog/056-stock-document.sql::056-01-stock-adjustment::averpo
2026-08-05 15:32:22.608 INFO  [] -            liquibase.changelog - Custom SQL executed
2026-08-05 15:32:22.618 INFO  [] -            liquibase.changelog - ChangeSet db/changelog/056-stock-document.sql::056-01-stock-adjustment::averpo ran successfully in 20ms
2026-08-05 15:32:22.629 INFO  [] -            liquibase.ui - Running Changeset: db/changelog/056-stock-document.sql::056-02-stock-adjustment-line::averpo
2026-08-05 15:32:22.645 INFO  [] -            liquibase.changelog - Custom SQL executed
2026-08-05 15:32:22.655 INFO  [] -            liquibase.changelog - ChangeSet db/changelog/056-stock-document.sql::056-02-stock-adjustment-line::averpo ran successfully in 26ms
2026-08-05 15:32:22.668 INFO  [] -            liquibase.ui - Running Changeset: db/changelog/056-stock-document.sql::056-03-stock-transfer::averpo
2026-08-05 15:32:22.678 INFO  [] -            liquibase.changelog - Custom SQL executed
2026-08-05 15:32:22.687 INFO  [] -            liquibase.changelog - ChangeSet db/changelog/056-stock-document.sql::056-03-stock-transfer::averpo ran successfully in 19ms
2026-08-05 15:32:22.697 INFO  [] -            liquibase.ui - Running Changeset: db/changelog/056-stock-document.sql::056-04-stock-transfer-line::averpo
2026-08-05 15:32:22.716 INFO  [] -            liquibase.changelog - Custom SQL executed
2026-08-05 15:32:22.726 INFO  [] -            liquibase.changelog - ChangeSet db/changelog/056-stock-document.sql::056-04-stock-transfer-line::averpo ran successfully in 27ms
2026-08-05 15:32:22.737 INFO  [] -            liquibase.ui - Running Changeset: db/changelog/056-stock-document.sql::056-05-stock-document-sequence::averpo
2026-08-05 15:32:22.743 INFO  [] -            liquibase.changelog - Custom SQL executed
2026-08-05 15:32:22.749 INFO  [] -            liquibase.changelog - ChangeSet db/changelog/056-stock-document.sql::056-05-stock-document-sequence::averpo ran successfully in 12ms
2026-08-05 15:32:22.758 INFO  [] -            liquibase.ui - Running Changeset: db/changelog/057-app-user-profile.sql::057-app-user-profile::averpo
2026-08-05 15:32:22.785 INFO  [] -            liquibase.changelog - Custom SQL executed
2026-08-05 15:32:22.795 INFO  [] -            liquibase.changelog - ChangeSet db/changelog/057-app-user-profile.sql::057-app-user-profile::averpo ran successfully in 37ms
2026-08-05 15:32:22.806 INFO  [] -            liquibase.ui - Running Changeset: db/changelog/059-telegram.sql::059-01-telegram-settings::averpo
2026-08-05 15:32:22.815 INFO  [] -            liquibase.changelog - Custom SQL executed
2026-08-05 15:32:22.824 INFO  [] -            liquibase.changelog - ChangeSet db/changelog/059-telegram.sql::059-01-telegram-settings::averpo ran successfully in 18ms
2026-08-05 15:32:22.835 INFO  [] -            liquibase.ui - Running Changeset: db/changelog/059-telegram.sql::059-02-app-user-telegram::averpo
2026-08-05 15:32:22.849 INFO  [] -            liquibase.changelog - Custom SQL executed
2026-08-05 15:32:22.856 INFO  [] -            liquibase.changelog - ChangeSet db/changelog/059-telegram.sql::059-02-app-user-telegram::averpo ran successfully in 19ms
2026-08-05 15:32:22.869 INFO  [] -            liquibase.ui - Running Changeset: db/changelog/060-stock-external-ref.sql::060-01-stock-adjustment-external-ref::averpo
2026-08-05 15:32:22.874 INFO  [] -            liquibase.changelog - Custom SQL executed
2026-08-05 15:32:22.879 INFO  [] -            liquibase.changelog - ChangeSet db/changelog/060-stock-external-ref.sql::060-01-stock-adjustment-external-ref::averpo ran successfully in 10ms
2026-08-05 15:32:22.889 INFO  [] -            liquibase.ui - Running Changeset: db/changelog/060-stock-external-ref.sql::060-02-stock-transfer-external-ref::averpo
2026-08-05 15:32:22.894 INFO  [] -            liquibase.changelog - Custom SQL executed
2026-08-05 15:32:22.899 INFO  [] -            liquibase.changelog - ChangeSet db/changelog/060-stock-external-ref.sql::060-02-stock-transfer-external-ref::averpo ran successfully in 9ms
2026-08-05 15:32:22.911 INFO  [] -            liquibase.ui - Running Changeset: db/changelog/061-indexes.sql::061-01-list-filter-indexes::averpo
2026-08-05 15:32:22.954 INFO  [] -            liquibase.changelog - Custom SQL executed
2026-08-05 15:32:22.962 INFO  [] -            liquibase.changelog - ChangeSet db/changelog/061-indexes.sql::061-01-list-filter-indexes::averpo ran successfully in 50ms
2026-08-05 15:32:22.973 INFO  [] -            liquibase.ui - Running Changeset: db/changelog/065-plugins.sql::065-01-plugin-state::averpo
2026-08-05 15:32:22.980 INFO  [] -            liquibase.changelog - Custom SQL executed
2026-08-05 15:32:22.989 INFO  [] -            liquibase.changelog - ChangeSet db/changelog/065-plugins.sql::065-01-plugin-state::averpo ran successfully in 15ms
2026-08-05 15:32:23.007 INFO  [] -            liquibase.ui - Running Changeset: db/changelog/066-refinement.sql::066-refinement::averpo
2026-08-05 15:32:23.019 INFO  [] -            liquibase.changelog - Custom SQL executed
2026-08-05 15:32:23.025 INFO  [] -            liquibase.changelog - ChangeSet db/changelog/066-refinement.sql::066-refinement::averpo ran successfully in 17ms
2026-08-05 15:32:23.035 INFO  [] -            liquibase.ui - Running Changeset: db/changelog/068-telegram-webhook.sql::068-telegram-webhook::averpo
2026-08-05 15:32:23.042 INFO  [] -            liquibase.changelog - Custom SQL executed
2026-08-05 15:32:23.048 INFO  [] -            liquibase.changelog - ChangeSet db/changelog/068-telegram-webhook.sql::068-telegram-webhook::averpo ran successfully in 11ms
2026-08-05 15:32:23.064 INFO  [] -            liquibase.util - UPDATE SUMMARY
2026-08-05 15:32:23.064 INFO  [] -            liquibase.util - Run:                        142
2026-08-05 15:32:23.064 INFO  [] -            liquibase.util - Previously run:               0
2026-08-05 15:32:23.064 INFO  [] -            liquibase.util - Filtered out:                 0
2026-08-05 15:32:23.064 INFO  [] -            liquibase.util - -------------------------------
2026-08-05 15:32:23.064 INFO  [] -            liquibase.util - Total change sets:          142
2026-08-05 15:32:23.065 INFO  [] -            liquibase.util - Update summary generated
2026-08-05 15:32:23.070 INFO  [] -            liquibase.command - Update command completed successfully.
2026-08-05 15:32:23.070 INFO  [] -            liquibase.ui - Liquibase: Update has been successful. Rows affected: 40
2026-08-05 15:32:23.081 INFO  [] -            liquibase.lockservice - Successfully released change log lock
2026-08-05 15:32:23.084 INFO  [] -            liquibase.command - Command execution complete
2026-08-05 15:32:26.111 INFO  [] -            o.s.o.j.p.SpringPersistenceUnitInfo - No LoadTimeWeaver setup: ignoring JPA class transformer
2026-08-05 15:32:29.744 INFO  [] -            o.s.o.j.LocalContainerEntityManagerFactoryBean - Initialized JPA EntityManagerFactory for persistence unit 'default'
2026-08-05 15:32:29.945 INFO  [] -            o.s.d.j.r.q.QueryEnhancerFactories - Hibernate is in classpath; If applicable, HQL parser will be used.
2026-08-05 15:32:36.594 INFO  [] -            o.a.coyote.http11.Http11NioProtocol - Starting ProtocolHandler ["http-nio-8090"]
2026-08-05 15:32:36.620 INFO  [] -            o.s.boot.tomcat.TomcatWebServer - Tomcat started on port 8090 (http) with context path '/'
2026-08-05 15:32:36.624 INFO  [] -            c.a.e.p.t.service.TelegramPoller - Telegram poller ишга тушди
2026-08-05 15:32:36.644 INFO  [] -            com.averpo.erp.AverpoApplication - Started AverpoApplication in 24.366 seconds (process running for 25.092)
2026-08-05 15:32:36.789 INFO  [] -            o.a.c.c.C.[Tomcat].[localhost].[/] - Initializing Spring DispatcherServlet 'dispatcherServlet'
2026-08-05 15:32:36.789 INFO  [] -            o.s.web.servlet.DispatcherServlet - Initializing Servlet 'dispatcherServlet'
2026-08-05 15:32:36.793 INFO  [] -            o.s.web.servlet.DispatcherServlet - Completed initialization in 3 ms
2026-08-05 15:32:37.299 INFO  [] -            c.a.e.i.c.DefaultUnitsInitializer - Янги ўрнатиш: стандарт UOM гуруҳлари автоматик ўрнатилди
2026-08-05 15:32:37.631 INFO  [] -            c.a.e.l.c.DefaultChartInitializer - Янги ўрнатиш: default счётлар режаси автоматик юкланди (51 счёт)
2026-08-05 15:32:37.641 WARN  [] -            c.a.e.s.config.AdminUserInitializer - ДИҚҚАТ: admin фойдаланувчиси DEV DEFAULT парол билан яратилди. Production'da AVERPO_ADMIN_PASSWORD env бериш ШАРТ!
2026-08-05 15:32:37.793 INFO  [] -            c.a.e.shared.config.StartupUrlLogger - Илова тайёр: http://localhost:8090
2026-08-05 15:48:20.140 INFO  [] -            com.averpo.erp.AverpoApplication - Starting AverpoApplication using Java 21.0.9 with PID 124264 (D:\Averpo\averpo-erp-web-tech-award\build\classes\java\main started by nurmu in D:\Averpo\averpo-erp-web-tech-award)
2026-08-05 15:48:20.144 INFO  [] -            com.averpo.erp.AverpoApplication - The following 2 profiles are active: "dev", "demo"
2026-08-05 15:48:21.454 INFO  [] -            o.s.d.r.c.RepositoryConfigurationDelegate - Bootstrapping Spring Data JPA repositories in DEFAULT mode.
2026-08-05 15:48:21.813 INFO  [] -            o.s.d.r.c.RepositoryConfigurationDelegate - Finished Spring Data repository scanning in 332 ms. Found 56 JPA repository interfaces.
2026-08-05 15:48:23.112 INFO  [] -            o.s.boot.tomcat.TomcatWebServer - Tomcat initialized with port 8091 (http)
2026-08-05 15:48:23.143 INFO  [] -            o.a.coyote.http11.Http11NioProtocol - Initializing ProtocolHandler ["http-nio-8091"]
2026-08-05 15:48:23.148 INFO  [] -            o.a.catalina.core.StandardService - Starting service [Tomcat]
2026-08-05 15:48:23.148 INFO  [] -            o.a.catalina.core.StandardEngine - Starting Servlet engine: [Apache Tomcat/11.0.14]
2026-08-05 15:48:23.323 INFO  [] -            o.s.b.w.c.s.WebApplicationContextInitializer - Root WebApplicationContext: initialization completed in 3127 ms
2026-08-05 15:48:23.633 INFO  [] -            com.zaxxer.hikari.HikariDataSource - HikariPool-1 - Starting...
2026-08-05 15:48:23.941 INFO  [] -            com.zaxxer.hikari.pool.HikariPool - HikariPool-1 - Added connection org.postgresql.jdbc.PgConnection@29f3185c
2026-08-05 15:48:23.949 INFO  [] -            com.zaxxer.hikari.HikariDataSource - HikariPool-1 - Start completed.
2026-08-05 15:48:24.309 INFO  [] -            liquibase.database - Set default schema name to public
2026-08-05 15:48:24.739 INFO  [] -            liquibase.changelog - Creating database changelog table with name: public.databasechangelog
2026-08-05 15:48:24.817 INFO  [] -            liquibase.changelog - Reading from public.databasechangelog
2026-08-05 15:48:25.116 INFO  [] -            liquibase.snapshot - Creating snapshot
2026-08-05 15:48:25.292 INFO  [] -            liquibase.lockservice - Successfully acquired change log lock
2026-08-05 15:48:25.296 INFO  [] -            liquibase.command - Using deploymentId: 5926903592
2026-08-05 15:48:25.302 INFO  [] -            liquibase.changelog - Reading from public.databasechangelog
2026-08-05 15:48:25.384 INFO  [] -            liquibase.ui - Running Changeset: db/changelog/001-shared.sql::001-exchange-rate::erp
2026-08-05 15:48:25.418 INFO  [] -            liquibase.changelog - Custom SQL executed
2026-08-05 15:48:25.424 INFO  [] -            liquibase.changelog - ChangeSet db/changelog/001-shared.sql::001-exchange-rate::erp ran successfully in 37ms
2026-08-05 15:48:25.437 INFO  [] -            liquibase.ui - Running Changeset: db/changelog/002-company-settings.sql::002-company-settings::averpo
2026-08-05 15:48:25.448 INFO  [] -            liquibase.changelog - Custom SQL executed
2026-08-05 15:48:25.452 INFO  [] -            liquibase.changelog - ChangeSet db/changelog/002-company-settings.sql::002-company-settings::averpo ran successfully in 15ms
2026-08-05 15:48:25.459 INFO  [] -            liquibase.ui - Running Changeset: db/changelog/003-ledger.sql::003-account::averpo
2026-08-05 15:48:25.483 INFO  [] -            liquibase.changelog - Custom SQL executed
2026-08-05 15:48:25.487 INFO  [] -            liquibase.changelog - ChangeSet db/changelog/003-ledger.sql::003-account::averpo ran successfully in 28ms
2026-08-05 15:48:25.493 INFO  [] -            liquibase.ui - Running Changeset: db/changelog/003-ledger.sql::004-journal-entry::averpo
2026-08-05 15:48:25.516 INFO  [] -            liquibase.changelog - Custom SQL executed
2026-08-05 15:48:25.520 INFO  [] -            liquibase.changelog - ChangeSet db/changelog/003-ledger.sql::004-journal-entry::averpo ran successfully in 26ms
2026-08-05 15:48:25.529 INFO  [] -            liquibase.ui - Running Changeset: db/changelog/003-ledger.sql::005-journal-entry-line::averpo
2026-08-05 15:48:25.547 INFO  [] -            liquibase.changelog - Custom SQL executed
2026-08-05 15:48:25.550 INFO  [] -            liquibase.changelog - ChangeSet db/changelog/003-ledger.sql::005-journal-entry-line::averpo ran successfully in 20ms
2026-08-05 15:48:25.559 INFO  [] -            liquibase.ui - Running Changeset: db/changelog/004-currency.sql::006-currency::averpo
2026-08-05 15:48:25.567 INFO  [] -            liquibase.changelog - Custom SQL executed
2026-08-05 15:48:25.570 INFO  [] -            liquibase.changelog - ChangeSet db/changelog/004-currency.sql::006-currency::averpo ran successfully in 11ms
2026-08-05 15:48:25.577 INFO  [] -            liquibase.ui - Running Changeset: db/changelog/004-currency.sql::007-currency-seed::averpo
2026-08-05 15:48:25.587 INFO  [] -            liquibase.changelog - Custom SQL executed
2026-08-05 15:48:25.590 INFO  [] -            liquibase.changelog - ChangeSet db/changelog/004-currency.sql::007-currency-seed::averpo ran successfully in 12ms
2026-08-05 15:48:25.595 INFO  [] -            liquibase.ui - Running Changeset: db/changelog/005-rate-scale.sql::008-rate-scale-12::averpo
2026-08-05 15:48:25.612 INFO  [] -            liquibase.changelog - Custom SQL executed
2026-08-05 15:48:25.617 INFO  [] -            liquibase.changelog - ChangeSet db/changelog/005-rate-scale.sql::008-rate-scale-12::averpo ran successfully in 21ms
2026-08-05 15:48:25.624 INFO  [] -            liquibase.ui - Running Changeset: db/changelog/006-jel-constraints.sql::009-jel-constraints::averpo
2026-08-05 15:48:25.633 INFO  [] -            liquibase.changelog - Custom SQL executed
2026-08-05 15:48:25.636 INFO  [] -            liquibase.changelog - ChangeSet db/changelog/006-jel-constraints.sql::009-jel-constraints::averpo ran successfully in 11ms
2026-08-05 15:48:25.643 INFO  [] -            liquibase.ui - Running Changeset: db/changelog/007-contact.sql::010-payment-term::averpo
2026-08-05 15:48:25.649 INFO  [] -            liquibase.changelog - Custom SQL executed
2026-08-05 15:48:25.653 INFO  [] -            liquibase.changelog - ChangeSet db/changelog/007-contact.sql::010-payment-term::averpo ran successfully in 9ms
2026-08-05 15:48:25.661 INFO  [] -            liquibase.ui - Running Changeset: db/changelog/007-contact.sql::011-payment-term-seed::averpo
2026-08-05 15:48:25.669 INFO  [] -            liquibase.changelog - Custom SQL executed
2026-08-05 15:48:25.673 INFO  [] -            liquibase.changelog - ChangeSet db/changelog/007-contact.sql::011-payment-term-seed::averpo ran successfully in 11ms
2026-08-05 15:48:25.680 INFO  [] -            liquibase.ui - Running Changeset: db/changelog/007-contact.sql::012-contact::averpo
2026-08-05 15:48:25.693 INFO  [] -            liquibase.changelog - Custom SQL executed
2026-08-05 15:48:25.698 INFO  [] -            liquibase.changelog - ChangeSet db/changelog/007-contact.sql::012-contact::averpo ran successfully in 18ms
2026-08-05 15:48:25.708 INFO  [] -            liquibase.ui - Running Changeset: db/changelog/008-item.sql::013-unit::averpo
2026-08-05 15:48:25.717 INFO  [] -            liquibase.changelog - Custom SQL executed
2026-08-05 15:48:25.720 INFO  [] -            liquibase.changelog - ChangeSet db/changelog/008-item.sql::013-unit::averpo ran successfully in 12ms
2026-08-05 15:48:25.729 INFO  [] -            liquibase.ui - Running Changeset: db/changelog/008-item.sql::014-unit-seed::averpo
2026-08-05 15:48:25.739 INFO  [] -            liquibase.changelog - Custom SQL executed
2026-08-05 15:48:25.743 INFO  [] -            liquibase.changelog - ChangeSet db/changelog/008-item.sql::014-unit-seed::averpo ran successfully in 13ms
2026-08-05 15:48:25.753 INFO  [] -            liquibase.ui - Running Changeset: db/changelog/008-item.sql::015-item-category::averpo
2026-08-05 15:48:25.765 INFO  [] -            liquibase.changelog - Custom SQL executed
2026-08-05 15:48:25.769 INFO  [] -            liquibase.changelog - ChangeSet db/changelog/008-item.sql::015-item-category::averpo ran successfully in 15ms
2026-08-05 15:48:25.777 INFO  [] -            liquibase.ui - Running Changeset: db/changelog/008-item.sql::016-item::averpo
2026-08-05 15:48:25.801 INFO  [] -            liquibase.changelog - Custom SQL executed
2026-08-05 15:48:25.805 INFO  [] -            liquibase.changelog - ChangeSet db/changelog/008-item.sql::016-item::averpo ran successfully in 28ms
2026-08-05 15:48:25.812 INFO  [] -            liquibase.ui - Running Changeset: db/changelog/009-jel-constraints-v2.sql::017-jel-constraints-v2::averpo
2026-08-05 15:48:25.824 INFO  [] -            liquibase.changelog - Custom SQL executed
2026-08-05 15:48:25.828 INFO  [] -            liquibase.changelog - ChangeSet db/changelog/009-jel-constraints-v2.sql::017-jel-constraints-v2::averpo ran successfully in 16ms
2026-08-05 15:48:25.836 INFO  [] -            liquibase.ui - Running Changeset: db/changelog/010-currency-fk.sql::018-account-currency-fk::averpo
2026-08-05 15:48:25.849 INFO  [] -            liquibase.changelog - Custom SQL executed
2026-08-05 15:48:25.853 INFO  [] -            liquibase.changelog - ChangeSet db/changelog/010-currency-fk.sql::018-account-currency-fk::averpo ran successfully in 17ms
2026-08-05 15:48:25.861 INFO  [] -            liquibase.ui - Running Changeset: db/changelog/010-currency-fk.sql::019-company-settings-currency-fk::averpo
2026-08-05 15:48:25.877 INFO  [] -            liquibase.changelog - Custom SQL executed
2026-08-05 15:48:25.880 INFO  [] -            liquibase.changelog - ChangeSet db/changelog/010-currency-fk.sql::019-company-settings-currency-fk::averpo ran successfully in 18ms
2026-08-05 15:48:25.886 INFO  [] -            liquibase.ui - Running Changeset: db/changelog/010-currency-fk.sql::020-contact-currency-fk::averpo
2026-08-05 15:48:25.895 INFO  [] -            liquibase.changelog - Custom SQL executed
2026-08-05 15:48:25.905 INFO  [] -            liquibase.changelog - ChangeSet db/changelog/010-currency-fk.sql::020-contact-currency-fk::averpo ran successfully in 16ms
2026-08-05 15:48:25.913 INFO  [] -            liquibase.ui - Running Changeset: db/changelog/010-currency-fk.sql::021-exchange-rate-currency-fk::averpo
2026-08-05 15:48:25.932 INFO  [] -            liquibase.changelog - Custom SQL executed
2026-08-05 15:48:25.935 INFO  [] -            liquibase.changelog - ChangeSet db/changelog/010-currency-fk.sql::021-exchange-rate-currency-fk::averpo ran successfully in 21ms
2026-08-05 15:48:25.942 INFO  [] -            liquibase.ui - Running Changeset: db/changelog/011-app-user.sql::022-app-user::averpo
2026-08-05 15:48:25.952 INFO  [] -            liquibase.changelog - Custom SQL executed
2026-08-05 15:48:25.956 INFO  [] -            liquibase.changelog - ChangeSet db/changelog/011-app-user.sql::022-app-user::averpo ran successfully in 13ms
2026-08-05 15:48:25.960 INFO  [] -            liquibase.ui - Running Changeset: db/changelog/012-inventory-valuation.sql::023-inventory-valuation::averpo
2026-08-05 15:48:25.967 INFO  [] -            liquibase.changelog - Custom SQL executed
2026-08-05 15:48:25.970 INFO  [] -            liquibase.changelog - ChangeSet db/changelog/012-inventory-valuation.sql::023-inventory-valuation::averpo ran successfully in 10ms
2026-08-05 15:48:25.976 INFO  [] -            liquibase.ui - Running Changeset: db/changelog/013-je-source-unique.sql::013-01-je-reversal-of::averpo
2026-08-05 15:48:25.983 INFO  [] -            liquibase.changelog - Custom SQL executed
2026-08-05 15:48:25.986 INFO  [] -            liquibase.changelog - ChangeSet db/changelog/013-je-source-unique.sql::013-01-je-reversal-of::averpo ran successfully in 9ms
2026-08-05 15:48:25.992 INFO  [] -            liquibase.ui - Running Changeset: db/changelog/013-je-source-unique.sql::013-02-je-source-partial-unique::averpo
2026-08-05 15:48:25.997 INFO  [] -            liquibase.changelog - Custom SQL executed
2026-08-05 15:48:26.002 INFO  [] -            liquibase.changelog - ChangeSet db/changelog/013-je-source-unique.sql::013-02-je-source-partial-unique::averpo ran successfully in 9ms
2026-08-05 15:48:26.009 INFO  [] -            liquibase.ui - Running Changeset: db/changelog/013-je-source-unique.sql::013-03-jel-rate-positive::averpo
2026-08-05 15:48:26.017 INFO  [] -            liquibase.changelog - Custom SQL executed
2026-08-05 15:48:26.020 INFO  [] -            liquibase.changelog - ChangeSet db/changelog/013-je-source-unique.sql::013-03-jel-rate-positive::averpo ran successfully in 11ms
2026-08-05 15:48:26.026 INFO  [] -            liquibase.ui - Running Changeset: db/changelog/014-document-sequence.sql::014-01-document-sequence::averpo
2026-08-05 15:48:26.036 INFO  [] -            liquibase.changelog - Custom SQL executed
2026-08-05 15:48:26.040 INFO  [] -            liquibase.changelog - ChangeSet db/changelog/014-document-sequence.sql::014-01-document-sequence::averpo ran successfully in 13ms
2026-08-05 15:48:26.048 INFO  [] -            liquibase.ui - Running Changeset: db/changelog/014-document-sequence.sql::014-02-document-sequence-seed::averpo
2026-08-05 15:48:26.060 INFO  [] -            liquibase.changelog - Custom SQL executed
2026-08-05 15:48:26.063 INFO  [] -            liquibase.changelog - ChangeSet db/changelog/014-document-sequence.sql::014-02-document-sequence-seed::averpo ran successfully in 15ms
2026-08-05 15:48:26.069 INFO  [] -            liquibase.ui - Running Changeset: db/changelog/014-document-sequence.sql::014-03-drop-je-number-seq::averpo
2026-08-05 15:48:26.074 INFO  [] -            liquibase.changelog - Custom SQL executed
2026-08-05 15:48:26.078 INFO  [] -            liquibase.changelog - ChangeSet db/changelog/014-document-sequence.sql::014-03-drop-je-number-seq::averpo ran successfully in 7ms
2026-08-05 15:48:26.084 INFO  [] -            liquibase.ui - Running Changeset: db/changelog/015-closing-date.sql::015-01-company-settings-closing-date::averpo
2026-08-05 15:48:26.088 INFO  [] -            liquibase.changelog - Custom SQL executed
2026-08-05 15:48:26.090 INFO  [] -            liquibase.changelog - ChangeSet db/changelog/015-closing-date.sql::015-01-company-settings-closing-date::averpo ran successfully in 6ms
2026-08-05 15:48:26.096 INFO  [] -            liquibase.ui - Running Changeset: db/changelog/016-contact-extension.sql::016-01-contact-tax-credit::averpo
2026-08-05 15:48:26.103 INFO  [] -            liquibase.changelog - Custom SQL executed
2026-08-05 15:48:26.106 INFO  [] -            liquibase.changelog - ChangeSet db/changelog/016-contact-extension.sql::016-01-contact-tax-credit::averpo ran successfully in 10ms
2026-08-05 15:48:26.112 INFO  [] -            liquibase.ui - Running Changeset: db/changelog/016-contact-extension.sql::016-02-contact-address::averpo
2026-08-05 15:48:26.124 INFO  [] -            liquibase.changelog - Custom SQL executed
2026-08-05 15:48:26.125 INFO  [] -            liquibase.changelog - ChangeSet db/changelog/016-contact-extension.sql::016-02-contact-address::averpo ran successfully in 13ms
2026-08-05 15:48:26.132 INFO  [] -            liquibase.ui - Running Changeset: db/changelog/016-contact-extension.sql::016-03-contact-person::averpo
2026-08-05 15:48:26.142 INFO  [] -            liquibase.changelog - Custom SQL executed
2026-08-05 15:48:26.145 INFO  [] -            liquibase.changelog - ChangeSet db/changelog/016-contact-extension.sql::016-03-contact-person::averpo ran successfully in 13ms
2026-08-05 15:48:26.152 INFO  [] -            liquibase.ui - Running Changeset: db/changelog/016-contact-extension.sql::016-04-contact-bank-account::averpo
2026-08-05 15:48:26.168 INFO  [] -            liquibase.changelog - Custom SQL executed
2026-08-05 15:48:26.173 INFO  [] -            liquibase.changelog - ChangeSet db/changelog/016-contact-extension.sql::016-04-contact-bank-account::averpo ran successfully in 21ms
2026-08-05 15:48:26.180 INFO  [] -            liquibase.ui - Running Changeset: db/changelog/016-contact-extension.sql::016-05-contact-address-migrate::averpo
2026-08-05 15:48:26.194 INFO  [] -            liquibase.changelog - Custom SQL executed
2026-08-05 15:48:26.198 INFO  [] -            liquibase.changelog - ChangeSet db/changelog/016-contact-extension.sql::016-05-contact-address-migrate::averpo ran successfully in 18ms
2026-08-05 15:48:26.204 INFO  [] -            liquibase.ui - Running Changeset: db/changelog/017-inventory.sql::017-01-warehouse::averpo
2026-08-05 15:48:26.213 INFO  [] -            liquibase.changelog - Custom SQL executed
2026-08-05 15:48:26.216 INFO  [] -            liquibase.changelog - ChangeSet db/changelog/017-inventory.sql::017-01-warehouse::averpo ran successfully in 12ms
2026-08-05 15:48:26.222 INFO  [] -            liquibase.ui - Running Changeset: db/changelog/017-inventory.sql::017-02-warehouse-seed::averpo
2026-08-05 15:48:26.229 INFO  [] -            liquibase.changelog - Custom SQL executed
2026-08-05 15:48:26.233 INFO  [] -            liquibase.changelog - ChangeSet db/changelog/017-inventory.sql::017-02-warehouse-seed::averpo ran successfully in 11ms
2026-08-05 15:48:26.240 INFO  [] -            liquibase.ui - Running Changeset: db/changelog/017-inventory.sql::017-03-stock-movement::averpo
2026-08-05 15:48:26.257 INFO  [] -            liquibase.changelog - Custom SQL executed
2026-08-05 15:48:26.261 INFO  [] -            liquibase.changelog - ChangeSet db/changelog/017-inventory.sql::017-03-stock-movement::averpo ran successfully in 21ms
2026-08-05 15:48:26.267 INFO  [] -            liquibase.ui - Running Changeset: db/changelog/017-inventory.sql::017-04-stock-balance::averpo
2026-08-05 15:48:26.277 INFO  [] -            liquibase.changelog - Custom SQL executed
2026-08-05 15:48:26.280 INFO  [] -            liquibase.changelog - ChangeSet db/changelog/017-inventory.sql::017-04-stock-balance::averpo ran successfully in 12ms
2026-08-05 15:48:26.287 INFO  [] -            liquibase.ui - Running Changeset: db/changelog/017-inventory.sql::017-05-cost-layer::averpo
2026-08-05 15:48:26.302 INFO  [] -            liquibase.changelog - Custom SQL executed
2026-08-05 15:48:26.305 INFO  [] -            liquibase.changelog - ChangeSet db/changelog/017-inventory.sql::017-05-cost-layer::averpo ran successfully in 18ms
2026-08-05 15:48:26.311 INFO  [] -            liquibase.ui - Running Changeset: db/changelog/017-inventory.sql::017-06-cost-layer-consumption::averpo
2026-08-05 15:48:26.322 INFO  [] -            liquibase.changelog - Custom SQL executed
2026-08-05 15:48:26.325 INFO  [] -            liquibase.changelog - ChangeSet db/changelog/017-inventory.sql::017-06-cost-layer-consumption::averpo ran successfully in 14ms
2026-08-05 15:48:26.332 INFO  [] -            liquibase.ui - Running Changeset: db/changelog/018-detail-type-rename.sql::018-01-detail-type-rename::averpo
2026-08-05 15:48:26.347 INFO  [] -            liquibase.changelog - Custom SQL executed
2026-08-05 15:48:26.348 INFO  [] -            liquibase.changelog - ChangeSet db/changelog/018-detail-type-rename.sql::018-01-detail-type-rename::averpo ran successfully in 16ms
2026-08-05 15:48:26.354 INFO  [] -            liquibase.ui - Running Changeset: db/changelog/019-purchases.sql::019-01-bill::averpo
2026-08-05 15:48:26.377 INFO  [] -            liquibase.changelog - Custom SQL executed
2026-08-05 15:48:26.381 INFO  [] -            liquibase.changelog - ChangeSet db/changelog/019-purchases.sql::019-01-bill::averpo ran successfully in 26ms
2026-08-05 15:48:26.387 INFO  [] -            liquibase.ui - Running Changeset: db/changelog/019-purchases.sql::019-02-bill-line::averpo
2026-08-05 15:48:26.403 INFO  [] -            liquibase.changelog - Custom SQL executed
2026-08-05 15:48:26.407 INFO  [] -            liquibase.changelog - ChangeSet db/changelog/019-purchases.sql::019-02-bill-line::averpo ran successfully in 20ms
2026-08-05 15:48:26.414 INFO  [] -            liquibase.ui - Running Changeset: db/changelog/019-purchases.sql::019-03-bill-payment::averpo
2026-08-05 15:48:26.430 INFO  [] -            liquibase.changelog - Custom SQL executed
2026-08-05 15:48:26.435 INFO  [] -            liquibase.changelog - ChangeSet db/changelog/019-purchases.sql::019-03-bill-payment::averpo ran successfully in 19ms
2026-08-05 15:48:26.441 INFO  [] -            liquibase.ui - Running Changeset: db/changelog/019-purchases.sql::019-04-bill-payment-allocation::averpo
2026-08-05 15:48:26.451 INFO  [] -            liquibase.changelog - Custom SQL executed
2026-08-05 15:48:26.455 INFO  [] -            liquibase.changelog - ChangeSet db/changelog/019-purchases.sql::019-04-bill-payment-allocation::averpo ran successfully in 13ms
2026-08-05 15:48:26.461 INFO  [] -            liquibase.ui - Running Changeset: db/changelog/020-landed-cost.sql::020-01-landed-cost-allocation::averpo
2026-08-05 15:48:26.472 INFO  [] -            liquibase.changelog - Custom SQL executed
2026-08-05 15:48:26.475 INFO  [] -            liquibase.changelog - ChangeSet db/changelog/020-landed-cost.sql::020-01-landed-cost-allocation::averpo ran successfully in 13ms
2026-08-05 15:48:26.480 INFO  [] -            liquibase.ui - Running Changeset: db/changelog/020-landed-cost.sql::020-02-landed-cost-allocation-line::averpo
2026-08-05 15:48:26.495 INFO  [] -            liquibase.changelog - Custom SQL executed
2026-08-05 15:48:26.499 INFO  [] -            liquibase.changelog - ChangeSet db/changelog/020-landed-cost.sql::020-02-landed-cost-allocation-line::averpo ran successfully in 17ms
2026-08-05 15:48:26.505 INFO  [] -            liquibase.ui - Running Changeset: db/changelog/020-landed-cost.sql::020-03-landed-cost-sequence::averpo
2026-08-05 15:48:26.510 INFO  [] -            liquibase.changelog - Custom SQL executed
2026-08-05 15:48:26.513 INFO  [] -            liquibase.changelog - ChangeSet db/changelog/020-landed-cost.sql::020-03-landed-cost-sequence::averpo ran successfully in 7ms
2026-08-05 15:48:26.520 INFO  [] -            liquibase.ui - Running Changeset: db/changelog/021-sales.sql::021-01-invoice::averpo
2026-08-05 15:48:26.541 INFO  [] -            liquibase.changelog - Custom SQL executed
2026-08-05 15:48:26.546 INFO  [] -            liquibase.changelog - ChangeSet db/changelog/021-sales.sql::021-01-invoice::averpo ran successfully in 25ms
2026-08-05 15:48:26.554 INFO  [] -            liquibase.ui - Running Changeset: db/changelog/021-sales.sql::021-02-invoice-line::averpo
2026-08-05 15:48:26.573 INFO  [] -            liquibase.changelog - Custom SQL executed
2026-08-05 15:48:26.577 INFO  [] -            liquibase.changelog - ChangeSet db/changelog/021-sales.sql::021-02-invoice-line::averpo ran successfully in 23ms
2026-08-05 15:48:26.585 INFO  [] -            liquibase.ui - Running Changeset: db/changelog/021-sales.sql::021-03-invoice-payment::averpo
2026-08-05 15:48:26.603 INFO  [] -            liquibase.changelog - Custom SQL executed
2026-08-05 15:48:26.607 INFO  [] -            liquibase.changelog - ChangeSet db/changelog/021-sales.sql::021-03-invoice-payment::averpo ran successfully in 22ms
2026-08-05 15:48:26.614 INFO  [] -            liquibase.ui - Running Changeset: db/changelog/021-sales.sql::021-04-invoice-payment-allocation::averpo
2026-08-05 15:48:26.629 INFO  [] -            liquibase.changelog - Custom SQL executed
2026-08-05 15:48:26.633 INFO  [] -            liquibase.changelog - ChangeSet db/changelog/021-sales.sql::021-04-invoice-payment-allocation::averpo ran successfully in 18ms
2026-08-05 15:48:26.640 INFO  [] -            liquibase.ui - Running Changeset: db/changelog/021-sales.sql::021-05-receipt-sequence::averpo
2026-08-05 15:48:26.646 INFO  [] -            liquibase.changelog - Custom SQL executed
2026-08-05 15:48:26.651 INFO  [] -            liquibase.changelog - ChangeSet db/changelog/021-sales.sql::021-05-receipt-sequence::averpo ran successfully in 10ms
2026-08-05 15:48:26.659 INFO  [] -            liquibase.ui - Running Changeset: db/changelog/022-banking.sql::022-01-bank-transaction::averpo
2026-08-05 15:48:26.681 INFO  [] -            liquibase.changelog - Custom SQL executed
2026-08-05 15:48:26.686 INFO  [] -            liquibase.changelog - ChangeSet db/changelog/022-banking.sql::022-01-bank-transaction::averpo ran successfully in 26ms
2026-08-05 15:48:26.693 INFO  [] -            liquibase.ui - Running Changeset: db/changelog/022-banking.sql::022-02-bank-transaction-line::averpo
2026-08-05 15:48:26.709 INFO  [] -            liquibase.changelog - Custom SQL executed
2026-08-05 15:48:26.714 INFO  [] -            liquibase.changelog - ChangeSet db/changelog/022-banking.sql::022-02-bank-transaction-line::averpo ran successfully in 21ms
2026-08-05 15:48:26.720 INFO  [] -            liquibase.ui - Running Changeset: db/changelog/022-banking.sql::022-03-bank-reconciliation::averpo
2026-08-05 15:48:26.735 INFO  [] -            liquibase.changelog - Custom SQL executed
2026-08-05 15:48:26.740 INFO  [] -            liquibase.changelog - ChangeSet db/changelog/022-banking.sql::022-03-bank-reconciliation::averpo ran successfully in 20ms
2026-08-05 15:48:26.748 INFO  [] -            liquibase.ui - Running Changeset: db/changelog/022-banking.sql::022-04-bank-reconciliation-match::averpo
2026-08-05 15:48:26.758 INFO  [] -            liquibase.changelog - Custom SQL executed
2026-08-05 15:48:26.762 INFO  [] -            liquibase.changelog - ChangeSet db/changelog/022-banking.sql::022-04-bank-reconciliation-match::averpo ran successfully in 14ms
2026-08-05 15:48:26.769 INFO  [] -            liquibase.ui - Running Changeset: db/changelog/022-banking.sql::022-05-bank-txn-sequence::averpo
2026-08-05 15:48:26.773 INFO  [] -            liquibase.changelog - Custom SQL executed
2026-08-05 15:48:26.777 INFO  [] -            liquibase.changelog - ChangeSet db/changelog/022-banking.sql::022-05-bank-txn-sequence::averpo ran successfully in 8ms
2026-08-05 15:48:26.785 INFO  [] -            liquibase.ui - Running Changeset: db/changelog/023-line-uniques.sql::023-01-line-tables-unique::averpo
2026-08-05 15:48:26.793 INFO  [] -            liquibase.changelog - Custom SQL executed
2026-08-05 15:48:26.797 INFO  [] -            liquibase.changelog - ChangeSet db/changelog/023-line-uniques.sql::023-01-line-tables-unique::averpo ran successfully in 11ms
2026-08-05 15:48:26.803 INFO  [] -            liquibase.ui - Running Changeset: db/changelog/024-fiscal-year.sql::024-01-fiscal-year-start-month::averpo
2026-08-05 15:48:26.812 INFO  [] -            liquibase.changelog - Custom SQL executed
2026-08-05 15:48:26.815 INFO  [] -            liquibase.changelog - ChangeSet db/changelog/024-fiscal-year.sql::024-01-fiscal-year-start-month::averpo ran successfully in 12ms
2026-08-05 15:48:26.822 INFO  [] -            liquibase.ui - Running Changeset: db/changelog/025-lc-reversal-date.sql::025-01-lc-reversal-date::averpo
2026-08-05 15:48:26.832 INFO  [] -            liquibase.changelog - Custom SQL executed
2026-08-05 15:48:26.836 INFO  [] -            liquibase.changelog - ChangeSet db/changelog/025-lc-reversal-date.sql::025-01-lc-reversal-date::averpo ran successfully in 12ms
2026-08-05 15:48:26.844 INFO  [] -            liquibase.ui - Running Changeset: db/changelog/026-uom.sql::026-01-unit-group::averpo
2026-08-05 15:48:26.850 INFO  [] -            liquibase.changelog - Custom SQL executed
2026-08-05 15:48:26.853 INFO  [] -            liquibase.changelog - ChangeSet db/changelog/026-uom.sql::026-01-unit-group::averpo ran successfully in 9ms
2026-08-05 15:48:26.859 INFO  [] -            liquibase.ui - Running Changeset: db/changelog/026-uom.sql::026-02-unit-uom-columns::averpo
2026-08-05 15:48:26.873 INFO  [] -            liquibase.changelog - Custom SQL executed
2026-08-05 15:48:26.876 INFO  [] -            liquibase.changelog - ChangeSet db/changelog/026-uom.sql::026-02-unit-uom-columns::averpo ran successfully in 17ms
2026-08-05 15:48:26.884 INFO  [] -            liquibase.ui - Running Changeset: db/changelog/026-uom.sql::026-03-item-default-units::averpo
2026-08-05 15:48:26.891 INFO  [] -            liquibase.changelog - Custom SQL executed
2026-08-05 15:48:26.896 INFO  [] -            liquibase.changelog - ChangeSet db/changelog/026-uom.sql::026-03-item-default-units::averpo ran successfully in 11ms
2026-08-05 15:48:26.905 INFO  [] -            liquibase.ui - Running Changeset: db/changelog/027-bill-line-uom.sql::027-01-bill-line-uom::averpo
2026-08-05 15:48:26.915 INFO  [] -            liquibase.changelog - Custom SQL executed
2026-08-05 15:48:26.918 INFO  [] -            liquibase.changelog - ChangeSet db/changelog/027-bill-line-uom.sql::027-01-bill-line-uom::averpo ran successfully in 13ms
2026-08-05 15:48:26.923 INFO  [] -            liquibase.ui - Running Changeset: db/changelog/028-invoice-line-uom.sql::028-01-invoice-line-uom::averpo
2026-08-05 15:48:26.931 INFO  [] -            liquibase.changelog - Custom SQL executed
2026-08-05 15:48:26.935 INFO  [] -            liquibase.changelog - ChangeSet db/changelog/028-invoice-line-uom.sql::028-01-invoice-line-uom::averpo ran successfully in 11ms
2026-08-05 15:48:26.942 INFO  [] -            liquibase.ui - Running Changeset: db/changelog/029-user-management.sql::029-01-app-user-lockout::averpo
2026-08-05 15:48:26.949 INFO  [] -            liquibase.changelog - Custom SQL executed
2026-08-05 15:48:26.952 INFO  [] -            liquibase.changelog - ChangeSet db/changelog/029-user-management.sql::029-01-app-user-lockout::averpo ran successfully in 10ms
2026-08-05 15:48:26.958 INFO  [] -            liquibase.ui - Running Changeset: db/changelog/030-created-by.sql::030-01-created-by::averpo
2026-08-05 15:48:27.034 INFO  [] -            liquibase.changelog - Custom SQL executed
2026-08-05 15:48:27.039 INFO  [] -            liquibase.changelog - ChangeSet db/changelog/030-created-by.sql::030-01-created-by::averpo ran successfully in 80ms
2026-08-05 15:48:27.048 INFO  [] -            liquibase.ui - Running Changeset: db/changelog/031-price-list.sql::031-01-price-list::averpo
2026-08-05 15:48:27.063 INFO  [] -            liquibase.changelog - Custom SQL executed
2026-08-05 15:48:27.066 INFO  [] -            liquibase.changelog - ChangeSet db/changelog/031-price-list.sql::031-01-price-list::averpo ran successfully in 17ms
2026-08-05 15:48:27.073 INFO  [] -            liquibase.ui - Running Changeset: db/changelog/031-price-list.sql::031-02-price-list-item::averpo
2026-08-05 15:48:27.086 INFO  [] -            liquibase.changelog - Custom SQL executed
2026-08-05 15:48:27.090 INFO  [] -            liquibase.changelog - ChangeSet db/changelog/031-price-list.sql::031-02-price-list-item::averpo ran successfully in 17ms
2026-08-05 15:48:27.097 INFO  [] -            liquibase.ui - Running Changeset: db/changelog/031-price-list.sql::031-03-price-list-customer::averpo
2026-08-05 15:48:27.108 INFO  [] -            liquibase.changelog - Custom SQL executed
2026-08-05 15:48:27.112 INFO  [] -            liquibase.changelog - ChangeSet db/changelog/031-price-list.sql::031-03-price-list-customer::averpo ran successfully in 14ms
2026-08-05 15:48:27.119 INFO  [] -            liquibase.ui - Running Changeset: db/changelog/032-tax.sql::032-01-tax-rate::averpo
2026-08-05 15:48:27.127 INFO  [] -            liquibase.changelog - Custom SQL executed
2026-08-05 15:48:27.132 INFO  [] -            liquibase.changelog - ChangeSet db/changelog/032-tax.sql::032-01-tax-rate::averpo ran successfully in 12ms
2026-08-05 15:48:27.139 INFO  [] -            liquibase.ui - Running Changeset: db/changelog/032-tax.sql::032-02-tax-rate-seed::averpo
2026-08-05 15:48:27.147 INFO  [] -            liquibase.changelog - Custom SQL executed
2026-08-05 15:48:27.149 INFO  [] -            liquibase.changelog - ChangeSet db/changelog/032-tax.sql::032-02-tax-rate-seed::averpo ran successfully in 10ms
2026-08-05 15:48:27.155 INFO  [] -            liquibase.ui - Running Changeset: db/changelog/032-tax.sql::032-03-item-tax-defaults::averpo
2026-08-05 15:48:27.163 INFO  [] -            liquibase.changelog - Custom SQL executed
2026-08-05 15:48:27.166 INFO  [] -            liquibase.changelog - ChangeSet db/changelog/032-tax.sql::032-03-item-tax-defaults::averpo ran successfully in 10ms
2026-08-05 15:48:27.172 INFO  [] -            liquibase.ui - Running Changeset: db/changelog/032-tax.sql::032-04-bill-tax::averpo
2026-08-05 15:48:27.186 INFO  [] -            liquibase.changelog - Custom SQL executed
2026-08-05 15:48:27.189 INFO  [] -            liquibase.changelog - ChangeSet db/changelog/032-tax.sql::032-04-bill-tax::averpo ran successfully in 16ms
2026-08-05 15:48:27.195 INFO  [] -            liquibase.ui - Running Changeset: db/changelog/032-tax.sql::032-05-invoice-tax::averpo
2026-08-05 15:48:27.210 INFO  [] -            liquibase.changelog - Custom SQL executed
2026-08-05 15:48:27.213 INFO  [] -            liquibase.changelog - ChangeSet db/changelog/032-tax.sql::032-05-invoice-tax::averpo ran successfully in 17ms
2026-08-05 15:48:27.220 INFO  [] -            liquibase.ui - Running Changeset: db/changelog/033-exchange-rate-history.sql::033-01-exchange-rate-history::averpo
2026-08-05 15:48:27.230 INFO  [] -            liquibase.changelog - Custom SQL executed
2026-08-05 15:48:27.234 INFO  [] -            liquibase.changelog - ChangeSet db/changelog/033-exchange-rate-history.sql::033-01-exchange-rate-history::averpo ran successfully in 12ms
2026-08-05 15:48:27.241 INFO  [] -            liquibase.ui - Running Changeset: db/changelog/034-audit-log.sql::034-01-audit-event::averpo
2026-08-05 15:48:27.260 INFO  [] -            liquibase.changelog - Custom SQL executed
2026-08-05 15:48:27.264 INFO  [] -            liquibase.changelog - ChangeSet db/changelog/034-audit-log.sql::034-01-audit-event::averpo ran successfully in 22ms
2026-08-05 15:48:27.272 INFO  [] -            liquibase.ui - Running Changeset: db/changelog/035-exchange-rate-index.sql::035-01-exchange-rate-lookup-index::averpo
2026-08-05 15:48:27.278 INFO  [] -            liquibase.changelog - Custom SQL executed
2026-08-05 15:48:27.280 INFO  [] -            liquibase.changelog - ChangeSet db/changelog/035-exchange-rate-index.sql::035-01-exchange-rate-lookup-index::averpo ran successfully in 7ms
2026-08-05 15:48:27.287 INFO  [] -            liquibase.ui - Running Changeset: db/changelog/036-payment-method.sql::036-01-payment-method::averpo
2026-08-05 15:48:27.293 INFO  [] -            liquibase.changelog - Custom SQL executed
2026-08-05 15:48:27.296 INFO  [] -            liquibase.changelog - ChangeSet db/changelog/036-payment-method.sql::036-01-payment-method::averpo ran successfully in 9ms
2026-08-05 15:48:27.305 INFO  [] -            liquibase.ui - Running Changeset: db/changelog/036-payment-method.sql::036-02-payment-method-seed::averpo
2026-08-05 15:48:27.313 INFO  [] -            liquibase.changelog - Custom SQL executed
2026-08-05 15:48:27.316 INFO  [] -            liquibase.changelog - ChangeSet db/changelog/036-payment-method.sql::036-02-payment-method-seed::averpo ran successfully in 11ms
2026-08-05 15:48:27.323 INFO  [] -            liquibase.ui - Running Changeset: db/changelog/036-payment-method.sql::036-03-bank-transaction-payment-fields::averpo
2026-08-05 15:48:27.332 INFO  [] -            liquibase.changelog - Custom SQL executed
2026-08-05 15:48:27.336 INFO  [] -            liquibase.changelog - ChangeSet db/changelog/036-payment-method.sql::036-03-bank-transaction-payment-fields::averpo ran successfully in 12ms
2026-08-05 15:48:27.342 INFO  [] -            liquibase.ui - Running Changeset: db/changelog/036-payment-method.sql::036-04-audit-event-entry-index::averpo
2026-08-05 15:48:27.349 INFO  [] -            liquibase.changelog - Custom SQL executed
2026-08-05 15:48:27.352 INFO  [] -            liquibase.changelog - ChangeSet db/changelog/036-payment-method.sql::036-04-audit-event-entry-index::averpo ran successfully in 9ms
2026-08-05 15:48:27.359 INFO  [] -            liquibase.ui - Running Changeset: db/changelog/037-class-tracking.sql::037-01-txn-class::averpo
2026-08-05 15:48:27.369 INFO  [] -            liquibase.changelog - Custom SQL executed
2026-08-05 15:48:27.373 INFO  [] -            liquibase.changelog - ChangeSet db/changelog/037-class-tracking.sql::037-01-txn-class::averpo ran successfully in 14ms
2026-08-05 15:48:27.380 INFO  [] -            liquibase.ui - Running Changeset: db/changelog/037-class-tracking.sql::037-02-company-settings-track-classes::averpo
2026-08-05 15:48:27.386 INFO  [] -            liquibase.changelog - Custom SQL executed
2026-08-05 15:48:27.390 INFO  [] -            liquibase.changelog - ChangeSet db/changelog/037-class-tracking.sql::037-02-company-settings-track-classes::averpo ran successfully in 9ms
2026-08-05 15:48:27.396 INFO  [] -            liquibase.ui - Running Changeset: db/changelog/037-class-tracking.sql::037-03-line-class-columns::averpo
2026-08-05 15:48:27.414 INFO  [] -            liquibase.changelog - Custom SQL executed
2026-08-05 15:48:27.418 INFO  [] -            liquibase.changelog - ChangeSet db/changelog/037-class-tracking.sql::037-03-line-class-columns::averpo ran successfully in 22ms
2026-08-05 15:48:27.426 INFO  [] -            liquibase.ui - Running Changeset: db/changelog/038-credit-memo.sql::038-01-credit-memo::averpo
2026-08-05 15:48:27.439 INFO  [] -            liquibase.changelog - Custom SQL executed
2026-08-05 15:48:27.443 INFO  [] -            liquibase.changelog - ChangeSet db/changelog/038-credit-memo.sql::038-01-credit-memo::averpo ran successfully in 17ms
2026-08-05 15:48:27.452 INFO  [] -            liquibase.ui - Running Changeset: db/changelog/038-credit-memo.sql::038-02-credit-memo-line::averpo
2026-08-05 15:48:27.470 INFO  [] -            liquibase.changelog - Custom SQL executed
2026-08-05 15:48:27.477 INFO  [] -            liquibase.changelog - ChangeSet db/changelog/038-credit-memo.sql::038-02-credit-memo-line::averpo ran successfully in 25ms
2026-08-05 15:48:27.486 INFO  [] -            liquibase.ui - Running Changeset: db/changelog/038-credit-memo.sql::038-03-credit-application::averpo
2026-08-05 15:48:27.497 INFO  [] -            liquibase.changelog - Custom SQL executed
2026-08-05 15:48:27.500 INFO  [] -            liquibase.changelog - ChangeSet db/changelog/038-credit-memo.sql::038-03-credit-application::averpo ran successfully in 14ms
2026-08-05 15:48:27.509 INFO  [] -            liquibase.ui - Running Changeset: db/changelog/038-credit-memo.sql::038-04-credit-memo-sequence::averpo
2026-08-05 15:48:27.515 INFO  [] -            liquibase.changelog - Custom SQL executed
2026-08-05 15:48:27.518 INFO  [] -            liquibase.changelog - ChangeSet db/changelog/038-credit-memo.sql::038-04-credit-memo-sequence::averpo ran successfully in 8ms
2026-08-05 15:48:27.524 INFO  [] -            liquibase.ui - Running Changeset: db/changelog/039-estimates-po.sql::039-01-estimate::averpo
2026-08-05 15:48:27.544 INFO  [] -            liquibase.changelog - Custom SQL executed
2026-08-05 15:48:27.546 INFO  [] -            liquibase.changelog - ChangeSet db/changelog/039-estimates-po.sql::039-01-estimate::averpo ran successfully in 21ms
2026-08-05 15:48:27.546 INFO  [] -            liquibase.ui - Running Changeset: db/changelog/039-estimates-po.sql::039-02-estimate-line::averpo
2026-08-05 15:48:27.576 INFO  [] -            liquibase.changelog - Custom SQL executed
2026-08-05 15:48:27.579 INFO  [] -            liquibase.changelog - ChangeSet db/changelog/039-estimates-po.sql::039-02-estimate-line::averpo ran successfully in 33ms
2026-08-05 15:48:27.587 INFO  [] -            liquibase.ui - Running Changeset: db/changelog/039-estimates-po.sql::039-03-purchase-order::averpo
2026-08-05 15:48:27.613 INFO  [] -            liquibase.changelog - Custom SQL executed
2026-08-05 15:48:27.618 INFO  [] -            liquibase.changelog - ChangeSet db/changelog/039-estimates-po.sql::039-03-purchase-order::averpo ran successfully in 30ms
2026-08-05 15:48:27.626 INFO  [] -            liquibase.ui - Running Changeset: db/changelog/039-estimates-po.sql::039-04-purchase-order-line::averpo
2026-08-05 15:48:27.644 INFO  [] -            liquibase.changelog - Custom SQL executed
2026-08-05 15:48:27.648 INFO  [] -            liquibase.changelog - ChangeSet db/changelog/039-estimates-po.sql::039-04-purchase-order-line::averpo ran successfully in 21ms
2026-08-05 15:48:27.656 INFO  [] -            liquibase.ui - Running Changeset: db/changelog/039-estimates-po.sql::039-05-est-po-sequences::averpo
2026-08-05 15:48:27.661 INFO  [] -            liquibase.changelog - Custom SQL executed
2026-08-05 15:48:27.664 INFO  [] -            liquibase.changelog - ChangeSet db/changelog/039-estimates-po.sql::039-05-est-po-sequences::averpo ran successfully in 6ms
2026-08-05 15:48:27.670 INFO  [] -            liquibase.ui - Running Changeset: db/changelog/040-drop-price-list-item-index.sql::040-drop-price-list-item-index::averpo
2026-08-05 15:48:27.676 INFO  [] -            liquibase.changelog - Custom SQL executed
2026-08-05 15:48:27.686 INFO  [] -            liquibase.changelog - ChangeSet db/changelog/040-drop-price-list-item-index.sql::040-drop-price-list-item-index::averpo ran successfully in 15ms
2026-08-05 15:48:27.695 INFO  [] -            liquibase.ui - Running Changeset: db/changelog/041-vendor-credit-refund-receipt.sql::041-01-vendor-credit::averpo
2026-08-05 15:48:27.709 INFO  [] -            liquibase.changelog - Custom SQL executed
2026-08-05 15:48:27.714 INFO  [] -            liquibase.changelog - ChangeSet db/changelog/041-vendor-credit-refund-receipt.sql::041-01-vendor-credit::averpo ran successfully in 18ms
2026-08-05 15:48:27.721 INFO  [] -            liquibase.ui - Running Changeset: db/changelog/041-vendor-credit-refund-receipt.sql::041-02-vendor-credit-line::averpo
2026-08-05 15:48:27.734 INFO  [] -            liquibase.changelog - Custom SQL executed
2026-08-05 15:48:27.739 INFO  [] -            liquibase.changelog - ChangeSet db/changelog/041-vendor-credit-refund-receipt.sql::041-02-vendor-credit-line::averpo ran successfully in 18ms
2026-08-05 15:48:27.747 INFO  [] -            liquibase.ui - Running Changeset: db/changelog/041-vendor-credit-refund-receipt.sql::041-03-vendor-credit-application::averpo
2026-08-05 15:48:27.760 INFO  [] -            liquibase.changelog - Custom SQL executed
2026-08-05 15:48:27.764 INFO  [] -            liquibase.changelog - ChangeSet db/changelog/041-vendor-credit-refund-receipt.sql::041-03-vendor-credit-application::averpo ran successfully in 15ms
2026-08-05 15:48:27.775 INFO  [] -            liquibase.ui - Running Changeset: db/changelog/041-vendor-credit-refund-receipt.sql::041-04-refund-receipt::averpo
2026-08-05 15:48:27.791 INFO  [] -            liquibase.changelog - Custom SQL executed
2026-08-05 15:48:27.795 INFO  [] -            liquibase.changelog - ChangeSet db/changelog/041-vendor-credit-refund-receipt.sql::041-04-refund-receipt::averpo ran successfully in 20ms
2026-08-05 15:48:27.802 INFO  [] -            liquibase.ui - Running Changeset: db/changelog/041-vendor-credit-refund-receipt.sql::041-05-refund-receipt-line::averpo
2026-08-05 15:48:27.815 INFO  [] -            liquibase.changelog - Custom SQL executed
2026-08-05 15:48:27.820 INFO  [] -            liquibase.changelog - ChangeSet db/changelog/041-vendor-credit-refund-receipt.sql::041-05-refund-receipt-line::averpo ran successfully in 18ms
2026-08-05 15:48:27.827 INFO  [] -            liquibase.ui - Running Changeset: db/changelog/041-vendor-credit-refund-receipt.sql::041-06-returns-sequences::averpo
2026-08-05 15:48:27.832 INFO  [] -            liquibase.changelog - Custom SQL executed
2026-08-05 15:48:27.835 INFO  [] -            liquibase.changelog - ChangeSet db/changelog/041-vendor-credit-refund-receipt.sql::041-06-returns-sequences::averpo ran successfully in 8ms
2026-08-05 15:48:27.840 INFO  [] -            liquibase.ui - Running Changeset: db/changelog/042-attachment.sql::042-01-attachment::averpo
2026-08-05 15:48:27.852 INFO  [] -            liquibase.changelog - Custom SQL executed
2026-08-05 15:48:27.858 INFO  [] -            liquibase.changelog - ChangeSet db/changelog/042-attachment.sql::042-01-attachment::averpo ran successfully in 18ms
2026-08-05 15:48:27.864 INFO  [] -            liquibase.ui - Running Changeset: db/changelog/043-payroll-employee.sql::043-01-contact-monthly-salary::averpo
2026-08-05 15:48:27.870 INFO  [] -            liquibase.changelog - Custom SQL executed
2026-08-05 15:48:27.873 INFO  [] -            liquibase.changelog - ChangeSet db/changelog/043-payroll-employee.sql::043-01-contact-monthly-salary::averpo ran successfully in 9ms
2026-08-05 15:48:27.878 INFO  [] -            liquibase.ui - Running Changeset: db/changelog/043-payroll-employee.sql::043-02-company-settings-payroll-rates::averpo
2026-08-05 15:48:27.889 INFO  [] -            liquibase.changelog - Custom SQL executed
2026-08-05 15:48:27.893 INFO  [] -            liquibase.changelog - ChangeSet db/changelog/043-payroll-employee.sql::043-02-company-settings-payroll-rates::averpo ran successfully in 15ms
2026-08-05 15:48:27.899 INFO  [] -            liquibase.ui - Running Changeset: db/changelog/043-payroll-employee.sql::043-03-payroll-accounts-seed::averpo
2026-08-05 15:48:27.919 INFO  [] -            liquibase.changelog - Custom SQL executed
2026-08-05 15:48:27.920 INFO  [] -            liquibase.changelog - ChangeSet db/changelog/043-payroll-employee.sql::043-03-payroll-accounts-seed::averpo ran successfully in 20ms
2026-08-05 15:48:27.926 INFO  [] -            liquibase.ui - Running Changeset: db/changelog/044-payroll-run.sql::044-01-payroll-run::averpo
2026-08-05 15:48:27.935 INFO  [] -            liquibase.changelog - Custom SQL executed
2026-08-05 15:48:27.940 INFO  [] -            liquibase.changelog - ChangeSet db/changelog/044-payroll-run.sql::044-01-payroll-run::averpo ran successfully in 12ms
2026-08-05 15:48:27.947 INFO  [] -            liquibase.ui - Running Changeset: db/changelog/044-payroll-run.sql::044-02-payroll-run-period-posted-unique::averpo
2026-08-05 15:48:27.953 INFO  [] -            liquibase.changelog - Custom SQL executed
2026-08-05 15:48:27.956 INFO  [] -            liquibase.changelog - ChangeSet db/changelog/044-payroll-run.sql::044-02-payroll-run-period-posted-unique::averpo ran successfully in 9ms
2026-08-05 15:48:27.962 INFO  [] -            liquibase.ui - Running Changeset: db/changelog/044-payroll-run.sql::044-03-payroll-run-line::averpo
2026-08-05 15:48:27.974 INFO  [] -            liquibase.changelog - Custom SQL executed
2026-08-05 15:48:27.979 INFO  [] -            liquibase.changelog - ChangeSet db/changelog/044-payroll-run.sql::044-03-payroll-run-line::averpo ran successfully in 16ms
2026-08-05 15:48:27.988 INFO  [] -            liquibase.ui - Running Changeset: db/changelog/044-payroll-run.sql::044-04-payroll-run-sequence::averpo
2026-08-05 15:48:27.993 INFO  [] -            liquibase.changelog - Custom SQL executed
2026-08-05 15:48:27.997 INFO  [] -            liquibase.changelog - ChangeSet db/changelog/044-payroll-run.sql::044-04-payroll-run-sequence::averpo ran successfully in 9ms
2026-08-05 15:48:28.005 INFO  [] -            liquibase.ui - Running Changeset: db/changelog/045-payroll-payment.sql::045-01-payroll-payment::averpo
2026-08-05 15:48:28.014 INFO  [] -            liquibase.changelog - Custom SQL executed
2026-08-05 15:48:28.021 INFO  [] -            liquibase.changelog - ChangeSet db/changelog/045-payroll-payment.sql::045-01-payroll-payment::averpo ran successfully in 15ms
2026-08-05 15:48:28.028 INFO  [] -            liquibase.ui - Running Changeset: db/changelog/045-payroll-payment.sql::045-02-payroll-payment-line::averpo
2026-08-05 15:48:28.041 INFO  [] -            liquibase.changelog - Custom SQL executed
2026-08-05 15:48:28.045 INFO  [] -            liquibase.changelog - ChangeSet db/changelog/045-payroll-payment.sql::045-02-payroll-payment-line::averpo ran successfully in 16ms
2026-08-05 15:48:28.053 INFO  [] -            liquibase.ui - Running Changeset: db/changelog/045-payroll-payment.sql::045-03-payroll-payment-sequence::averpo
2026-08-05 15:48:28.061 INFO  [] -            liquibase.changelog - Custom SQL executed
2026-08-05 15:48:28.064 INFO  [] -            liquibase.changelog - ChangeSet db/changelog/045-payroll-payment.sql::045-03-payroll-payment-sequence::averpo ran successfully in 10ms
2026-08-05 15:48:28.070 INFO  [] -            liquibase.ui - Running Changeset: db/changelog/046-sales-receipt.sql::046-01-sales-receipt::averpo
2026-08-05 15:48:28.081 INFO  [] -            liquibase.changelog - Custom SQL executed
2026-08-05 15:48:28.087 INFO  [] -            liquibase.changelog - ChangeSet db/changelog/046-sales-receipt.sql::046-01-sales-receipt::averpo ran successfully in 16ms
2026-08-05 15:48:28.095 INFO  [] -            liquibase.ui - Running Changeset: db/changelog/046-sales-receipt.sql::046-02-sales-receipt-line::averpo
2026-08-05 15:48:28.112 INFO  [] -            liquibase.changelog - Custom SQL executed
2026-08-05 15:48:28.117 INFO  [] -            liquibase.changelog - ChangeSet db/changelog/046-sales-receipt.sql::046-02-sales-receipt-line::averpo ran successfully in 22ms
2026-08-05 15:48:28.125 INFO  [] -            liquibase.ui - Running Changeset: db/changelog/046-sales-receipt.sql::046-03-sales-receipt-sequence::averpo
2026-08-05 15:48:28.131 INFO  [] -            liquibase.changelog - Custom SQL executed
2026-08-05 15:48:28.134 INFO  [] -            liquibase.changelog - ChangeSet db/changelog/046-sales-receipt.sql::046-03-sales-receipt-sequence::averpo ran successfully in 9ms
2026-08-05 15:48:28.141 INFO  [] -            liquibase.ui - Running Changeset: db/changelog/047-list-index-perf.sql::047-01-jel-contact-index::averpo
2026-08-05 15:48:28.146 INFO  [] -            liquibase.changelog - Custom SQL executed
2026-08-05 15:48:28.149 INFO  [] -            liquibase.changelog - ChangeSet db/changelog/047-list-index-perf.sql::047-01-jel-contact-index::averpo ran successfully in 8ms
2026-08-05 15:48:28.154 INFO  [] -            liquibase.ui - Running Changeset: db/changelog/047-list-index-perf.sql::047-02-returns-lookup-indexes::averpo
2026-08-05 15:48:28.169 INFO  [] -            liquibase.changelog - Custom SQL executed
2026-08-05 15:48:28.173 INFO  [] -            liquibase.changelog - ChangeSet db/changelog/047-list-index-perf.sql::047-02-returns-lookup-indexes::averpo ran successfully in 19ms
2026-08-05 15:48:28.181 INFO  [] -            liquibase.ui - Running Changeset: db/changelog/048-setup-done.sql::048-01-company-settings-setup-done::averpo
2026-08-05 15:48:28.188 INFO  [] -            liquibase.changelog - Custom SQL executed
2026-08-05 15:48:28.190 INFO  [] -            liquibase.changelog - ChangeSet db/changelog/048-setup-done.sql::048-01-company-settings-setup-done::averpo ran successfully in 9ms
2026-08-05 15:48:28.195 INFO  [] -            liquibase.ui - Running Changeset: db/changelog/049-stock-movement-date-index.sql::049-01-stock-movement-date-index::averpo
2026-08-05 15:48:28.202 INFO  [] -            liquibase.changelog - Custom SQL executed
2026-08-05 15:48:28.206 INFO  [] -            liquibase.changelog - ChangeSet db/changelog/049-stock-movement-date-index.sql::049-01-stock-movement-date-index::averpo ran successfully in 11ms
2026-08-05 15:48:28.212 INFO  [] -            liquibase.ui - Running Changeset: db/changelog/050-audit-user-agent.sql::050-01-audit-user-agent::averpo
2026-08-05 15:48:28.217 INFO  [] -            liquibase.changelog - Custom SQL executed
2026-08-05 15:48:28.224 INFO  [] -            liquibase.changelog - ChangeSet db/changelog/050-audit-user-agent.sql::050-01-audit-user-agent::averpo ran successfully in 11ms
2026-08-05 15:48:28.230 INFO  [] -            liquibase.ui - Running Changeset: db/changelog/051-returns-family-invariants.sql::051-01-returns-family-rate-check::averpo
2026-08-05 15:48:28.246 INFO  [] -            liquibase.changelog - Custom SQL executed
2026-08-05 15:48:28.249 INFO  [] -            liquibase.changelog - ChangeSet db/changelog/051-returns-family-invariants.sql::051-01-returns-family-rate-check::averpo ran successfully in 18ms
2026-08-05 15:48:28.257 INFO  [] -            liquibase.ui - Running Changeset: db/changelog/051-returns-family-invariants.sql::051-02-sales-receipt-line-price-precision::averpo
2026-08-05 15:48:28.265 INFO  [] -            liquibase.changelog - Custom SQL executed
2026-08-05 15:48:28.272 INFO  [] -            liquibase.changelog - ChangeSet db/changelog/051-returns-family-invariants.sql::051-02-sales-receipt-line-price-precision::averpo ran successfully in 15ms
2026-08-05 15:48:28.280 INFO  [] -            liquibase.ui - Running Changeset: db/changelog/051-returns-family-invariants.sql::051-03-payroll-gross-check::averpo
2026-08-05 15:48:28.285 INFO  [] -            liquibase.changelog - Custom SQL executed
2026-08-05 15:48:28.289 INFO  [] -            liquibase.changelog - ChangeSet db/changelog/051-returns-family-invariants.sql::051-03-payroll-gross-check::averpo ran successfully in 8ms
2026-08-05 15:48:28.296 INFO  [] -            liquibase.ui - Running Changeset: db/changelog/052-user-roles-migration.sql::052-01-user-roles-migration::averpo
2026-08-05 15:48:28.308 INFO  [] -            liquibase.changelog - Custom SQL executed
2026-08-05 15:48:28.316 INFO  [] -            liquibase.changelog - ChangeSet db/changelog/052-user-roles-migration.sql::052-01-user-roles-migration::averpo ran successfully in 16ms
2026-08-05 15:48:28.329 INFO  [] -            liquibase.ui - Running Changeset: db/changelog/053-audit-ipv4-country.sql::053-01-audit-ipv4-country::averpo
2026-08-05 15:48:28.342 INFO  [] -            liquibase.changelog - Custom SQL executed
2026-08-05 15:48:28.347 INFO  [] -            liquibase.changelog - ChangeSet db/changelog/053-audit-ipv4-country.sql::053-01-audit-ipv4-country::averpo ran successfully in 18ms
2026-08-05 15:48:28.359 INFO  [] -            liquibase.ui - Running Changeset: db/changelog/054-company-info.sql::054-company-info::averpo
2026-08-05 15:48:28.404 INFO  [] -            liquibase.changelog - Custom SQL executed
2026-08-05 15:48:28.410 INFO  [] -            liquibase.changelog - ChangeSet db/changelog/054-company-info.sql::054-company-info::averpo ran successfully in 50ms
2026-08-05 15:48:28.420 INFO  [] -            liquibase.ui - Running Changeset: db/changelog/056-stock-document.sql::056-01-stock-adjustment::averpo
2026-08-05 15:48:28.433 INFO  [] -            liquibase.changelog - Custom SQL executed
2026-08-05 15:48:28.438 INFO  [] -            liquibase.changelog - ChangeSet db/changelog/056-stock-document.sql::056-01-stock-adjustment::averpo ran successfully in 16ms
2026-08-05 15:48:28.446 INFO  [] -            liquibase.ui - Running Changeset: db/changelog/056-stock-document.sql::056-02-stock-adjustment-line::averpo
2026-08-05 15:48:28.468 INFO  [] -            liquibase.changelog - Custom SQL executed
2026-08-05 15:48:28.474 INFO  [] -            liquibase.changelog - ChangeSet db/changelog/056-stock-document.sql::056-02-stock-adjustment-line::averpo ran successfully in 27ms
2026-08-05 15:48:28.482 INFO  [] -            liquibase.ui - Running Changeset: db/changelog/056-stock-document.sql::056-03-stock-transfer::averpo
2026-08-05 15:48:28.493 INFO  [] -            liquibase.changelog - Custom SQL executed
2026-08-05 15:48:28.496 INFO  [] -            liquibase.changelog - ChangeSet db/changelog/056-stock-document.sql::056-03-stock-transfer::averpo ran successfully in 14ms
2026-08-05 15:48:28.504 INFO  [] -            liquibase.ui - Running Changeset: db/changelog/056-stock-document.sql::056-04-stock-transfer-line::averpo
2026-08-05 15:48:28.523 INFO  [] -            liquibase.changelog - Custom SQL executed
2026-08-05 15:48:28.527 INFO  [] -            liquibase.changelog - ChangeSet db/changelog/056-stock-document.sql::056-04-stock-transfer-line::averpo ran successfully in 22ms
2026-08-05 15:48:28.532 INFO  [] -            liquibase.ui - Running Changeset: db/changelog/056-stock-document.sql::056-05-stock-document-sequence::averpo
2026-08-05 15:48:28.537 INFO  [] -            liquibase.changelog - Custom SQL executed
2026-08-05 15:48:28.539 INFO  [] -            liquibase.changelog - ChangeSet db/changelog/056-stock-document.sql::056-05-stock-document-sequence::averpo ran successfully in 7ms
2026-08-05 15:48:28.545 INFO  [] -            liquibase.ui - Running Changeset: db/changelog/057-app-user-profile.sql::057-app-user-profile::averpo
2026-08-05 15:48:28.571 INFO  [] -            liquibase.changelog - Custom SQL executed
2026-08-05 15:48:28.576 INFO  [] -            liquibase.changelog - ChangeSet db/changelog/057-app-user-profile.sql::057-app-user-profile::averpo ran successfully in 30ms
2026-08-05 15:48:28.581 INFO  [] -            liquibase.ui - Running Changeset: db/changelog/059-telegram.sql::059-01-telegram-settings::averpo
2026-08-05 15:48:28.590 INFO  [] -            liquibase.changelog - Custom SQL executed
2026-08-05 15:48:28.593 INFO  [] -            liquibase.changelog - ChangeSet db/changelog/059-telegram.sql::059-01-telegram-settings::averpo ran successfully in 11ms
2026-08-05 15:48:28.598 INFO  [] -            liquibase.ui - Running Changeset: db/changelog/059-telegram.sql::059-02-app-user-telegram::averpo
2026-08-05 15:48:28.609 INFO  [] -            liquibase.changelog - Custom SQL executed
2026-08-05 15:48:28.612 INFO  [] -            liquibase.changelog - ChangeSet db/changelog/059-telegram.sql::059-02-app-user-telegram::averpo ran successfully in 13ms
2026-08-05 15:48:28.618 INFO  [] -            liquibase.ui - Running Changeset: db/changelog/060-stock-external-ref.sql::060-01-stock-adjustment-external-ref::averpo
2026-08-05 15:48:28.621 INFO  [] -            liquibase.changelog - Custom SQL executed
2026-08-05 15:48:28.624 INFO  [] -            liquibase.changelog - ChangeSet db/changelog/060-stock-external-ref.sql::060-01-stock-adjustment-external-ref::averpo ran successfully in 6ms
2026-08-05 15:48:28.631 INFO  [] -            liquibase.ui - Running Changeset: db/changelog/060-stock-external-ref.sql::060-02-stock-transfer-external-ref::averpo
2026-08-05 15:48:28.636 INFO  [] -            liquibase.changelog - Custom SQL executed
2026-08-05 15:48:28.638 INFO  [] -            liquibase.changelog - ChangeSet db/changelog/060-stock-external-ref.sql::060-02-stock-transfer-external-ref::averpo ran successfully in 7ms
2026-08-05 15:48:28.646 INFO  [] -            liquibase.ui - Running Changeset: db/changelog/061-indexes.sql::061-01-list-filter-indexes::averpo
2026-08-05 15:48:28.681 INFO  [] -            liquibase.changelog - Custom SQL executed
2026-08-05 15:48:28.684 INFO  [] -            liquibase.changelog - ChangeSet db/changelog/061-indexes.sql::061-01-list-filter-indexes::averpo ran successfully in 38ms
2026-08-05 15:48:28.691 INFO  [] -            liquibase.ui - Running Changeset: db/changelog/065-plugins.sql::065-01-plugin-state::averpo
2026-08-05 15:48:28.696 INFO  [] -            liquibase.changelog - Custom SQL executed
2026-08-05 15:48:28.699 INFO  [] -            liquibase.changelog - ChangeSet db/changelog/065-plugins.sql::065-01-plugin-state::averpo ran successfully in 8ms
2026-08-05 15:48:28.706 INFO  [] -            liquibase.ui - Running Changeset: db/changelog/066-refinement.sql::066-refinement::averpo
2026-08-05 15:48:28.714 INFO  [] -            liquibase.changelog - Custom SQL executed
2026-08-05 15:48:28.717 INFO  [] -            liquibase.changelog - ChangeSet db/changelog/066-refinement.sql::066-refinement::averpo ran successfully in 11ms
2026-08-05 15:48:28.723 INFO  [] -            liquibase.ui - Running Changeset: db/changelog/068-telegram-webhook.sql::068-telegram-webhook::averpo
2026-08-05 15:48:28.728 INFO  [] -            liquibase.changelog - Custom SQL executed
2026-08-05 15:48:28.732 INFO  [] -            liquibase.changelog - ChangeSet db/changelog/068-telegram-webhook.sql::068-telegram-webhook::averpo ran successfully in 9ms
2026-08-05 15:48:28.747 INFO  [] -            liquibase.util - UPDATE SUMMARY
2026-08-05 15:48:28.747 INFO  [] -            liquibase.util - Run:                        142
2026-08-05 15:48:28.747 INFO  [] -            liquibase.util - Previously run:               0
2026-08-05 15:48:28.747 INFO  [] -            liquibase.util - Filtered out:                 0
2026-08-05 15:48:28.747 INFO  [] -            liquibase.util - -------------------------------
2026-08-05 15:48:28.747 INFO  [] -            liquibase.util - Total change sets:          142
2026-08-05 15:48:28.748 INFO  [] -            liquibase.util - Update summary generated
2026-08-05 15:48:28.753 INFO  [] -            liquibase.command - Update command completed successfully.
2026-08-05 15:48:28.753 INFO  [] -            liquibase.ui - Liquibase: Update has been successful. Rows affected: 40
2026-08-05 15:48:28.763 INFO  [] -            liquibase.lockservice - Successfully released change log lock
2026-08-05 15:48:28.765 INFO  [] -            liquibase.command - Command execution complete
2026-08-05 15:48:31.804 INFO  [] -            o.s.o.j.p.SpringPersistenceUnitInfo - No LoadTimeWeaver setup: ignoring JPA class transformer
2026-08-05 15:48:35.500 INFO  [] -            o.s.o.j.LocalContainerEntityManagerFactoryBean - Initialized JPA EntityManagerFactory for persistence unit 'default'
2026-08-05 15:48:35.681 INFO  [] -            o.s.d.j.r.q.QueryEnhancerFactories - Hibernate is in classpath; If applicable, HQL parser will be used.
2026-08-05 15:48:42.575 INFO  [] -            o.a.coyote.http11.Http11NioProtocol - Starting ProtocolHandler ["http-nio-8091"]
2026-08-05 15:48:42.601 INFO  [] -            o.s.boot.tomcat.TomcatWebServer - Tomcat started on port 8091 (http) with context path '/'
2026-08-05 15:48:42.605 INFO  [] -            c.a.e.p.t.service.TelegramPoller - Telegram poller ишга тушди
2026-08-05 15:48:42.624 INFO  [] -            com.averpo.erp.AverpoApplication - Started AverpoApplication in 23.376 seconds (process running for 24.023)
2026-08-05 15:48:43.234 INFO  [] -            c.a.e.i.c.DefaultUnitsInitializer - Янги ўрнатиш: стандарт UOM гуруҳлари автоматик ўрнатилди
2026-08-05 15:48:43.490 INFO  [] -            c.a.e.l.c.DefaultChartInitializer - Янги ўрнатиш: default счётлар режаси автоматик юкланди (51 счёт)
2026-08-05 15:48:43.498 WARN  [] -            c.a.e.s.config.AdminUserInitializer - ДИҚҚАТ: admin фойдаланувчиси DEV DEFAULT парол билан яратилди. Production'da AVERPO_ADMIN_PASSWORD env бериш ШАРТ!
2026-08-05 15:48:44.428 INFO  [] -            c.averpo.erp.config.DemoDataSeeder - Demo каталог: 6 мижоз, 4 етказувчи, 10 товар/хизмат
2026-08-05 15:48:44.892 INFO  [] -            c.a.e.l.service.PostingServiceImpl - JE POSTED: BILL JE-2026-000001 home жами 130816000.0000
2026-08-05 15:48:45.169 INFO  [] -            c.a.e.l.service.PostingServiceImpl - JE POSTED: BILL JE-2026-000002 home жами 17696000.0000
2026-08-05 15:48:45.390 INFO  [] -            c.a.e.l.service.PostingServiceImpl - JE POSTED: BILL JE-2026-000003 home жами 51996000.0000
2026-08-05 15:48:45.628 INFO  [] -            c.a.e.l.service.PostingServiceImpl - JE POSTED: BILL JE-2026-000004 home жами 63126000.0000
2026-08-05 15:48:45.869 INFO  [] -            c.a.e.l.service.PostingServiceImpl - JE POSTED: BILL JE-2026-000005 home жами 94720000.0000
2026-08-05 15:48:46.112 INFO  [] -            c.a.e.l.service.PostingServiceImpl - JE POSTED: INVOICE JE-2026-000006 home жами 72444571.4286
2026-08-05 15:48:46.369 INFO  [] -            c.a.e.l.service.PostingServiceImpl - JE POSTED: INVOICE JE-2026-000007 home жами 19792000.0000
2026-08-05 15:48:46.576 INFO  [] -            c.a.e.l.service.PostingServiceImpl - JE POSTED: INVOICE JE-2026-000008 home жами 25074200.0000
2026-08-05 15:48:46.727 INFO  [] -            c.a.e.l.service.PostingServiceImpl - JE POSTED: INVOICE JE-2026-000009 home жами 50191047.6190
2026-08-05 15:48:46.930 INFO  [] -            c.a.e.l.service.PostingServiceImpl - JE POSTED: INVOICE JE-2026-000010 home жами 9035000.0000
2026-08-05 15:48:47.127 INFO  [] -            c.a.e.l.service.PostingServiceImpl - JE POSTED: INVOICE JE-2026-000011 home жами 113685345.2381
2026-08-05 15:48:47.309 INFO  [] -            c.a.e.l.service.PostingServiceImpl - JE POSTED: INVOICE JE-2026-000012 home жами 9722800.0000
2026-08-05 15:48:47.510 INFO  [] -            c.a.e.l.service.PostingServiceImpl - JE POSTED: INVOICE JE-2026-000013 home жами 36697500.0000
2026-08-05 15:48:47.591 INFO  [] -            c.a.e.l.service.PostingServiceImpl - JE POSTED: INVOICE_PAYMENT JE-2026-000014 home жами 42896000.0000
2026-08-05 15:48:47.674 INFO  [] -            c.a.e.l.service.PostingServiceImpl - JE POSTED: INVOICE_PAYMENT JE-2026-000015 home жами 7165200.0000
2026-08-05 15:48:47.751 INFO  [] -            c.a.e.l.service.PostingServiceImpl - JE POSTED: INVOICE_PAYMENT JE-2026-000016 home жами 6560000.0000
2026-08-05 15:48:47.844 INFO  [] -            c.a.e.l.service.PostingServiceImpl - JE POSTED: INVOICE_PAYMENT JE-2026-000017 home жами 15427500.0000
2026-08-05 15:48:47.907 INFO  [] -            c.a.e.l.service.PostingServiceImpl - JE POSTED: RECEIPT_ALLOCATION JE-2026-000018 home жами 181500.0000
2026-08-05 15:48:47.994 INFO  [] -            c.a.e.l.service.PostingServiceImpl - JE POSTED: BILL_PAYMENT JE-2026-000019 home жами 130816000.0000
2026-08-05 15:48:48.102 INFO  [] -            c.a.e.l.service.PostingServiceImpl - JE POSTED: BILL_PAYMENT JE-2026-000020 home жами 8848000.0000
2026-08-05 15:48:48.200 INFO  [] -            c.a.e.l.service.PostingServiceImpl - JE POSTED: BILL_PAYMENT JE-2026-000021 home жами 51996000.0000
2026-08-05 15:48:48.313 INFO  [] -            c.a.e.l.service.PostingServiceImpl - JE POSTED: BANK_TXN JE-2026-000022 home жами 4500000.0000
2026-08-05 15:48:48.396 INFO  [] -            c.a.e.l.service.PostingServiceImpl - JE POSTED: BANK_TXN JE-2026-000023 home жами 1350000.0000
2026-08-05 15:48:48.489 INFO  [] -            c.a.e.l.service.PostingServiceImpl - JE POSTED: BANK_TXN JE-2026-000024 home жами 980000.0000
2026-08-05 15:48:48.561 INFO  [] -            c.a.e.l.service.PostingServiceImpl - JE POSTED: BANK_TXN JE-2026-000025 home жами 320000.0000
2026-08-05 15:48:48.639 INFO  [] -            c.a.e.l.service.PostingServiceImpl - JE POSTED: BANK_TXN JE-2026-000026 home жами 8000000.0000
2026-08-05 15:48:48.835 INFO  [] -            c.a.e.l.service.PostingServiceImpl - JE POSTED: INVENTORY JE-2026-000027 home жами 90000.0000
2026-08-05 15:48:48.846 INFO  [] -            c.averpo.erp.config.DemoDataSeeder - Demo маълумот тайёр: 10 контакт, 10 товар/хизмат, 5 bill, 8 invoice, 4 тушум, 3 тўлов, 4 харажат, 1 ўтказма, 1 омбор кўчириш, 1 инвентаризация акти
2026-08-05 15:48:48.847 INFO  [] -            c.a.e.shared.config.StartupUrlLogger - Илова тайёр: http://localhost:8091
2026-08-05 15:48:58.652 INFO  [] -            o.a.c.c.C.[Tomcat].[localhost].[/] - Initializing Spring DispatcherServlet 'dispatcherServlet'
2026-08-05 15:48:58.652 INFO  [] -            o.s.web.servlet.DispatcherServlet - Initializing Servlet 'dispatcherServlet'
2026-08-05 15:48:58.654 INFO  [] -            o.s.web.servlet.DispatcherServlet - Completed initialization in 2 ms
2026-08-05 15:50:33.240 INFO  [] -            com.averpo.erp.AverpoApplication - Starting AverpoApplication using Java 21.0.9 with PID 120468 (D:\Averpo\averpo-erp-web-tech-award\build\classes\java\main started by nurmu in D:\Averpo\averpo-erp-web-tech-award)
2026-08-05 15:50:33.242 INFO  [] -            com.averpo.erp.AverpoApplication - The following 2 profiles are active: "dev", "demo"
2026-08-05 15:50:34.730 INFO  [] -            o.s.d.r.c.RepositoryConfigurationDelegate - Bootstrapping Spring Data JPA repositories in DEFAULT mode.
2026-08-05 15:50:35.107 INFO  [] -            o.s.d.r.c.RepositoryConfigurationDelegate - Finished Spring Data repository scanning in 359 ms. Found 56 JPA repository interfaces.
2026-08-05 15:50:36.328 INFO  [] -            o.s.boot.tomcat.TomcatWebServer - Tomcat initialized with port 8091 (http)
2026-08-05 15:50:36.344 INFO  [] -            o.a.coyote.http11.Http11NioProtocol - Initializing ProtocolHandler ["http-nio-8091"]
2026-08-05 15:50:36.344 INFO  [] -            o.a.catalina.core.StandardService - Starting service [Tomcat]
2026-08-05 15:50:36.344 INFO  [] -            o.a.catalina.core.StandardEngine - Starting Servlet engine: [Apache Tomcat/11.0.14]
2026-08-05 15:50:36.464 INFO  [] -            o.s.b.w.c.s.WebApplicationContextInitializer - Root WebApplicationContext: initialization completed in 3156 ms
2026-08-05 15:50:36.731 INFO  [] -            com.zaxxer.hikari.HikariDataSource - HikariPool-1 - Starting...
2026-08-05 15:50:36.954 INFO  [] -            com.zaxxer.hikari.pool.HikariPool - HikariPool-1 - Added connection org.postgresql.jdbc.PgConnection@628962e5
2026-08-05 15:50:36.956 INFO  [] -            com.zaxxer.hikari.HikariDataSource - HikariPool-1 - Start completed.
2026-08-05 15:50:37.220 INFO  [] -            liquibase.database - Set default schema name to public
2026-08-05 15:50:37.612 INFO  [] -            liquibase.changelog - Reading from public.databasechangelog
2026-08-05 15:50:37.991 INFO  [] -            liquibase.ui - Database is up to date, no changesets to execute
2026-08-05 15:50:37.997 INFO  [] -            liquibase.changelog - Reading from public.databasechangelog
2026-08-05 15:50:38.053 INFO  [] -            liquibase.util - UPDATE SUMMARY
2026-08-05 15:50:38.053 INFO  [] -            liquibase.util - Run:                          0
2026-08-05 15:50:38.053 INFO  [] -            liquibase.util - Previously run:             142
2026-08-05 15:50:38.053 INFO  [] -            liquibase.util - Filtered out:                 0
2026-08-05 15:50:38.053 INFO  [] -            liquibase.util - -------------------------------
2026-08-05 15:50:38.053 INFO  [] -            liquibase.util - Total change sets:          142
2026-08-05 15:50:38.053 INFO  [] -            liquibase.util - Update summary generated
2026-08-05 15:50:38.053 INFO  [] -            liquibase.command - Command execution complete
2026-08-05 15:50:40.572 INFO  [] -            o.s.o.j.p.SpringPersistenceUnitInfo - No LoadTimeWeaver setup: ignoring JPA class transformer
2026-08-05 15:50:43.649 INFO  [] -            o.s.o.j.LocalContainerEntityManagerFactoryBean - Initialized JPA EntityManagerFactory for persistence unit 'default'
2026-08-05 15:50:43.798 INFO  [] -            o.s.d.j.r.q.QueryEnhancerFactories - Hibernate is in classpath; If applicable, HQL parser will be used.
2026-08-05 15:50:49.929 INFO  [] -            o.a.coyote.http11.Http11NioProtocol - Starting ProtocolHandler ["http-nio-8091"]
2026-08-05 15:50:49.958 INFO  [] -            o.s.boot.tomcat.TomcatWebServer - Tomcat started on port 8091 (http) with context path '/'
2026-08-05 15:50:49.968 INFO  [] -            c.a.e.p.t.service.TelegramPoller - Telegram poller ишга тушди
2026-08-05 15:50:49.994 INFO  [] -            com.averpo.erp.AverpoApplication - Started AverpoApplication in 17.607 seconds (process running for 18.269)
2026-08-05 15:50:50.225 INFO  [] -            c.averpo.erp.config.DemoDataSeeder - Demo маълумот аллақачон бор - сеедер ўтказиб юборилди
2026-08-05 15:50:50.236 INFO  [] -            c.a.e.shared.config.StartupUrlLogger - Илова тайёр: http://localhost:8091
2026-08-05 15:50:51.595 INFO  [] -            o.a.c.c.C.[Tomcat].[localhost].[/] - Initializing Spring DispatcherServlet 'dispatcherServlet'
2026-08-05 15:50:51.595 INFO  [] -            o.s.web.servlet.DispatcherServlet - Initializing Servlet 'dispatcherServlet'
2026-08-05 15:50:51.595 INFO  [] -            o.s.web.servlet.DispatcherServlet - Completed initialization in 0 ms
2026-08-05 15:53:25.346 INFO  [] -            com.averpo.erp.AverpoApplication - Starting AverpoApplication using Java 21.0.9 with PID 113072 (D:\Averpo\averpo-erp-web-tech-award\build\classes\java\main started by nurmu in D:\Averpo\averpo-erp-web-tech-award)
2026-08-05 15:53:25.350 INFO  [] -            com.averpo.erp.AverpoApplication - The following 2 profiles are active: "dev", "demo"
2026-08-05 15:53:26.774 INFO  [] -            o.s.d.r.c.RepositoryConfigurationDelegate - Bootstrapping Spring Data JPA repositories in DEFAULT mode.
2026-08-05 15:53:27.151 INFO  [] -            o.s.d.r.c.RepositoryConfigurationDelegate - Finished Spring Data repository scanning in 365 ms. Found 56 JPA repository interfaces.
2026-08-05 15:53:28.378 INFO  [] -            o.s.boot.tomcat.TomcatWebServer - Tomcat initialized with port 8091 (http)
2026-08-05 15:53:28.399 INFO  [] -            o.a.coyote.http11.Http11NioProtocol - Initializing ProtocolHandler ["http-nio-8091"]
2026-08-05 15:53:28.403 INFO  [] -            o.a.catalina.core.StandardService - Starting service [Tomcat]
2026-08-05 15:53:28.403 INFO  [] -            o.a.catalina.core.StandardEngine - Starting Servlet engine: [Apache Tomcat/11.0.14]
2026-08-05 15:53:28.509 INFO  [] -            o.s.b.w.c.s.WebApplicationContextInitializer - Root WebApplicationContext: initialization completed in 3092 ms
2026-08-05 15:53:28.802 INFO  [] -            com.zaxxer.hikari.HikariDataSource - HikariPool-1 - Starting...
2026-08-05 15:53:29.048 INFO  [] -            com.zaxxer.hikari.pool.HikariPool - HikariPool-1 - Added connection org.postgresql.jdbc.PgConnection@628962e5
2026-08-05 15:53:29.050 INFO  [] -            com.zaxxer.hikari.HikariDataSource - HikariPool-1 - Start completed.
2026-08-05 15:53:29.290 INFO  [] -            liquibase.database - Set default schema name to public
2026-08-05 15:53:29.624 INFO  [] -            liquibase.changelog - Creating database changelog table with name: public.databasechangelog
2026-08-05 15:53:29.684 INFO  [] -            liquibase.changelog - Reading from public.databasechangelog
2026-08-05 15:53:29.929 INFO  [] -            liquibase.snapshot - Creating snapshot
2026-08-05 15:53:30.079 INFO  [] -            liquibase.lockservice - Successfully acquired change log lock
2026-08-05 15:53:30.081 INFO  [] -            liquibase.command - Using deploymentId: 5927208772
2026-08-05 15:53:30.085 INFO  [] -            liquibase.changelog - Reading from public.databasechangelog
2026-08-05 15:53:30.162 INFO  [] -            liquibase.ui - Running Changeset: db/changelog/001-shared.sql::001-exchange-rate::erp
2026-08-05 15:53:30.193 INFO  [] -            liquibase.changelog - Custom SQL executed
2026-08-05 15:53:30.200 INFO  [] -            liquibase.changelog - ChangeSet db/changelog/001-shared.sql::001-exchange-rate::erp ran successfully in 34ms
2026-08-05 15:53:30.215 INFO  [] -            liquibase.ui - Running Changeset: db/changelog/002-company-settings.sql::002-company-settings::averpo
2026-08-05 15:53:30.229 INFO  [] -            liquibase.changelog - Custom SQL executed
2026-08-05 15:53:30.232 INFO  [] -            liquibase.changelog - ChangeSet db/changelog/002-company-settings.sql::002-company-settings::averpo ran successfully in 17ms
2026-08-05 15:53:30.241 INFO  [] -            liquibase.ui - Running Changeset: db/changelog/003-ledger.sql::003-account::averpo
2026-08-05 15:53:30.265 INFO  [] -            liquibase.changelog - Custom SQL executed
2026-08-05 15:53:30.271 INFO  [] -            liquibase.changelog - ChangeSet db/changelog/003-ledger.sql::003-account::averpo ran successfully in 29ms
2026-08-05 15:53:30.279 INFO  [] -            liquibase.ui - Running Changeset: db/changelog/003-ledger.sql::004-journal-entry::averpo
2026-08-05 15:53:30.300 INFO  [] -            liquibase.changelog - Custom SQL executed
2026-08-05 15:53:30.304 INFO  [] -            liquibase.changelog - ChangeSet db/changelog/003-ledger.sql::004-journal-entry::averpo ran successfully in 25ms
2026-08-05 15:53:30.312 INFO  [] -            liquibase.ui - Running Changeset: db/changelog/003-ledger.sql::005-journal-entry-line::averpo
2026-08-05 15:53:30.329 INFO  [] -            liquibase.changelog - Custom SQL executed
2026-08-05 15:53:30.334 INFO  [] -            liquibase.changelog - ChangeSet db/changelog/003-ledger.sql::005-journal-entry-line::averpo ran successfully in 22ms
2026-08-05 15:53:30.342 INFO  [] -            liquibase.ui - Running Changeset: db/changelog/004-currency.sql::006-currency::averpo
2026-08-05 15:53:30.351 INFO  [] -            liquibase.changelog - Custom SQL executed
2026-08-05 15:53:30.354 INFO  [] -            liquibase.changelog - ChangeSet db/changelog/004-currency.sql::006-currency::averpo ran successfully in 12ms
2026-08-05 15:53:30.361 INFO  [] -            liquibase.ui - Running Changeset: db/changelog/004-currency.sql::007-currency-seed::averpo
2026-08-05 15:53:30.370 INFO  [] -            liquibase.changelog - Custom SQL executed
2026-08-05 15:53:30.373 INFO  [] -            liquibase.changelog - ChangeSet db/changelog/004-currency.sql::007-currency-seed::averpo ran successfully in 11ms
2026-08-05 15:53:30.381 INFO  [] -            liquibase.ui - Running Changeset: db/changelog/005-rate-scale.sql::008-rate-scale-12::averpo
2026-08-05 15:53:30.401 INFO  [] -            liquibase.changelog - Custom SQL executed
2026-08-05 15:53:30.407 INFO  [] -            liquibase.changelog - ChangeSet db/changelog/005-rate-scale.sql::008-rate-scale-12::averpo ran successfully in 26ms
2026-08-05 15:53:30.415 INFO  [] -            liquibase.ui - Running Changeset: db/changelog/006-jel-constraints.sql::009-jel-constraints::averpo
2026-08-05 15:53:30.426 INFO  [] -            liquibase.changelog - Custom SQL executed
2026-08-05 15:53:30.430 INFO  [] -            liquibase.changelog - ChangeSet db/changelog/006-jel-constraints.sql::009-jel-constraints::averpo ran successfully in 15ms
2026-08-05 15:53:30.438 INFO  [] -            liquibase.ui - Running Changeset: db/changelog/007-contact.sql::010-payment-term::averpo
2026-08-05 15:53:30.446 INFO  [] -            liquibase.changelog - Custom SQL executed
2026-08-05 15:53:30.450 INFO  [] -            liquibase.changelog - ChangeSet db/changelog/007-contact.sql::010-payment-term::averpo ran successfully in 11ms
2026-08-05 15:53:30.457 INFO  [] -            liquibase.ui - Running Changeset: db/changelog/007-contact.sql::011-payment-term-seed::averpo
2026-08-05 15:53:30.463 INFO  [] -            liquibase.changelog - Custom SQL executed
2026-08-05 15:53:30.466 INFO  [] -            liquibase.changelog - ChangeSet db/changelog/007-contact.sql::011-payment-term-seed::averpo ran successfully in 9ms
2026-08-05 15:53:30.474 INFO  [] -            liquibase.ui - Running Changeset: db/changelog/007-contact.sql::012-contact::averpo
2026-08-05 15:53:30.489 INFO  [] -            liquibase.changelog - Custom SQL executed
2026-08-05 15:53:30.492 INFO  [] -            liquibase.changelog - ChangeSet db/changelog/007-contact.sql::012-contact::averpo ran successfully in 17ms
2026-08-05 15:53:30.501 INFO  [] -            liquibase.ui - Running Changeset: db/changelog/008-item.sql::013-unit::averpo
2026-08-05 15:53:30.509 INFO  [] -            liquibase.changelog - Custom SQL executed
2026-08-05 15:53:30.512 INFO  [] -            liquibase.changelog - ChangeSet db/changelog/008-item.sql::013-unit::averpo ran successfully in 10ms
2026-08-05 15:53:30.522 INFO  [] -            liquibase.ui - Running Changeset: db/changelog/008-item.sql::014-unit-seed::averpo
2026-08-05 15:53:30.530 INFO  [] -            liquibase.changelog - Custom SQL executed
2026-08-05 15:53:30.534 INFO  [] -            liquibase.changelog - ChangeSet db/changelog/008-item.sql::014-unit-seed::averpo ran successfully in 12ms
2026-08-05 15:53:30.542 INFO  [] -            liquibase.ui - Running Changeset: db/changelog/008-item.sql::015-item-category::averpo
2026-08-05 15:53:30.555 INFO  [] -            liquibase.changelog - Custom SQL executed
2026-08-05 15:53:30.561 INFO  [] -            liquibase.changelog - ChangeSet db/changelog/008-item.sql::015-item-category::averpo ran successfully in 19ms
2026-08-05 15:53:30.570 INFO  [] -            liquibase.ui - Running Changeset: db/changelog/008-item.sql::016-item::averpo
2026-08-05 15:53:30.591 INFO  [] -            liquibase.changelog - Custom SQL executed
2026-08-05 15:53:30.595 INFO  [] -            liquibase.changelog - ChangeSet db/changelog/008-item.sql::016-item::averpo ran successfully in 25ms
2026-08-05 15:53:30.604 INFO  [] -            liquibase.ui - Running Changeset: db/changelog/009-jel-constraints-v2.sql::017-jel-constraints-v2::averpo
2026-08-05 15:53:30.616 INFO  [] -            liquibase.changelog - Custom SQL executed
2026-08-05 15:53:30.621 INFO  [] -            liquibase.changelog - ChangeSet db/changelog/009-jel-constraints-v2.sql::017-jel-constraints-v2::averpo ran successfully in 15ms
2026-08-05 15:53:30.629 INFO  [] -            liquibase.ui - Running Changeset: db/changelog/010-currency-fk.sql::018-account-currency-fk::averpo
2026-08-05 15:53:30.643 INFO  [] -            liquibase.changelog - Custom SQL executed
2026-08-05 15:53:30.646 INFO  [] -            liquibase.changelog - ChangeSet db/changelog/010-currency-fk.sql::018-account-currency-fk::averpo ran successfully in 17ms
2026-08-05 15:53:30.654 INFO  [] -            liquibase.ui - Running Changeset: db/changelog/010-currency-fk.sql::019-company-settings-currency-fk::averpo
2026-08-05 15:53:30.670 INFO  [] -            liquibase.changelog - Custom SQL executed
2026-08-05 15:53:30.674 INFO  [] -            liquibase.changelog - ChangeSet db/changelog/010-currency-fk.sql::019-company-settings-currency-fk::averpo ran successfully in 18ms
2026-08-05 15:53:30.682 INFO  [] -            liquibase.ui - Running Changeset: db/changelog/010-currency-fk.sql::020-contact-currency-fk::averpo
2026-08-05 15:53:30.694 INFO  [] -            liquibase.changelog - Custom SQL executed
2026-08-05 15:53:30.697 INFO  [] -            liquibase.changelog - ChangeSet db/changelog/010-currency-fk.sql::020-contact-currency-fk::averpo ran successfully in 15ms
2026-08-05 15:53:30.705 INFO  [] -            liquibase.ui - Running Changeset: db/changelog/010-currency-fk.sql::021-exchange-rate-currency-fk::averpo
2026-08-05 15:53:30.727 INFO  [] -            liquibase.changelog - Custom SQL executed
2026-08-05 15:53:30.731 INFO  [] -            liquibase.changelog - ChangeSet db/changelog/010-currency-fk.sql::021-exchange-rate-currency-fk::averpo ran successfully in 26ms
2026-08-05 15:53:30.740 INFO  [] -            liquibase.ui - Running Changeset: db/changelog/011-app-user.sql::022-app-user::averpo
2026-08-05 15:53:30.750 INFO  [] -            liquibase.changelog - Custom SQL executed
2026-08-05 15:53:30.754 INFO  [] -            liquibase.changelog - ChangeSet db/changelog/011-app-user.sql::022-app-user::averpo ran successfully in 13ms
2026-08-05 15:53:30.762 INFO  [] -            liquibase.ui - Running Changeset: db/changelog/012-inventory-valuation.sql::023-inventory-valuation::averpo
2026-08-05 15:53:30.768 INFO  [] -            liquibase.changelog - Custom SQL executed
2026-08-05 15:53:30.772 INFO  [] -            liquibase.changelog - ChangeSet db/changelog/012-inventory-valuation.sql::023-inventory-valuation::averpo ran successfully in 9ms
2026-08-05 15:53:30.780 INFO  [] -            liquibase.ui - Running Changeset: db/changelog/013-je-source-unique.sql::013-01-je-reversal-of::averpo
2026-08-05 15:53:30.788 INFO  [] -            liquibase.changelog - Custom SQL executed
2026-08-05 15:53:30.792 INFO  [] -            liquibase.changelog - ChangeSet db/changelog/013-je-source-unique.sql::013-01-je-reversal-of::averpo ran successfully in 11ms
2026-08-05 15:53:30.799 INFO  [] -            liquibase.ui - Running Changeset: db/changelog/013-je-source-unique.sql::013-02-je-source-partial-unique::averpo
2026-08-05 15:53:30.807 INFO  [] -            liquibase.changelog - Custom SQL executed
2026-08-05 15:53:30.812 INFO  [] -            liquibase.changelog - ChangeSet db/changelog/013-je-source-unique.sql::013-02-je-source-partial-unique::averpo ran successfully in 11ms
2026-08-05 15:53:30.819 INFO  [] -            liquibase.ui - Running Changeset: db/changelog/013-je-source-unique.sql::013-03-jel-rate-positive::averpo
2026-08-05 15:53:30.829 INFO  [] -            liquibase.changelog - Custom SQL executed
2026-08-05 15:53:30.833 INFO  [] -            liquibase.changelog - ChangeSet db/changelog/013-je-source-unique.sql::013-03-jel-rate-positive::averpo ran successfully in 14ms
2026-08-05 15:53:30.841 INFO  [] -            liquibase.ui - Running Changeset: db/changelog/014-document-sequence.sql::014-01-document-sequence::averpo
2026-08-05 15:53:30.851 INFO  [] -            liquibase.changelog - Custom SQL executed
2026-08-05 15:53:30.855 INFO  [] -            liquibase.changelog - ChangeSet db/changelog/014-document-sequence.sql::014-01-document-sequence::averpo ran successfully in 14ms
2026-08-05 15:53:30.863 INFO  [] -            liquibase.ui - Running Changeset: db/changelog/014-document-sequence.sql::014-02-document-sequence-seed::averpo
2026-08-05 15:53:30.874 INFO  [] -            liquibase.changelog - Custom SQL executed
2026-08-05 15:53:30.878 INFO  [] -            liquibase.changelog - ChangeSet db/changelog/014-document-sequence.sql::014-02-document-sequence-seed::averpo ran successfully in 13ms
2026-08-05 15:53:30.885 INFO  [] -            liquibase.ui - Running Changeset: db/changelog/014-document-sequence.sql::014-03-drop-je-number-seq::averpo
2026-08-05 15:53:30.890 INFO  [] -            liquibase.changelog - Custom SQL executed
2026-08-05 15:53:30.894 INFO  [] -            liquibase.changelog - ChangeSet db/changelog/014-document-sequence.sql::014-03-drop-je-number-seq::averpo ran successfully in 9ms
2026-08-05 15:53:30.902 INFO  [] -            liquibase.ui - Running Changeset: db/changelog/015-closing-date.sql::015-01-company-settings-closing-date::averpo
2026-08-05 15:53:30.907 INFO  [] -            liquibase.changelog - Custom SQL executed
2026-08-05 15:53:30.911 INFO  [] -            liquibase.changelog - ChangeSet db/changelog/015-closing-date.sql::015-01-company-settings-closing-date::averpo ran successfully in 9ms
2026-08-05 15:53:30.918 INFO  [] -            liquibase.ui - Running Changeset: db/changelog/016-contact-extension.sql::016-01-contact-tax-credit::averpo
2026-08-05 15:53:30.930 INFO  [] -            liquibase.changelog - Custom SQL executed
2026-08-05 15:53:30.933 INFO  [] -            liquibase.changelog - ChangeSet db/changelog/016-contact-extension.sql::016-01-contact-tax-credit::averpo ran successfully in 15ms
2026-08-05 15:53:30.940 INFO  [] -            liquibase.ui - Running Changeset: db/changelog/016-contact-extension.sql::016-02-contact-address::averpo
2026-08-05 15:53:30.957 INFO  [] -            liquibase.changelog - Custom SQL executed
2026-08-05 15:53:30.962 INFO  [] -            liquibase.changelog - ChangeSet db/changelog/016-contact-extension.sql::016-02-contact-address::averpo ran successfully in 21ms
2026-08-05 15:53:30.968 INFO  [] -            liquibase.ui - Running Changeset: db/changelog/016-contact-extension.sql::016-03-contact-person::averpo
2026-08-05 15:53:30.984 INFO  [] -            liquibase.changelog - Custom SQL executed
2026-08-05 15:53:30.989 INFO  [] -            liquibase.changelog - ChangeSet db/changelog/016-contact-extension.sql::016-03-contact-person::averpo ran successfully in 20ms
2026-08-05 15:53:30.997 INFO  [] -            liquibase.ui - Running Changeset: db/changelog/016-contact-extension.sql::016-04-contact-bank-account::averpo
2026-08-05 15:53:31.015 INFO  [] -            liquibase.changelog - Custom SQL executed
2026-08-05 15:53:31.019 INFO  [] -            liquibase.changelog - ChangeSet db/changelog/016-contact-extension.sql::016-04-contact-bank-account::averpo ran successfully in 20ms
2026-08-05 15:53:31.027 INFO  [] -            liquibase.ui - Running Changeset: db/changelog/016-contact-extension.sql::016-05-contact-address-migrate::averpo
2026-08-05 15:53:31.043 INFO  [] -            liquibase.changelog - Custom SQL executed
2026-08-05 15:53:31.047 INFO  [] -            liquibase.changelog - ChangeSet db/changelog/016-contact-extension.sql::016-05-contact-address-migrate::averpo ran successfully in 20ms
2026-08-05 15:53:31.054 INFO  [] -            liquibase.ui - Running Changeset: db/changelog/017-inventory.sql::017-01-warehouse::averpo
2026-08-05 15:53:31.064 INFO  [] -            liquibase.changelog - Custom SQL executed
2026-08-05 15:53:31.069 INFO  [] -            liquibase.changelog - ChangeSet db/changelog/017-inventory.sql::017-01-warehouse::averpo ran successfully in 14ms
2026-08-05 15:53:31.078 INFO  [] -            liquibase.ui - Running Changeset: db/changelog/017-inventory.sql::017-02-warehouse-seed::averpo
2026-08-05 15:53:31.086 INFO  [] -            liquibase.changelog - Custom SQL executed
2026-08-05 15:53:31.091 INFO  [] -            liquibase.changelog - ChangeSet db/changelog/017-inventory.sql::017-02-warehouse-seed::averpo ran successfully in 13ms
2026-08-05 15:53:31.099 INFO  [] -            liquibase.ui - Running Changeset: db/changelog/017-inventory.sql::017-03-stock-movement::averpo
2026-08-05 15:53:31.120 INFO  [] -            liquibase.changelog - Custom SQL executed
2026-08-05 15:53:31.124 INFO  [] -            liquibase.changelog - ChangeSet db/changelog/017-inventory.sql::017-03-stock-movement::averpo ran successfully in 25ms
2026-08-05 15:53:31.132 INFO  [] -            liquibase.ui - Running Changeset: db/changelog/017-inventory.sql::017-04-stock-balance::averpo
2026-08-05 15:53:31.143 INFO  [] -            liquibase.changelog - Custom SQL executed
2026-08-05 15:53:31.147 INFO  [] -            liquibase.changelog - ChangeSet db/changelog/017-inventory.sql::017-04-stock-balance::averpo ran successfully in 15ms
2026-08-05 15:53:31.155 INFO  [] -            liquibase.ui - Running Changeset: db/changelog/017-inventory.sql::017-05-cost-layer::averpo
2026-08-05 15:53:31.169 INFO  [] -            liquibase.changelog - Custom SQL executed
2026-08-05 15:53:31.174 INFO  [] -            liquibase.changelog - ChangeSet db/changelog/017-inventory.sql::017-05-cost-layer::averpo ran successfully in 19ms
2026-08-05 15:53:31.182 INFO  [] -            liquibase.ui - Running Changeset: db/changelog/017-inventory.sql::017-06-cost-layer-consumption::averpo
2026-08-05 15:53:31.194 INFO  [] -            liquibase.changelog - Custom SQL executed
2026-08-05 15:53:31.199 INFO  [] -            liquibase.changelog - ChangeSet db/changelog/017-inventory.sql::017-06-cost-layer-consumption::averpo ran successfully in 16ms
2026-08-05 15:53:31.206 INFO  [] -            liquibase.ui - Running Changeset: db/changelog/018-detail-type-rename.sql::018-01-detail-type-rename::averpo
2026-08-05 15:53:31.228 INFO  [] -            liquibase.changelog - Custom SQL executed
2026-08-05 15:53:31.230 INFO  [] -            liquibase.changelog - ChangeSet db/changelog/018-detail-type-rename.sql::018-01-detail-type-rename::averpo ran successfully in 24ms
2026-08-05 15:53:31.238 INFO  [] -            liquibase.ui - Running Changeset: db/changelog/019-purchases.sql::019-01-bill::averpo
2026-08-05 15:53:31.265 INFO  [] -            liquibase.changelog - Custom SQL executed
2026-08-05 15:53:31.271 INFO  [] -            liquibase.changelog - ChangeSet db/changelog/019-purchases.sql::019-01-bill::averpo ran successfully in 32ms
2026-08-05 15:53:31.278 INFO  [] -            liquibase.ui - Running Changeset: db/changelog/019-purchases.sql::019-02-bill-line::averpo
2026-08-05 15:53:31.296 INFO  [] -            liquibase.changelog - Custom SQL executed
2026-08-05 15:53:31.302 INFO  [] -            liquibase.changelog - ChangeSet db/changelog/019-purchases.sql::019-02-bill-line::averpo ran successfully in 24ms
2026-08-05 15:53:31.311 INFO  [] -            liquibase.ui - Running Changeset: db/changelog/019-purchases.sql::019-03-bill-payment::averpo
2026-08-05 15:53:31.332 INFO  [] -            liquibase.changelog - Custom SQL executed
2026-08-05 15:53:31.336 INFO  [] -            liquibase.changelog - ChangeSet db/changelog/019-purchases.sql::019-03-bill-payment::averpo ran successfully in 25ms
2026-08-05 15:53:31.344 INFO  [] -            liquibase.ui - Running Changeset: db/changelog/019-purchases.sql::019-04-bill-payment-allocation::averpo
2026-08-05 15:53:31.355 INFO  [] -            liquibase.changelog - Custom SQL executed
2026-08-05 15:53:31.361 INFO  [] -            liquibase.changelog - ChangeSet db/changelog/019-purchases.sql::019-04-bill-payment-allocation::averpo ran successfully in 17ms
2026-08-05 15:53:31.368 INFO  [] -            liquibase.ui - Running Changeset: db/changelog/020-landed-cost.sql::020-01-landed-cost-allocation::averpo
2026-08-05 15:53:31.381 INFO  [] -            liquibase.changelog - Custom SQL executed
2026-08-05 15:53:31.385 INFO  [] -            liquibase.changelog - ChangeSet db/changelog/020-landed-cost.sql::020-01-landed-cost-allocation::averpo ran successfully in 17ms
2026-08-05 15:53:31.393 INFO  [] -            liquibase.ui - Running Changeset: db/changelog/020-landed-cost.sql::020-02-landed-cost-allocation-line::averpo
2026-08-05 15:53:31.414 INFO  [] -            liquibase.changelog - Custom SQL executed
2026-08-05 15:53:31.419 INFO  [] -            liquibase.changelog - ChangeSet db/changelog/020-landed-cost.sql::020-02-landed-cost-allocation-line::averpo ran successfully in 24ms
2026-08-05 15:53:31.427 INFO  [] -            liquibase.ui - Running Changeset: db/changelog/020-landed-cost.sql::020-03-landed-cost-sequence::averpo
2026-08-05 15:53:31.432 INFO  [] -            liquibase.changelog - Custom SQL executed
2026-08-05 15:53:31.436 INFO  [] -            liquibase.changelog - ChangeSet db/changelog/020-landed-cost.sql::020-03-landed-cost-sequence::averpo ran successfully in 9ms
2026-08-05 15:53:31.443 INFO  [] -            liquibase.ui - Running Changeset: db/changelog/021-sales.sql::021-01-invoice::averpo
2026-08-05 15:53:31.465 INFO  [] -            liquibase.changelog - Custom SQL executed
2026-08-05 15:53:31.470 INFO  [] -            liquibase.changelog - ChangeSet db/changelog/021-sales.sql::021-01-invoice::averpo ran successfully in 26ms
2026-08-05 15:53:31.478 INFO  [] -            liquibase.ui - Running Changeset: db/changelog/021-sales.sql::021-02-invoice-line::averpo
2026-08-05 15:53:31.497 INFO  [] -            liquibase.changelog - Custom SQL executed
2026-08-05 15:53:31.502 INFO  [] -            liquibase.changelog - ChangeSet db/changelog/021-sales.sql::021-02-invoice-line::averpo ran successfully in 24ms
2026-08-05 15:53:31.509 INFO  [] -            liquibase.ui - Running Changeset: db/changelog/021-sales.sql::021-03-invoice-payment::averpo
2026-08-05 15:53:31.530 INFO  [] -            liquibase.changelog - Custom SQL executed
2026-08-05 15:53:31.535 INFO  [] -            liquibase.changelog - ChangeSet db/changelog/021-sales.sql::021-03-invoice-payment::averpo ran successfully in 25ms
2026-08-05 15:53:31.544 INFO  [] -            liquibase.ui - Running Changeset: db/changelog/021-sales.sql::021-04-invoice-payment-allocation::averpo
2026-08-05 15:53:31.557 INFO  [] -            liquibase.changelog - Custom SQL executed
2026-08-05 15:53:31.563 INFO  [] -            liquibase.changelog - ChangeSet db/changelog/021-sales.sql::021-04-invoice-payment-allocation::averpo ran successfully in 19ms
2026-08-05 15:53:31.570 INFO  [] -            liquibase.ui - Running Changeset: db/changelog/021-sales.sql::021-05-receipt-sequence::averpo
2026-08-05 15:53:31.577 INFO  [] -            liquibase.changelog - Custom SQL executed
2026-08-05 15:53:31.581 INFO  [] -            liquibase.changelog - ChangeSet db/changelog/021-sales.sql::021-05-receipt-sequence::averpo ran successfully in 10ms
2026-08-05 15:53:31.587 INFO  [] -            liquibase.ui - Running Changeset: db/changelog/022-banking.sql::022-01-bank-transaction::averpo
2026-08-05 15:53:31.608 INFO  [] -            liquibase.changelog - Custom SQL executed
2026-08-05 15:53:31.614 INFO  [] -            liquibase.changelog - ChangeSet db/changelog/022-banking.sql::022-01-bank-transaction::averpo ran successfully in 25ms
2026-08-05 15:53:31.623 INFO  [] -            liquibase.ui - Running Changeset: db/changelog/022-banking.sql::022-02-bank-transaction-line::averpo
2026-08-05 15:53:31.637 INFO  [] -            liquibase.changelog - Custom SQL executed
2026-08-05 15:53:31.643 INFO  [] -            liquibase.changelog - ChangeSet db/changelog/022-banking.sql::022-02-bank-transaction-line::averpo ran successfully in 20ms
2026-08-05 15:53:31.651 INFO  [] -            liquibase.ui - Running Changeset: db/changelog/022-banking.sql::022-03-bank-reconciliation::averpo
2026-08-05 15:53:31.663 INFO  [] -            liquibase.changelog - Custom SQL executed
2026-08-05 15:53:31.667 INFO  [] -            liquibase.changelog - ChangeSet db/changelog/022-banking.sql::022-03-bank-reconciliation::averpo ran successfully in 16ms
2026-08-05 15:53:31.675 INFO  [] -            liquibase.ui - Running Changeset: db/changelog/022-banking.sql::022-04-bank-reconciliation-match::averpo
2026-08-05 15:53:31.686 INFO  [] -            liquibase.changelog - Custom SQL executed
2026-08-05 15:53:31.690 INFO  [] -            liquibase.changelog - ChangeSet db/changelog/022-banking.sql::022-04-bank-reconciliation-match::averpo ran successfully in 15ms
2026-08-05 15:53:31.697 INFO  [] -            liquibase.ui - Running Changeset: db/changelog/022-banking.sql::022-05-bank-txn-sequence::averpo
2026-08-05 15:53:31.704 INFO  [] -            liquibase.changelog - Custom SQL executed
2026-08-05 15:53:31.707 INFO  [] -            liquibase.changelog - ChangeSet db/changelog/022-banking.sql::022-05-bank-txn-sequence::averpo ran successfully in 10ms
2026-08-05 15:53:31.715 INFO  [] -            liquibase.ui - Running Changeset: db/changelog/023-line-uniques.sql::023-01-line-tables-unique::averpo
2026-08-05 15:53:31.727 INFO  [] -            liquibase.changelog - Custom SQL executed
2026-08-05 15:53:31.731 INFO  [] -            liquibase.changelog - ChangeSet db/changelog/023-line-uniques.sql::023-01-line-tables-unique::averpo ran successfully in 16ms
2026-08-05 15:53:31.738 INFO  [] -            liquibase.ui - Running Changeset: db/changelog/024-fiscal-year.sql::024-01-fiscal-year-start-month::averpo
2026-08-05 15:53:31.747 INFO  [] -            liquibase.changelog - Custom SQL executed
2026-08-05 15:53:31.751 INFO  [] -            liquibase.changelog - ChangeSet db/changelog/024-fiscal-year.sql::024-01-fiscal-year-start-month::averpo ran successfully in 13ms
2026-08-05 15:53:31.757 INFO  [] -            liquibase.ui - Running Changeset: db/changelog/025-lc-reversal-date.sql::025-01-lc-reversal-date::averpo
2026-08-05 15:53:31.766 INFO  [] -            liquibase.changelog - Custom SQL executed
2026-08-05 15:53:31.769 INFO  [] -            liquibase.changelog - ChangeSet db/changelog/025-lc-reversal-date.sql::025-01-lc-reversal-date::averpo ran successfully in 12ms
2026-08-05 15:53:31.776 INFO  [] -            liquibase.ui - Running Changeset: db/changelog/026-uom.sql::026-01-unit-group::averpo
2026-08-05 15:53:31.785 INFO  [] -            liquibase.changelog - Custom SQL executed
2026-08-05 15:53:31.789 INFO  [] -            liquibase.changelog - ChangeSet db/changelog/026-uom.sql::026-01-unit-group::averpo ran successfully in 11ms
2026-08-05 15:53:31.795 INFO  [] -            liquibase.ui - Running Changeset: db/changelog/026-uom.sql::026-02-unit-uom-columns::averpo
2026-08-05 15:53:31.814 INFO  [] -            liquibase.changelog - Custom SQL executed
2026-08-05 15:53:31.817 INFO  [] -            liquibase.changelog - ChangeSet db/changelog/026-uom.sql::026-02-unit-uom-columns::averpo ran successfully in 22ms
2026-08-05 15:53:31.824 INFO  [] -            liquibase.ui - Running Changeset: db/changelog/026-uom.sql::026-03-item-default-units::averpo
2026-08-05 15:53:31.832 INFO  [] -            liquibase.changelog - Custom SQL executed
2026-08-05 15:53:31.835 INFO  [] -            liquibase.changelog - ChangeSet db/changelog/026-uom.sql::026-03-item-default-units::averpo ran successfully in 11ms
2026-08-05 15:53:31.843 INFO  [] -            liquibase.ui - Running Changeset: db/changelog/027-bill-line-uom.sql::027-01-bill-line-uom::averpo
2026-08-05 15:53:31.850 INFO  [] -            liquibase.changelog - Custom SQL executed
2026-08-05 15:53:31.853 INFO  [] -            liquibase.changelog - ChangeSet db/changelog/027-bill-line-uom.sql::027-01-bill-line-uom::averpo ran successfully in 10ms
2026-08-05 15:53:31.859 INFO  [] -            liquibase.ui - Running Changeset: db/changelog/028-invoice-line-uom.sql::028-01-invoice-line-uom::averpo
2026-08-05 15:53:31.867 INFO  [] -            liquibase.changelog - Custom SQL executed
2026-08-05 15:53:31.871 INFO  [] -            liquibase.changelog - ChangeSet db/changelog/028-invoice-line-uom.sql::028-01-invoice-line-uom::averpo ran successfully in 12ms
2026-08-05 15:53:31.877 INFO  [] -            liquibase.ui - Running Changeset: db/changelog/029-user-management.sql::029-01-app-user-lockout::averpo
2026-08-05 15:53:31.885 INFO  [] -            liquibase.changelog - Custom SQL executed
2026-08-05 15:53:31.889 INFO  [] -            liquibase.changelog - ChangeSet db/changelog/029-user-management.sql::029-01-app-user-lockout::averpo ran successfully in 11ms
2026-08-05 15:53:31.895 INFO  [] -            liquibase.ui - Running Changeset: db/changelog/030-created-by.sql::030-01-created-by::averpo
2026-08-05 15:53:31.980 INFO  [] -            liquibase.changelog - Custom SQL executed
2026-08-05 15:53:31.984 INFO  [] -            liquibase.changelog - ChangeSet db/changelog/030-created-by.sql::030-01-created-by::averpo ran successfully in 88ms
2026-08-05 15:53:31.992 INFO  [] -            liquibase.ui - Running Changeset: db/changelog/031-price-list.sql::031-01-price-list::averpo
2026-08-05 15:53:32.004 INFO  [] -            liquibase.changelog - Custom SQL executed
2026-08-05 15:53:32.012 INFO  [] -            liquibase.changelog - ChangeSet db/changelog/031-price-list.sql::031-01-price-list::averpo ran successfully in 19ms
2026-08-05 15:53:32.019 INFO  [] -            liquibase.ui - Running Changeset: db/changelog/031-price-list.sql::031-02-price-list-item::averpo
2026-08-05 15:53:32.034 INFO  [] -            liquibase.changelog - Custom SQL executed
2026-08-05 15:53:32.038 INFO  [] -            liquibase.changelog - ChangeSet db/changelog/031-price-list.sql::031-02-price-list-item::averpo ran successfully in 19ms
2026-08-05 15:53:32.044 INFO  [] -            liquibase.ui - Running Changeset: db/changelog/031-price-list.sql::031-03-price-list-customer::averpo
2026-08-05 15:53:32.055 INFO  [] -            liquibase.changelog - Custom SQL executed
2026-08-05 15:53:32.060 INFO  [] -            liquibase.changelog - ChangeSet db/changelog/031-price-list.sql::031-03-price-list-customer::averpo ran successfully in 15ms
2026-08-05 15:53:32.067 INFO  [] -            liquibase.ui - Running Changeset: db/changelog/032-tax.sql::032-01-tax-rate::averpo
2026-08-05 15:53:32.075 INFO  [] -            liquibase.changelog - Custom SQL executed
2026-08-05 15:53:32.080 INFO  [] -            liquibase.changelog - ChangeSet db/changelog/032-tax.sql::032-01-tax-rate::averpo ran successfully in 13ms
2026-08-05 15:53:32.087 INFO  [] -            liquibase.ui - Running Changeset: db/changelog/032-tax.sql::032-02-tax-rate-seed::averpo
2026-08-05 15:53:32.093 INFO  [] -            liquibase.changelog - Custom SQL executed
2026-08-05 15:53:32.096 INFO  [] -            liquibase.changelog - ChangeSet db/changelog/032-tax.sql::032-02-tax-rate-seed::averpo ran successfully in 9ms
2026-08-05 15:53:32.103 INFO  [] -            liquibase.ui - Running Changeset: db/changelog/032-tax.sql::032-03-item-tax-defaults::averpo
2026-08-05 15:53:32.111 INFO  [] -            liquibase.changelog - Custom SQL executed
2026-08-05 15:53:32.114 INFO  [] -            liquibase.changelog - ChangeSet db/changelog/032-tax.sql::032-03-item-tax-defaults::averpo ran successfully in 10ms
2026-08-05 15:53:32.121 INFO  [] -            liquibase.ui - Running Changeset: db/changelog/032-tax.sql::032-04-bill-tax::averpo
2026-08-05 15:53:32.135 INFO  [] -            liquibase.changelog - Custom SQL executed
2026-08-05 15:53:32.140 INFO  [] -            liquibase.changelog - ChangeSet db/changelog/032-tax.sql::032-04-bill-tax::averpo ran successfully in 18ms
2026-08-05 15:53:32.146 INFO  [] -            liquibase.ui - Running Changeset: db/changelog/032-tax.sql::032-05-invoice-tax::averpo
2026-08-05 15:53:32.159 INFO  [] -            liquibase.changelog - Custom SQL executed
2026-08-05 15:53:32.163 INFO  [] -            liquibase.changelog - ChangeSet db/changelog/032-tax.sql::032-05-invoice-tax::averpo ran successfully in 16ms
2026-08-05 15:53:32.169 INFO  [] -            liquibase.ui - Running Changeset: db/changelog/033-exchange-rate-history.sql::033-01-exchange-rate-history::averpo
2026-08-05 15:53:32.177 INFO  [] -            liquibase.changelog - Custom SQL executed
2026-08-05 15:53:32.181 INFO  [] -            liquibase.changelog - ChangeSet db/changelog/033-exchange-rate-history.sql::033-01-exchange-rate-history::averpo ran successfully in 11ms
2026-08-05 15:53:32.189 INFO  [] -            liquibase.ui - Running Changeset: db/changelog/034-audit-log.sql::034-01-audit-event::averpo
2026-08-05 15:53:32.206 INFO  [] -            liquibase.changelog - Custom SQL executed
2026-08-05 15:53:32.210 INFO  [] -            liquibase.changelog - ChangeSet db/changelog/034-audit-log.sql::034-01-audit-event::averpo ran successfully in 21ms
2026-08-05 15:53:32.218 INFO  [] -            liquibase.ui - Running Changeset: db/changelog/035-exchange-rate-index.sql::035-01-exchange-rate-lookup-index::averpo
2026-08-05 15:53:32.225 INFO  [] -            liquibase.changelog - Custom SQL executed
2026-08-05 15:53:32.230 INFO  [] -            liquibase.changelog - ChangeSet db/changelog/035-exchange-rate-index.sql::035-01-exchange-rate-lookup-index::averpo ran successfully in 11ms
2026-08-05 15:53:32.240 INFO  [] -            liquibase.ui - Running Changeset: db/changelog/036-payment-method.sql::036-01-payment-method::averpo
2026-08-05 15:53:32.252 INFO  [] -            liquibase.changelog - Custom SQL executed
2026-08-05 15:53:32.259 INFO  [] -            liquibase.changelog - ChangeSet db/changelog/036-payment-method.sql::036-01-payment-method::averpo ran successfully in 17ms
2026-08-05 15:53:32.272 INFO  [] -            liquibase.ui - Running Changeset: db/changelog/036-payment-method.sql::036-02-payment-method-seed::averpo
2026-08-05 15:53:32.282 INFO  [] -            liquibase.changelog - Custom SQL executed
2026-08-05 15:53:32.286 INFO  [] -            liquibase.changelog - ChangeSet db/changelog/036-payment-method.sql::036-02-payment-method-seed::averpo ran successfully in 13ms
2026-08-05 15:53:32.297 INFO  [] -            liquibase.ui - Running Changeset: db/changelog/036-payment-method.sql::036-03-bank-transaction-payment-fields::averpo
2026-08-05 15:53:32.306 INFO  [] -            liquibase.changelog - Custom SQL executed
2026-08-05 15:53:32.310 INFO  [] -            liquibase.changelog - ChangeSet db/changelog/036-payment-method.sql::036-03-bank-transaction-payment-fields::averpo ran successfully in 13ms
2026-08-05 15:53:32.317 INFO  [] -            liquibase.ui - Running Changeset: db/changelog/036-payment-method.sql::036-04-audit-event-entry-index::averpo
2026-08-05 15:53:32.323 INFO  [] -            liquibase.changelog - Custom SQL executed
2026-08-05 15:53:32.327 INFO  [] -            liquibase.changelog - ChangeSet db/changelog/036-payment-method.sql::036-04-audit-event-entry-index::averpo ran successfully in 10ms
2026-08-05 15:53:32.346 INFO  [] -            liquibase.ui - Running Changeset: db/changelog/037-class-tracking.sql::037-01-txn-class::averpo
2026-08-05 15:53:32.356 INFO  [] -            liquibase.changelog - Custom SQL executed
2026-08-05 15:53:32.360 INFO  [] -            liquibase.changelog - ChangeSet db/changelog/037-class-tracking.sql::037-01-txn-class::averpo ran successfully in 14ms
2026-08-05 15:53:32.367 INFO  [] -            liquibase.ui - Running Changeset: db/changelog/037-class-tracking.sql::037-02-company-settings-track-classes::averpo
2026-08-05 15:53:32.373 INFO  [] -            liquibase.changelog - Custom SQL executed
2026-08-05 15:53:32.377 INFO  [] -            liquibase.changelog - ChangeSet db/changelog/037-class-tracking.sql::037-02-company-settings-track-classes::averpo ran successfully in 10ms
2026-08-05 15:53:32.385 INFO  [] -            liquibase.ui - Running Changeset: db/changelog/037-class-tracking.sql::037-03-line-class-columns::averpo
2026-08-05 15:53:32.409 INFO  [] -            liquibase.changelog - Custom SQL executed
2026-08-05 15:53:32.413 INFO  [] -            liquibase.changelog - ChangeSet db/changelog/037-class-tracking.sql::037-03-line-class-columns::averpo ran successfully in 27ms
2026-08-05 15:53:32.419 INFO  [] -            liquibase.ui - Running Changeset: db/changelog/038-credit-memo.sql::038-01-credit-memo::averpo
2026-08-05 15:53:32.432 INFO  [] -            liquibase.changelog - Custom SQL executed
2026-08-05 15:53:32.438 INFO  [] -            liquibase.changelog - ChangeSet db/changelog/038-credit-memo.sql::038-01-credit-memo::averpo ran successfully in 19ms
2026-08-05 15:53:32.445 INFO  [] -            liquibase.ui - Running Changeset: db/changelog/038-credit-memo.sql::038-02-credit-memo-line::averpo
2026-08-05 15:53:32.460 INFO  [] -            liquibase.changelog - Custom SQL executed
2026-08-05 15:53:32.465 INFO  [] -            liquibase.changelog - ChangeSet db/changelog/038-credit-memo.sql::038-02-credit-memo-line::averpo ran successfully in 19ms
2026-08-05 15:53:32.473 INFO  [] -            liquibase.ui - Running Changeset: db/changelog/038-credit-memo.sql::038-03-credit-application::averpo
2026-08-05 15:53:32.482 INFO  [] -            liquibase.changelog - Custom SQL executed
2026-08-05 15:53:32.487 INFO  [] -            liquibase.changelog - ChangeSet db/changelog/038-credit-memo.sql::038-03-credit-application::averpo ran successfully in 14ms
2026-08-05 15:53:32.494 INFO  [] -            liquibase.ui - Running Changeset: db/changelog/038-credit-memo.sql::038-04-credit-memo-sequence::averpo
2026-08-05 15:53:32.500 INFO  [] -            liquibase.changelog - Custom SQL executed
2026-08-05 15:53:32.504 INFO  [] -            liquibase.changelog - ChangeSet db/changelog/038-credit-memo.sql::038-04-credit-memo-sequence::averpo ran successfully in 10ms
2026-08-05 15:53:32.511 INFO  [] -            liquibase.ui - Running Changeset: db/changelog/039-estimates-po.sql::039-01-estimate::averpo
2026-08-05 15:53:32.532 INFO  [] -            liquibase.changelog - Custom SQL executed
2026-08-05 15:53:32.536 INFO  [] -            liquibase.changelog - ChangeSet db/changelog/039-estimates-po.sql::039-01-estimate::averpo ran successfully in 25ms
2026-08-05 15:53:32.543 INFO  [] -            liquibase.ui - Running Changeset: db/changelog/039-estimates-po.sql::039-02-estimate-line::averpo
2026-08-05 15:53:32.559 INFO  [] -            liquibase.changelog - Custom SQL executed
2026-08-05 15:53:32.564 INFO  [] -            liquibase.changelog - ChangeSet db/changelog/039-estimates-po.sql::039-02-estimate-line::averpo ran successfully in 21ms
2026-08-05 15:53:32.571 INFO  [] -            liquibase.ui - Running Changeset: db/changelog/039-estimates-po.sql::039-03-purchase-order::averpo
2026-08-05 15:53:32.592 INFO  [] -            liquibase.changelog - Custom SQL executed
2026-08-05 15:53:32.597 INFO  [] -            liquibase.changelog - ChangeSet db/changelog/039-estimates-po.sql::039-03-purchase-order::averpo ran successfully in 25ms
2026-08-05 15:53:32.604 INFO  [] -            liquibase.ui - Running Changeset: db/changelog/039-estimates-po.sql::039-04-purchase-order-line::averpo
2026-08-05 15:53:32.621 INFO  [] -            liquibase.changelog - Custom SQL executed
2026-08-05 15:53:32.626 INFO  [] -            liquibase.changelog - ChangeSet db/changelog/039-estimates-po.sql::039-04-purchase-order-line::averpo ran successfully in 21ms
2026-08-05 15:53:32.633 INFO  [] -            liquibase.ui - Running Changeset: db/changelog/039-estimates-po.sql::039-05-est-po-sequences::averpo
2026-08-05 15:53:32.638 INFO  [] -            liquibase.changelog - Custom SQL executed
2026-08-05 15:53:32.642 INFO  [] -            liquibase.changelog - ChangeSet db/changelog/039-estimates-po.sql::039-05-est-po-sequences::averpo ran successfully in 9ms
2026-08-05 15:53:32.649 INFO  [] -            liquibase.ui - Running Changeset: db/changelog/040-drop-price-list-item-index.sql::040-drop-price-list-item-index::averpo
2026-08-05 15:53:32.654 INFO  [] -            liquibase.changelog - Custom SQL executed
2026-08-05 15:53:32.658 INFO  [] -            liquibase.changelog - ChangeSet db/changelog/040-drop-price-list-item-index.sql::040-drop-price-list-item-index::averpo ran successfully in 8ms
2026-08-05 15:53:32.665 INFO  [] -            liquibase.ui - Running Changeset: db/changelog/041-vendor-credit-refund-receipt.sql::041-01-vendor-credit::averpo
2026-08-05 15:53:32.677 INFO  [] -            liquibase.changelog - Custom SQL executed
2026-08-05 15:53:32.682 INFO  [] -            liquibase.changelog - ChangeSet db/changelog/041-vendor-credit-refund-receipt.sql::041-01-vendor-credit::averpo ran successfully in 16ms
2026-08-05 15:53:32.688 INFO  [] -            liquibase.ui - Running Changeset: db/changelog/041-vendor-credit-refund-receipt.sql::041-02-vendor-credit-line::averpo
2026-08-05 15:53:32.700 INFO  [] -            liquibase.changelog - Custom SQL executed
2026-08-05 15:53:32.705 INFO  [] -            liquibase.changelog - ChangeSet db/changelog/041-vendor-credit-refund-receipt.sql::041-02-vendor-credit-line::averpo ran successfully in 17ms
2026-08-05 15:53:32.712 INFO  [] -            liquibase.ui - Running Changeset: db/changelog/041-vendor-credit-refund-receipt.sql::041-03-vendor-credit-application::averpo
2026-08-05 15:53:32.722 INFO  [] -            liquibase.changelog - Custom SQL executed
2026-08-05 15:53:32.726 INFO  [] -            liquibase.changelog - ChangeSet db/changelog/041-vendor-credit-refund-receipt.sql::041-03-vendor-credit-application::averpo ran successfully in 13ms
2026-08-05 15:53:32.734 INFO  [] -            liquibase.ui - Running Changeset: db/changelog/041-vendor-credit-refund-receipt.sql::041-04-refund-receipt::averpo
2026-08-05 15:53:32.745 INFO  [] -            liquibase.changelog - Custom SQL executed
2026-08-05 15:53:32.751 INFO  [] -            liquibase.changelog - ChangeSet db/changelog/041-vendor-credit-refund-receipt.sql::041-04-refund-receipt::averpo ran successfully in 17ms
2026-08-05 15:53:32.757 INFO  [] -            liquibase.ui - Running Changeset: db/changelog/041-vendor-credit-refund-receipt.sql::041-05-refund-receipt-line::averpo
2026-08-05 15:53:32.771 INFO  [] -            liquibase.changelog - Custom SQL executed
2026-08-05 15:53:32.778 INFO  [] -            liquibase.changelog - ChangeSet db/changelog/041-vendor-credit-refund-receipt.sql::041-05-refund-receipt-line::averpo ran successfully in 20ms
2026-08-05 15:53:32.785 INFO  [] -            liquibase.ui - Running Changeset: db/changelog/041-vendor-credit-refund-receipt.sql::041-06-returns-sequences::averpo
2026-08-05 15:53:32.792 INFO  [] -            liquibase.changelog - Custom SQL executed
2026-08-05 15:53:32.795 INFO  [] -            liquibase.changelog - ChangeSet db/changelog/041-vendor-credit-refund-receipt.sql::041-06-returns-sequences::averpo ran successfully in 10ms
2026-08-05 15:53:32.803 INFO  [] -            liquibase.ui - Running Changeset: db/changelog/042-attachment.sql::042-01-attachment::averpo
2026-08-05 15:53:32.817 INFO  [] -            liquibase.changelog - Custom SQL executed
2026-08-05 15:53:32.822 INFO  [] -            liquibase.changelog - ChangeSet db/changelog/042-attachment.sql::042-01-attachment::averpo ran successfully in 19ms
2026-08-05 15:53:32.829 INFO  [] -            liquibase.ui - Running Changeset: db/changelog/043-payroll-employee.sql::043-01-contact-monthly-salary::averpo
2026-08-05 15:53:32.834 INFO  [] -            liquibase.changelog - Custom SQL executed
2026-08-05 15:53:32.837 INFO  [] -            liquibase.changelog - ChangeSet db/changelog/043-payroll-employee.sql::043-01-contact-monthly-salary::averpo ran successfully in 7ms
2026-08-05 15:53:32.845 INFO  [] -            liquibase.ui - Running Changeset: db/changelog/043-payroll-employee.sql::043-02-company-settings-payroll-rates::averpo
2026-08-05 15:53:32.857 INFO  [] -            liquibase.changelog - Custom SQL executed
2026-08-05 15:53:32.861 INFO  [] -            liquibase.changelog - ChangeSet db/changelog/043-payroll-employee.sql::043-02-company-settings-payroll-rates::averpo ran successfully in 15ms
2026-08-05 15:53:32.867 INFO  [] -            liquibase.ui - Running Changeset: db/changelog/043-payroll-employee.sql::043-03-payroll-accounts-seed::averpo
2026-08-05 15:53:32.884 INFO  [] -            liquibase.changelog - Custom SQL executed
2026-08-05 15:53:32.886 INFO  [] -            liquibase.changelog - ChangeSet db/changelog/043-payroll-employee.sql::043-03-payroll-accounts-seed::averpo ran successfully in 19ms
2026-08-05 15:53:32.893 INFO  [] -            liquibase.ui - Running Changeset: db/changelog/044-payroll-run.sql::044-01-payroll-run::averpo
2026-08-05 15:53:32.903 INFO  [] -            liquibase.changelog - Custom SQL executed
2026-08-05 15:53:32.909 INFO  [] -            liquibase.changelog - ChangeSet db/changelog/044-payroll-run.sql::044-01-payroll-run::averpo ran successfully in 15ms
2026-08-05 15:53:32.916 INFO  [] -            liquibase.ui - Running Changeset: db/changelog/044-payroll-run.sql::044-02-payroll-run-period-posted-unique::averpo
2026-08-05 15:53:32.923 INFO  [] -            liquibase.changelog - Custom SQL executed
2026-08-05 15:53:32.930 INFO  [] -            liquibase.changelog - ChangeSet db/changelog/044-payroll-run.sql::044-02-payroll-run-period-posted-unique::averpo ran successfully in 13ms
2026-08-05 15:53:32.939 INFO  [] -            liquibase.ui - Running Changeset: db/changelog/044-payroll-run.sql::044-03-payroll-run-line::averpo
2026-08-05 15:53:32.951 INFO  [] -            liquibase.changelog - Custom SQL executed
2026-08-05 15:53:32.957 INFO  [] -            liquibase.changelog - ChangeSet db/changelog/044-payroll-run.sql::044-03-payroll-run-line::averpo ran successfully in 18ms
2026-08-05 15:53:32.965 INFO  [] -            liquibase.ui - Running Changeset: db/changelog/044-payroll-run.sql::044-04-payroll-run-sequence::averpo
2026-08-05 15:53:32.971 INFO  [] -            liquibase.changelog - Custom SQL executed
2026-08-05 15:53:32.974 INFO  [] -            liquibase.changelog - ChangeSet db/changelog/044-payroll-run.sql::044-04-payroll-run-sequence::averpo ran successfully in 9ms
2026-08-05 15:53:32.981 INFO  [] -            liquibase.ui - Running Changeset: db/changelog/045-payroll-payment.sql::045-01-payroll-payment::averpo
2026-08-05 15:53:32.990 INFO  [] -            liquibase.changelog - Custom SQL executed
2026-08-05 15:53:32.994 INFO  [] -            liquibase.changelog - ChangeSet db/changelog/045-payroll-payment.sql::045-01-payroll-payment::averpo ran successfully in 13ms
2026-08-05 15:53:33.002 INFO  [] -            liquibase.ui - Running Changeset: db/changelog/045-payroll-payment.sql::045-02-payroll-payment-line::averpo
2026-08-05 15:53:33.011 INFO  [] -            liquibase.changelog - Custom SQL executed
2026-08-05 15:53:33.016 INFO  [] -            liquibase.changelog - ChangeSet db/changelog/045-payroll-payment.sql::045-02-payroll-payment-line::averpo ran successfully in 13ms
2026-08-05 15:53:33.023 INFO  [] -            liquibase.ui - Running Changeset: db/changelog/045-payroll-payment.sql::045-03-payroll-payment-sequence::averpo
2026-08-05 15:53:33.030 INFO  [] -            liquibase.changelog - Custom SQL executed
2026-08-05 15:53:33.033 INFO  [] -            liquibase.changelog - ChangeSet db/changelog/045-payroll-payment.sql::045-03-payroll-payment-sequence::averpo ran successfully in 10ms
2026-08-05 15:53:33.041 INFO  [] -            liquibase.ui - Running Changeset: db/changelog/046-sales-receipt.sql::046-01-sales-receipt::averpo
2026-08-05 15:53:33.054 INFO  [] -            liquibase.changelog - Custom SQL executed
2026-08-05 15:53:33.058 INFO  [] -            liquibase.changelog - ChangeSet db/changelog/046-sales-receipt.sql::046-01-sales-receipt::averpo ran successfully in 17ms
2026-08-05 15:53:33.066 INFO  [] -            liquibase.ui - Running Changeset: db/changelog/046-sales-receipt.sql::046-02-sales-receipt-line::averpo
2026-08-05 15:53:33.083 INFO  [] -            liquibase.changelog - Custom SQL executed
2026-08-05 15:53:33.090 INFO  [] -            liquibase.changelog - ChangeSet db/changelog/046-sales-receipt.sql::046-02-sales-receipt-line::averpo ran successfully in 24ms
2026-08-05 15:53:33.097 INFO  [] -            liquibase.ui - Running Changeset: db/changelog/046-sales-receipt.sql::046-03-sales-receipt-sequence::averpo
2026-08-05 15:53:33.103 INFO  [] -            liquibase.changelog - Custom SQL executed
2026-08-05 15:53:33.107 INFO  [] -            liquibase.changelog - ChangeSet db/changelog/046-sales-receipt.sql::046-03-sales-receipt-sequence::averpo ran successfully in 8ms
2026-08-05 15:53:33.114 INFO  [] -            liquibase.ui - Running Changeset: db/changelog/047-list-index-perf.sql::047-01-jel-contact-index::averpo
2026-08-05 15:53:33.120 INFO  [] -            liquibase.changelog - Custom SQL executed
2026-08-05 15:53:33.125 INFO  [] -            liquibase.changelog - ChangeSet db/changelog/047-list-index-perf.sql::047-01-jel-contact-index::averpo ran successfully in 11ms
2026-08-05 15:53:33.133 INFO  [] -            liquibase.ui - Running Changeset: db/changelog/047-list-index-perf.sql::047-02-returns-lookup-indexes::averpo
2026-08-05 15:53:33.149 INFO  [] -            liquibase.changelog - Custom SQL executed
2026-08-05 15:53:33.155 INFO  [] -            liquibase.changelog - ChangeSet db/changelog/047-list-index-perf.sql::047-02-returns-lookup-indexes::averpo ran successfully in 21ms
2026-08-05 15:53:33.164 INFO  [] -            liquibase.ui - Running Changeset: db/changelog/048-setup-done.sql::048-01-company-settings-setup-done::averpo
2026-08-05 15:53:33.174 INFO  [] -            liquibase.changelog - Custom SQL executed
2026-08-05 15:53:33.177 INFO  [] -            liquibase.changelog - ChangeSet db/changelog/048-setup-done.sql::048-01-company-settings-setup-done::averpo ran successfully in 13ms
2026-08-05 15:53:33.184 INFO  [] -            liquibase.ui - Running Changeset: db/changelog/049-stock-movement-date-index.sql::049-01-stock-movement-date-index::averpo
2026-08-05 15:53:33.192 INFO  [] -            liquibase.changelog - Custom SQL executed
2026-08-05 15:53:33.196 INFO  [] -            liquibase.changelog - ChangeSet db/changelog/049-stock-movement-date-index.sql::049-01-stock-movement-date-index::averpo ran successfully in 11ms
2026-08-05 15:53:33.204 INFO  [] -            liquibase.ui - Running Changeset: db/changelog/050-audit-user-agent.sql::050-01-audit-user-agent::averpo
2026-08-05 15:53:33.211 INFO  [] -            liquibase.changelog - Custom SQL executed
2026-08-05 15:53:33.215 INFO  [] -            liquibase.changelog - ChangeSet db/changelog/050-audit-user-agent.sql::050-01-audit-user-agent::averpo ran successfully in 11ms
2026-08-05 15:53:33.223 INFO  [] -            liquibase.ui - Running Changeset: db/changelog/051-returns-family-invariants.sql::051-01-returns-family-rate-check::averpo
2026-08-05 15:53:33.237 INFO  [] -            liquibase.changelog - Custom SQL executed
2026-08-05 15:53:33.241 INFO  [] -            liquibase.changelog - ChangeSet db/changelog/051-returns-family-invariants.sql::051-01-returns-family-rate-check::averpo ran successfully in 18ms
2026-08-05 15:53:33.249 INFO  [] -            liquibase.ui - Running Changeset: db/changelog/051-returns-family-invariants.sql::051-02-sales-receipt-line-price-precision::averpo
2026-08-05 15:53:33.257 INFO  [] -            liquibase.changelog - Custom SQL executed
2026-08-05 15:53:33.262 INFO  [] -            liquibase.changelog - ChangeSet db/changelog/051-returns-family-invariants.sql::051-02-sales-receipt-line-price-precision::averpo ran successfully in 12ms
2026-08-05 15:53:33.269 INFO  [] -            liquibase.ui - Running Changeset: db/changelog/051-returns-family-invariants.sql::051-03-payroll-gross-check::averpo
2026-08-05 15:53:33.274 INFO  [] -            liquibase.changelog - Custom SQL executed
2026-08-05 15:53:33.278 INFO  [] -            liquibase.changelog - ChangeSet db/changelog/051-returns-family-invariants.sql::051-03-payroll-gross-check::averpo ran successfully in 9ms
2026-08-05 15:53:33.285 INFO  [] -            liquibase.ui - Running Changeset: db/changelog/052-user-roles-migration.sql::052-01-user-roles-migration::averpo
2026-08-05 15:53:33.293 INFO  [] -            liquibase.changelog - Custom SQL executed
2026-08-05 15:53:33.295 INFO  [] -            liquibase.changelog - ChangeSet db/changelog/052-user-roles-migration.sql::052-01-user-roles-migration::averpo ran successfully in 10ms
2026-08-05 15:53:33.301 INFO  [] -            liquibase.ui - Running Changeset: db/changelog/053-audit-ipv4-country.sql::053-01-audit-ipv4-country::averpo
2026-08-05 15:53:33.311 INFO  [] -            liquibase.changelog - Custom SQL executed
2026-08-05 15:53:33.316 INFO  [] -            liquibase.changelog - ChangeSet db/changelog/053-audit-ipv4-country.sql::053-01-audit-ipv4-country::averpo ran successfully in 14ms
2026-08-05 15:53:33.324 INFO  [] -            liquibase.ui - Running Changeset: db/changelog/054-company-info.sql::054-company-info::averpo
2026-08-05 15:53:33.363 INFO  [] -            liquibase.changelog - Custom SQL executed
2026-08-05 15:53:33.367 INFO  [] -            liquibase.changelog - ChangeSet db/changelog/054-company-info.sql::054-company-info::averpo ran successfully in 43ms
2026-08-05 15:53:33.375 INFO  [] -            liquibase.ui - Running Changeset: db/changelog/056-stock-document.sql::056-01-stock-adjustment::averpo
2026-08-05 15:53:33.386 INFO  [] -            liquibase.changelog - Custom SQL executed
2026-08-05 15:53:33.391 INFO  [] -            liquibase.changelog - ChangeSet db/changelog/056-stock-document.sql::056-01-stock-adjustment::averpo ran successfully in 16ms
2026-08-05 15:53:33.397 INFO  [] -            liquibase.ui - Running Changeset: db/changelog/056-stock-document.sql::056-02-stock-adjustment-line::averpo
2026-08-05 15:53:33.414 INFO  [] -            liquibase.changelog - Custom SQL executed
2026-08-05 15:53:33.420 INFO  [] -            liquibase.changelog - ChangeSet db/changelog/056-stock-document.sql::056-02-stock-adjustment-line::averpo ran successfully in 23ms
2026-08-05 15:53:33.427 INFO  [] -            liquibase.ui - Running Changeset: db/changelog/056-stock-document.sql::056-03-stock-transfer::averpo
2026-08-05 15:53:33.437 INFO  [] -            liquibase.changelog - Custom SQL executed
2026-08-05 15:53:33.441 INFO  [] -            liquibase.changelog - ChangeSet db/changelog/056-stock-document.sql::056-03-stock-transfer::averpo ran successfully in 13ms
2026-08-05 15:53:33.448 INFO  [] -            liquibase.ui - Running Changeset: db/changelog/056-stock-document.sql::056-04-stock-transfer-line::averpo
2026-08-05 15:53:33.467 INFO  [] -            liquibase.changelog - Custom SQL executed
2026-08-05 15:53:33.472 INFO  [] -            liquibase.changelog - ChangeSet db/changelog/056-stock-document.sql::056-04-stock-transfer-line::averpo ran successfully in 24ms
2026-08-05 15:53:33.480 INFO  [] -            liquibase.ui - Running Changeset: db/changelog/056-stock-document.sql::056-05-stock-document-sequence::averpo
2026-08-05 15:53:33.480 INFO  [] -            liquibase.changelog - Custom SQL executed
2026-08-05 15:53:33.489 INFO  [] -            liquibase.changelog - ChangeSet db/changelog/056-stock-document.sql::056-05-stock-document-sequence::averpo ran successfully in 9ms
2026-08-05 15:53:33.496 INFO  [] -            liquibase.ui - Running Changeset: db/changelog/057-app-user-profile.sql::057-app-user-profile::averpo
2026-08-05 15:53:33.527 INFO  [] -            liquibase.changelog - Custom SQL executed
2026-08-05 15:53:33.532 INFO  [] -            liquibase.changelog - ChangeSet db/changelog/057-app-user-profile.sql::057-app-user-profile::averpo ran successfully in 34ms
2026-08-05 15:53:33.538 INFO  [] -            liquibase.ui - Running Changeset: db/changelog/059-telegram.sql::059-01-telegram-settings::averpo
2026-08-05 15:53:33.546 INFO  [] -            liquibase.changelog - Custom SQL executed
2026-08-05 15:53:33.550 INFO  [] -            liquibase.changelog - ChangeSet db/changelog/059-telegram.sql::059-01-telegram-settings::averpo ran successfully in 12ms
2026-08-05 15:53:33.557 INFO  [] -            liquibase.ui - Running Changeset: db/changelog/059-telegram.sql::059-02-app-user-telegram::averpo
2026-08-05 15:53:33.571 INFO  [] -            liquibase.changelog - Custom SQL executed
2026-08-05 15:53:33.575 INFO  [] -            liquibase.changelog - ChangeSet db/changelog/059-telegram.sql::059-02-app-user-telegram::averpo ran successfully in 18ms
2026-08-05 15:53:33.581 INFO  [] -            liquibase.ui - Running Changeset: db/changelog/060-stock-external-ref.sql::060-01-stock-adjustment-external-ref::averpo
2026-08-05 15:53:33.585 INFO  [] -            liquibase.changelog - Custom SQL executed
2026-08-05 15:53:33.590 INFO  [] -            liquibase.changelog - ChangeSet db/changelog/060-stock-external-ref.sql::060-01-stock-adjustment-external-ref::averpo ran successfully in 7ms
2026-08-05 15:53:33.596 INFO  [] -            liquibase.ui - Running Changeset: db/changelog/060-stock-external-ref.sql::060-02-stock-transfer-external-ref::averpo
2026-08-05 15:53:33.600 INFO  [] -            liquibase.changelog - Custom SQL executed
2026-08-05 15:53:33.604 INFO  [] -            liquibase.changelog - ChangeSet db/changelog/060-stock-external-ref.sql::060-02-stock-transfer-external-ref::averpo ran successfully in 8ms
2026-08-05 15:53:33.611 INFO  [] -            liquibase.ui - Running Changeset: db/changelog/061-indexes.sql::061-01-list-filter-indexes::averpo
2026-08-05 15:53:33.670 INFO  [] -            liquibase.changelog - Custom SQL executed
2026-08-05 15:53:33.674 INFO  [] -            liquibase.changelog - ChangeSet db/changelog/061-indexes.sql::061-01-list-filter-indexes::averpo ran successfully in 62ms
2026-08-05 15:53:33.682 INFO  [] -            liquibase.ui - Running Changeset: db/changelog/065-plugins.sql::065-01-plugin-state::averpo
2026-08-05 15:53:33.689 INFO  [] -            liquibase.changelog - Custom SQL executed
2026-08-05 15:53:33.693 INFO  [] -            liquibase.changelog - ChangeSet db/changelog/065-plugins.sql::065-01-plugin-state::averpo ran successfully in 11ms
2026-08-05 15:53:33.701 INFO  [] -            liquibase.ui - Running Changeset: db/changelog/066-refinement.sql::066-refinement::averpo
2026-08-05 15:53:33.715 INFO  [] -            liquibase.changelog - Custom SQL executed
2026-08-05 15:53:33.719 INFO  [] -            liquibase.changelog - ChangeSet db/changelog/066-refinement.sql::066-refinement::averpo ran successfully in 17ms
2026-08-05 15:53:33.725 INFO  [] -            liquibase.ui - Running Changeset: db/changelog/068-telegram-webhook.sql::068-telegram-webhook::averpo
2026-08-05 15:53:33.731 INFO  [] -            liquibase.changelog - Custom SQL executed
2026-08-05 15:53:33.734 INFO  [] -            liquibase.changelog - ChangeSet db/changelog/068-telegram-webhook.sql::068-telegram-webhook::averpo ran successfully in 8ms
2026-08-05 15:53:33.752 INFO  [] -            liquibase.util - UPDATE SUMMARY
2026-08-05 15:53:33.752 INFO  [] -            liquibase.util - Run:                        142
2026-08-05 15:53:33.752 INFO  [] -            liquibase.util - Previously run:               0
2026-08-05 15:53:33.752 INFO  [] -            liquibase.util - Filtered out:                 0
2026-08-05 15:53:33.752 INFO  [] -            liquibase.util - -------------------------------
2026-08-05 15:53:33.752 INFO  [] -            liquibase.util - Total change sets:          142
2026-08-05 15:53:33.753 INFO  [] -            liquibase.util - Update summary generated
2026-08-05 15:53:33.759 INFO  [] -            liquibase.command - Update command completed successfully.
2026-08-05 15:53:33.760 INFO  [] -            liquibase.ui - Liquibase: Update has been successful. Rows affected: 40
2026-08-05 15:53:33.770 INFO  [] -            liquibase.lockservice - Successfully released change log lock
2026-08-05 15:53:33.773 INFO  [] -            liquibase.command - Command execution complete
2026-08-05 15:53:36.724 INFO  [] -            o.s.o.j.p.SpringPersistenceUnitInfo - No LoadTimeWeaver setup: ignoring JPA class transformer
2026-08-05 15:53:40.698 INFO  [] -            o.s.o.j.LocalContainerEntityManagerFactoryBean - Initialized JPA EntityManagerFactory for persistence unit 'default'
2026-08-05 15:53:40.854 INFO  [] -            o.s.d.j.r.q.QueryEnhancerFactories - Hibernate is in classpath; If applicable, HQL parser will be used.
2026-08-05 15:53:47.247 INFO  [] -            o.a.coyote.http11.Http11NioProtocol - Starting ProtocolHandler ["http-nio-8091"]
2026-08-05 15:53:47.266 INFO  [] -            o.s.boot.tomcat.TomcatWebServer - Tomcat started on port 8091 (http) with context path '/'
2026-08-05 15:53:47.270 INFO  [] -            c.a.e.p.t.service.TelegramPoller - Telegram poller ишга тушди
2026-08-05 15:53:47.285 INFO  [] -            com.averpo.erp.AverpoApplication - Started AverpoApplication in 22.934 seconds (process running for 23.642)
2026-08-05 15:53:49.052 INFO  [] -            c.averpo.erp.config.DemoDataSeeder - Demo каталог: 6 мижоз, 4 етказувчи, 10 товар/хизмат
2026-08-05 15:53:49.410 INFO  [] -            c.a.e.l.service.PostingServiceImpl - JE POSTED: BILL JE-2026-000001 home жами 130816000.0000
2026-08-05 15:53:49.668 INFO  [] -            c.a.e.l.service.PostingServiceImpl - JE POSTED: BILL JE-2026-000002 home жами 17696000.0000
2026-08-05 15:53:49.897 INFO  [] -            c.a.e.l.service.PostingServiceImpl - JE POSTED: BILL JE-2026-000003 home жами 51996000.0000
2026-08-05 15:53:50.114 INFO  [] -            c.a.e.l.service.PostingServiceImpl - JE POSTED: BILL JE-2026-000004 home жами 63126000.0000
2026-08-05 15:53:50.345 INFO  [] -            c.a.e.l.service.PostingServiceImpl - JE POSTED: BILL JE-2026-000005 home жами 94720000.0000
2026-08-05 15:53:50.618 INFO  [] -            c.a.e.l.service.PostingServiceImpl - JE POSTED: INVOICE JE-2026-000006 home жами 72444571.4286
2026-08-05 15:53:50.864 INFO  [] -            c.a.e.l.service.PostingServiceImpl - JE POSTED: INVOICE JE-2026-000007 home жами 19792000.0000
2026-08-05 15:53:51.083 INFO  [] -            c.a.e.l.service.PostingServiceImpl - JE POSTED: INVOICE JE-2026-000008 home жами 25074200.0000
2026-08-05 15:53:51.277 INFO  [] -            c.a.e.l.service.PostingServiceImpl - JE POSTED: INVOICE JE-2026-000009 home жами 50191047.6190
2026-08-05 15:53:51.468 INFO  [] -            c.a.e.l.service.PostingServiceImpl - JE POSTED: INVOICE JE-2026-000010 home жами 9035000.0000
2026-08-05 15:53:51.688 INFO  [] -            c.a.e.l.service.PostingServiceImpl - JE POSTED: INVOICE JE-2026-000011 home жами 113685345.2381
2026-08-05 15:53:51.907 INFO  [] -            c.a.e.l.service.PostingServiceImpl - JE POSTED: INVOICE JE-2026-000012 home жами 9722800.0000
2026-08-05 15:53:52.106 INFO  [] -            c.a.e.l.service.PostingServiceImpl - JE POSTED: INVOICE JE-2026-000013 home жами 36697500.0000
2026-08-05 15:53:52.201 INFO  [] -            c.a.e.l.service.PostingServiceImpl - JE POSTED: INVOICE_PAYMENT JE-2026-000014 home жами 42896000.0000
2026-08-05 15:53:52.303 INFO  [] -            c.a.e.l.service.PostingServiceImpl - JE POSTED: INVOICE_PAYMENT JE-2026-000015 home жами 7165200.0000
2026-08-05 15:53:52.394 INFO  [] -            c.a.e.l.service.PostingServiceImpl - JE POSTED: INVOICE_PAYMENT JE-2026-000016 home жами 6560000.0000
2026-08-05 15:53:52.484 INFO  [] -            c.a.e.l.service.PostingServiceImpl - JE POSTED: INVOICE_PAYMENT JE-2026-000017 home жами 15427500.0000
2026-08-05 15:53:52.545 INFO  [] -            c.a.e.l.service.PostingServiceImpl - JE POSTED: RECEIPT_ALLOCATION JE-2026-000018 home жами 181500.0000
2026-08-05 15:53:52.624 INFO  [] -            c.a.e.l.service.PostingServiceImpl - JE POSTED: BILL_PAYMENT JE-2026-000019 home жами 130816000.0000
2026-08-05 15:53:52.719 INFO  [] -            c.a.e.l.service.PostingServiceImpl - JE POSTED: BILL_PAYMENT JE-2026-000020 home жами 8848000.0000
2026-08-05 15:53:52.819 INFO  [] -            c.a.e.l.service.PostingServiceImpl - JE POSTED: BILL_PAYMENT JE-2026-000021 home жами 51996000.0000
2026-08-05 15:53:52.930 INFO  [] -            c.a.e.l.service.PostingServiceImpl - JE POSTED: BANK_TXN JE-2026-000022 home жами 4500000.0000
2026-08-05 15:53:53.058 INFO  [] -            c.a.e.l.service.PostingServiceImpl - JE POSTED: BANK_TXN JE-2026-000023 home жами 1350000.0000
2026-08-05 15:53:53.147 INFO  [] -            c.a.e.l.service.PostingServiceImpl - JE POSTED: BANK_TXN JE-2026-000024 home жами 980000.0000
2026-08-05 15:53:53.224 INFO  [] -            c.a.e.l.service.PostingServiceImpl - JE POSTED: BANK_TXN JE-2026-000025 home жами 320000.0000
2026-08-05 15:53:53.305 INFO  [] -            c.a.e.l.service.PostingServiceImpl - JE POSTED: BANK_TXN JE-2026-000026 home жами 8000000.0000
2026-08-05 15:53:53.514 INFO  [] -            c.a.e.l.service.PostingServiceImpl - JE POSTED: INVENTORY JE-2026-000027 home жами 90000.0000
2026-08-05 15:53:53.525 INFO  [] -            c.averpo.erp.config.DemoDataSeeder - Demo маълумот тайёр: 10 контакт, 10 товар/хизмат, 5 bill, 8 invoice, 4 тушум, 3 тўлов, 4 харажат, 1 ўтказма, 1 омбор кўчириш, 1 инвентаризация акти
2026-08-05 15:53:53.537 WARN  [] -            c.a.e.s.config.AdminUserInitializer - ДИҚҚАТ: admin фойдаланувчиси DEV DEFAULT парол билан яратилди. Production'da AVERPO_ADMIN_PASSWORD env бериш ШАРТ!
2026-08-05 15:53:53.682 INFO  [] -            c.a.e.shared.config.StartupUrlLogger - Илова тайёр: http://localhost:8091
2026-08-05 15:53:55.849 INFO  [] -            o.a.c.c.C.[Tomcat].[localhost].[/] - Initializing Spring DispatcherServlet 'dispatcherServlet'
2026-08-05 15:53:55.849 INFO  [] -            o.s.web.servlet.DispatcherServlet - Initializing Servlet 'dispatcherServlet'
2026-08-05 15:53:55.851 INFO  [] -            o.s.web.servlet.DispatcherServlet - Completed initialization in 2 ms
2026-08-05 16:00:00.504 INFO  [] -            c.a.e.s.s.ExchangeRateScheduler - ЦБ курс импорти: 1 валюта текширилди, 1 ўзгарди, 0 ўтказилди
2026-08-05 16:17:15.680 INFO  [] -            com.averpo.erp.AverpoApplication - Starting AverpoApplication using Java 21.0.9 with PID 108636 (D:\Averpo\averpo-erp-web-tech-award\build\classes\java\main started by nurmu in D:\Averpo\averpo-erp-web-tech-award)
2026-08-05 16:17:15.684 INFO  [] -            com.averpo.erp.AverpoApplication - The following 2 profiles are active: "dev", "demo"
2026-08-05 16:17:17.262 INFO  [] -            o.s.d.r.c.RepositoryConfigurationDelegate - Bootstrapping Spring Data JPA repositories in DEFAULT mode.
2026-08-05 16:17:17.626 INFO  [] -            o.s.d.r.c.RepositoryConfigurationDelegate - Finished Spring Data repository scanning in 341 ms. Found 56 JPA repository interfaces.
2026-08-05 16:17:18.993 INFO  [] -            o.s.boot.tomcat.TomcatWebServer - Tomcat initialized with port 8091 (http)
2026-08-05 16:17:19.013 INFO  [] -            o.a.coyote.http11.Http11NioProtocol - Initializing ProtocolHandler ["http-nio-8091"]
2026-08-05 16:17:19.016 INFO  [] -            o.a.catalina.core.StandardService - Starting service [Tomcat]
2026-08-05 16:17:19.016 INFO  [] -            o.a.catalina.core.StandardEngine - Starting Servlet engine: [Apache Tomcat/11.0.14]
2026-08-05 16:17:19.125 INFO  [] -            o.s.b.w.c.s.WebApplicationContextInitializer - Root WebApplicationContext: initialization completed in 3375 ms
2026-08-05 16:17:19.469 INFO  [] -            com.zaxxer.hikari.HikariDataSource - HikariPool-1 - Starting...
2026-08-05 16:17:19.736 INFO  [] -            com.zaxxer.hikari.pool.HikariPool - HikariPool-1 - Added connection org.postgresql.jdbc.PgConnection@628962e5
2026-08-05 16:17:19.738 INFO  [] -            com.zaxxer.hikari.HikariDataSource - HikariPool-1 - Start completed.
2026-08-05 16:17:20.016 INFO  [] -            liquibase.database - Set default schema name to public
2026-08-05 16:17:20.359 INFO  [] -            liquibase.changelog - Creating database changelog table with name: public.databasechangelog
2026-08-05 16:17:20.418 INFO  [] -            liquibase.changelog - Reading from public.databasechangelog
2026-08-05 16:17:20.663 INFO  [] -            liquibase.snapshot - Creating snapshot
2026-08-05 16:17:20.816 INFO  [] -            liquibase.lockservice - Successfully acquired change log lock
2026-08-05 16:17:20.820 INFO  [] -            liquibase.command - Using deploymentId: 5928639420
2026-08-05 16:17:20.823 INFO  [] -            liquibase.changelog - Reading from public.databasechangelog
2026-08-05 16:17:20.896 INFO  [] -            liquibase.ui - Running Changeset: db/changelog/001-shared.sql::001-exchange-rate::erp
2026-08-05 16:17:20.924 INFO  [] -            liquibase.changelog - Custom SQL executed
2026-08-05 16:17:20.931 INFO  [] -            liquibase.changelog - ChangeSet db/changelog/001-shared.sql::001-exchange-rate::erp ran successfully in 31ms
2026-08-05 16:17:20.943 INFO  [] -            liquibase.ui - Running Changeset: db/changelog/002-company-settings.sql::002-company-settings::averpo
2026-08-05 16:17:20.956 INFO  [] -            liquibase.changelog - Custom SQL executed
2026-08-05 16:17:20.960 INFO  [] -            liquibase.changelog - ChangeSet db/changelog/002-company-settings.sql::002-company-settings::averpo ran successfully in 16ms
2026-08-05 16:17:20.966 INFO  [] -            liquibase.ui - Running Changeset: db/changelog/003-ledger.sql::003-account::averpo
2026-08-05 16:17:20.987 INFO  [] -            liquibase.changelog - Custom SQL executed
2026-08-05 16:17:20.991 INFO  [] -            liquibase.changelog - ChangeSet db/changelog/003-ledger.sql::003-account::averpo ran successfully in 25ms
2026-08-05 16:17:20.997 INFO  [] -            liquibase.ui - Running Changeset: db/changelog/003-ledger.sql::004-journal-entry::averpo
2026-08-05 16:17:21.017 INFO  [] -            liquibase.changelog - Custom SQL executed
2026-08-05 16:17:21.023 INFO  [] -            liquibase.changelog - ChangeSet db/changelog/003-ledger.sql::004-journal-entry::averpo ran successfully in 25ms
2026-08-05 16:17:21.031 INFO  [] -            liquibase.ui - Running Changeset: db/changelog/003-ledger.sql::005-journal-entry-line::averpo
2026-08-05 16:17:21.046 INFO  [] -            liquibase.changelog - Custom SQL executed
2026-08-05 16:17:21.050 INFO  [] -            liquibase.changelog - ChangeSet db/changelog/003-ledger.sql::005-journal-entry-line::averpo ran successfully in 19ms
2026-08-05 16:17:21.058 INFO  [] -            liquibase.ui - Running Changeset: db/changelog/004-currency.sql::006-currency::averpo
2026-08-05 16:17:21.068 INFO  [] -            liquibase.changelog - Custom SQL executed
2026-08-05 16:17:21.072 INFO  [] -            liquibase.changelog - ChangeSet db/changelog/004-currency.sql::006-currency::averpo ran successfully in 13ms
2026-08-05 16:17:21.079 INFO  [] -            liquibase.ui - Running Changeset: db/changelog/004-currency.sql::007-currency-seed::averpo
2026-08-05 16:17:21.089 INFO  [] -            liquibase.changelog - Custom SQL executed
2026-08-05 16:17:21.092 INFO  [] -            liquibase.changelog - ChangeSet db/changelog/004-currency.sql::007-currency-seed::averpo ran successfully in 12ms
2026-08-05 16:17:21.099 INFO  [] -            liquibase.ui - Running Changeset: db/changelog/005-rate-scale.sql::008-rate-scale-12::averpo
2026-08-05 16:17:21.115 INFO  [] -            liquibase.changelog - Custom SQL executed
2026-08-05 16:17:21.123 INFO  [] -            liquibase.changelog - ChangeSet db/changelog/005-rate-scale.sql::008-rate-scale-12::averpo ran successfully in 24ms
2026-08-05 16:17:21.134 INFO  [] -            liquibase.ui - Running Changeset: db/changelog/006-jel-constraints.sql::009-jel-constraints::averpo
2026-08-05 16:17:21.145 INFO  [] -            liquibase.changelog - Custom SQL executed
2026-08-05 16:17:21.149 INFO  [] -            liquibase.changelog - ChangeSet db/changelog/006-jel-constraints.sql::009-jel-constraints::averpo ran successfully in 14ms
2026-08-05 16:17:21.156 INFO  [] -            liquibase.ui - Running Changeset: db/changelog/007-contact.sql::010-payment-term::averpo
2026-08-05 16:17:21.164 INFO  [] -            liquibase.changelog - Custom SQL executed
2026-08-05 16:17:21.168 INFO  [] -            liquibase.changelog - ChangeSet db/changelog/007-contact.sql::010-payment-term::averpo ran successfully in 12ms
2026-08-05 16:17:21.176 INFO  [] -            liquibase.ui - Running Changeset: db/changelog/007-contact.sql::011-payment-term-seed::averpo
2026-08-05 16:17:21.182 INFO  [] -            liquibase.changelog - Custom SQL executed
2026-08-05 16:17:21.186 INFO  [] -            liquibase.changelog - ChangeSet db/changelog/007-contact.sql::011-payment-term-seed::averpo ran successfully in 9ms
2026-08-05 16:17:21.193 INFO  [] -            liquibase.ui - Running Changeset: db/changelog/007-contact.sql::012-contact::averpo
2026-08-05 16:17:21.206 INFO  [] -            liquibase.changelog - Custom SQL executed
2026-08-05 16:17:21.210 INFO  [] -            liquibase.changelog - ChangeSet db/changelog/007-contact.sql::012-contact::averpo ran successfully in 16ms
2026-08-05 16:17:21.218 INFO  [] -            liquibase.ui - Running Changeset: db/changelog/008-item.sql::013-unit::averpo
2026-08-05 16:17:21.227 INFO  [] -            liquibase.changelog - Custom SQL executed
2026-08-05 16:17:21.231 INFO  [] -            liquibase.changelog - ChangeSet db/changelog/008-item.sql::013-unit::averpo ran successfully in 13ms
2026-08-05 16:17:21.240 INFO  [] -            liquibase.ui - Running Changeset: db/changelog/008-item.sql::014-unit-seed::averpo
2026-08-05 16:17:21.247 INFO  [] -            liquibase.changelog - Custom SQL executed
2026-08-05 16:17:21.251 INFO  [] -            liquibase.changelog - ChangeSet db/changelog/008-item.sql::014-unit-seed::averpo ran successfully in 11ms
2026-08-05 16:17:21.259 INFO  [] -            liquibase.ui - Running Changeset: db/changelog/008-item.sql::015-item-category::averpo
2026-08-05 16:17:21.270 INFO  [] -            liquibase.changelog - Custom SQL executed
2026-08-05 16:17:21.274 INFO  [] -            liquibase.changelog - ChangeSet db/changelog/008-item.sql::015-item-category::averpo ran successfully in 14ms
2026-08-05 16:17:21.282 INFO  [] -            liquibase.ui - Running Changeset: db/changelog/008-item.sql::016-item::averpo
2026-08-05 16:17:21.305 INFO  [] -            liquibase.changelog - Custom SQL executed
2026-08-05 16:17:21.310 INFO  [] -            liquibase.changelog - ChangeSet db/changelog/008-item.sql::016-item::averpo ran successfully in 28ms
2026-08-05 16:17:21.317 INFO  [] -            liquibase.ui - Running Changeset: db/changelog/009-jel-constraints-v2.sql::017-jel-constraints-v2::averpo
2026-08-05 16:17:21.328 INFO  [] -            liquibase.changelog - Custom SQL executed
2026-08-05 16:17:21.331 INFO  [] -            liquibase.changelog - ChangeSet db/changelog/009-jel-constraints-v2.sql::017-jel-constraints-v2::averpo ran successfully in 13ms
2026-08-05 16:17:21.338 INFO  [] -            liquibase.ui - Running Changeset: db/changelog/010-currency-fk.sql::018-account-currency-fk::averpo
2026-08-05 16:17:21.349 INFO  [] -            liquibase.changelog - Custom SQL executed
2026-08-05 16:17:21.353 INFO  [] -            liquibase.changelog - ChangeSet db/changelog/010-currency-fk.sql::018-account-currency-fk::averpo ran successfully in 14ms
2026-08-05 16:17:21.359 INFO  [] -            liquibase.ui - Running Changeset: db/changelog/010-currency-fk.sql::019-company-settings-currency-fk::averpo
2026-08-05 16:17:21.372 INFO  [] -            liquibase.changelog - Custom SQL executed
2026-08-05 16:17:21.375 INFO  [] -            liquibase.changelog - ChangeSet db/changelog/010-currency-fk.sql::019-company-settings-currency-fk::averpo ran successfully in 16ms
2026-08-05 16:17:21.383 INFO  [] -            liquibase.ui - Running Changeset: db/changelog/010-currency-fk.sql::020-contact-currency-fk::averpo
2026-08-05 16:17:21.396 INFO  [] -            liquibase.changelog - Custom SQL executed
2026-08-05 16:17:21.399 INFO  [] -            liquibase.changelog - ChangeSet db/changelog/010-currency-fk.sql::020-contact-currency-fk::averpo ran successfully in 15ms
2026-08-05 16:17:21.406 INFO  [] -            liquibase.ui - Running Changeset: db/changelog/010-currency-fk.sql::021-exchange-rate-currency-fk::averpo
2026-08-05 16:17:21.425 INFO  [] -            liquibase.changelog - Custom SQL executed
2026-08-05 16:17:21.430 INFO  [] -            liquibase.changelog - ChangeSet db/changelog/010-currency-fk.sql::021-exchange-rate-currency-fk::averpo ran successfully in 23ms
2026-08-05 16:17:21.438 INFO  [] -            liquibase.ui - Running Changeset: db/changelog/011-app-user.sql::022-app-user::averpo
2026-08-05 16:17:21.446 INFO  [] -            liquibase.changelog - Custom SQL executed
2026-08-05 16:17:21.451 INFO  [] -            liquibase.changelog - ChangeSet db/changelog/011-app-user.sql::022-app-user::averpo ran successfully in 12ms
2026-08-05 16:17:21.458 INFO  [] -            liquibase.ui - Running Changeset: db/changelog/012-inventory-valuation.sql::023-inventory-valuation::averpo
2026-08-05 16:17:21.465 INFO  [] -            liquibase.changelog - Custom SQL executed
2026-08-05 16:17:21.469 INFO  [] -            liquibase.changelog - ChangeSet db/changelog/012-inventory-valuation.sql::023-inventory-valuation::averpo ran successfully in 10ms
2026-08-05 16:17:21.477 INFO  [] -            liquibase.ui - Running Changeset: db/changelog/013-je-source-unique.sql::013-01-je-reversal-of::averpo
2026-08-05 16:17:21.485 INFO  [] -            liquibase.changelog - Custom SQL executed
2026-08-05 16:17:21.488 INFO  [] -            liquibase.changelog - ChangeSet db/changelog/013-je-source-unique.sql::013-01-je-reversal-of::averpo ran successfully in 11ms
2026-08-05 16:17:21.496 INFO  [] -            liquibase.ui - Running Changeset: db/changelog/013-je-source-unique.sql::013-02-je-source-partial-unique::averpo
2026-08-05 16:17:21.505 INFO  [] -            liquibase.changelog - Custom SQL executed
2026-08-05 16:17:21.508 INFO  [] -            liquibase.changelog - ChangeSet db/changelog/013-je-source-unique.sql::013-02-je-source-partial-unique::averpo ran successfully in 11ms
2026-08-05 16:17:21.515 INFO  [] -            liquibase.ui - Running Changeset: db/changelog/013-je-source-unique.sql::013-03-jel-rate-positive::averpo
2026-08-05 16:17:21.523 INFO  [] -            liquibase.changelog - Custom SQL executed
2026-08-05 16:17:21.526 INFO  [] -            liquibase.changelog - ChangeSet db/changelog/013-je-source-unique.sql::013-03-jel-rate-positive::averpo ran successfully in 11ms
2026-08-05 16:17:21.533 INFO  [] -            liquibase.ui - Running Changeset: db/changelog/014-document-sequence.sql::014-01-document-sequence::averpo
2026-08-05 16:17:21.541 INFO  [] -            liquibase.changelog - Custom SQL executed
2026-08-05 16:17:21.545 INFO  [] -            liquibase.changelog - ChangeSet db/changelog/014-document-sequence.sql::014-01-document-sequence::averpo ran successfully in 12ms
2026-08-05 16:17:21.552 INFO  [] -            liquibase.ui - Running Changeset: db/changelog/014-document-sequence.sql::014-02-document-sequence-seed::averpo
2026-08-05 16:17:21.564 INFO  [] -            liquibase.changelog - Custom SQL executed
2026-08-05 16:17:21.567 INFO  [] -            liquibase.changelog - ChangeSet db/changelog/014-document-sequence.sql::014-02-document-sequence-seed::averpo ran successfully in 14ms
2026-08-05 16:17:21.573 INFO  [] -            liquibase.ui - Running Changeset: db/changelog/014-document-sequence.sql::014-03-drop-je-number-seq::averpo
2026-08-05 16:17:21.578 INFO  [] -            liquibase.changelog - Custom SQL executed
2026-08-05 16:17:21.581 INFO  [] -            liquibase.changelog - ChangeSet db/changelog/014-document-sequence.sql::014-03-drop-je-number-seq::averpo ran successfully in 8ms
2026-08-05 16:17:21.589 INFO  [] -            liquibase.ui - Running Changeset: db/changelog/015-closing-date.sql::015-01-company-settings-closing-date::averpo
2026-08-05 16:17:21.594 INFO  [] -            liquibase.changelog - Custom SQL executed
2026-08-05 16:17:21.598 INFO  [] -            liquibase.changelog - ChangeSet db/changelog/015-closing-date.sql::015-01-company-settings-closing-date::averpo ran successfully in 9ms
2026-08-05 16:17:21.606 INFO  [] -            liquibase.ui - Running Changeset: db/changelog/016-contact-extension.sql::016-01-contact-tax-credit::averpo
2026-08-05 16:17:21.616 INFO  [] -            liquibase.changelog - Custom SQL executed
2026-08-05 16:17:21.621 INFO  [] -            liquibase.changelog - ChangeSet db/changelog/016-contact-extension.sql::016-01-contact-tax-credit::averpo ran successfully in 15ms
2026-08-05 16:17:21.627 INFO  [] -            liquibase.ui - Running Changeset: db/changelog/016-contact-extension.sql::016-02-contact-address::averpo
2026-08-05 16:17:21.643 INFO  [] -            liquibase.changelog - Custom SQL executed
2026-08-05 16:17:21.647 INFO  [] -            liquibase.changelog - ChangeSet db/changelog/016-contact-extension.sql::016-02-contact-address::averpo ran successfully in 18ms
2026-08-05 16:17:21.656 INFO  [] -            liquibase.ui - Running Changeset: db/changelog/016-contact-extension.sql::016-03-contact-person::averpo
2026-08-05 16:17:21.668 INFO  [] -            liquibase.changelog - Custom SQL executed
2026-08-05 16:17:21.673 INFO  [] -            liquibase.changelog - ChangeSet db/changelog/016-contact-extension.sql::016-03-contact-person::averpo ran successfully in 17ms
2026-08-05 16:17:21.680 INFO  [] -            liquibase.ui - Running Changeset: db/changelog/016-contact-extension.sql::016-04-contact-bank-account::averpo
2026-08-05 16:17:21.694 INFO  [] -            liquibase.changelog - Custom SQL executed
2026-08-05 16:17:21.698 INFO  [] -            liquibase.changelog - ChangeSet db/changelog/016-contact-extension.sql::016-04-contact-bank-account::averpo ran successfully in 18ms
2026-08-05 16:17:21.705 INFO  [] -            liquibase.ui - Running Changeset: db/changelog/016-contact-extension.sql::016-05-contact-address-migrate::averpo
2026-08-05 16:17:21.720 INFO  [] -            liquibase.changelog - Custom SQL executed
2026-08-05 16:17:21.723 INFO  [] -            liquibase.changelog - ChangeSet db/changelog/016-contact-extension.sql::016-05-contact-address-migrate::averpo ran successfully in 18ms
2026-08-05 16:17:21.731 INFO  [] -            liquibase.ui - Running Changeset: db/changelog/017-inventory.sql::017-01-warehouse::averpo
2026-08-05 16:17:21.742 INFO  [] -            liquibase.changelog - Custom SQL executed
2026-08-05 16:17:21.747 INFO  [] -            liquibase.changelog - ChangeSet db/changelog/017-inventory.sql::017-01-warehouse::averpo ran successfully in 16ms
2026-08-05 16:17:21.754 INFO  [] -            liquibase.ui - Running Changeset: db/changelog/017-inventory.sql::017-02-warehouse-seed::averpo
2026-08-05 16:17:21.762 INFO  [] -            liquibase.changelog - Custom SQL executed
2026-08-05 16:17:21.765 INFO  [] -            liquibase.changelog - ChangeSet db/changelog/017-inventory.sql::017-02-warehouse-seed::averpo ran successfully in 10ms
2026-08-05 16:17:21.773 INFO  [] -            liquibase.ui - Running Changeset: db/changelog/017-inventory.sql::017-03-stock-movement::averpo
2026-08-05 16:17:21.793 INFO  [] -            liquibase.changelog - Custom SQL executed
2026-08-05 16:17:21.797 INFO  [] -            liquibase.changelog - ChangeSet db/changelog/017-inventory.sql::017-03-stock-movement::averpo ran successfully in 24ms
2026-08-05 16:17:21.805 INFO  [] -            liquibase.ui - Running Changeset: db/changelog/017-inventory.sql::017-04-stock-balance::averpo
2026-08-05 16:17:21.814 INFO  [] -            liquibase.changelog - Custom SQL executed
2026-08-05 16:17:21.817 INFO  [] -            liquibase.changelog - ChangeSet db/changelog/017-inventory.sql::017-04-stock-balance::averpo ran successfully in 12ms
2026-08-05 16:17:21.825 INFO  [] -            liquibase.ui - Running Changeset: db/changelog/017-inventory.sql::017-05-cost-layer::averpo
2026-08-05 16:17:21.837 INFO  [] -            liquibase.changelog - Custom SQL executed
2026-08-05 16:17:21.841 INFO  [] -            liquibase.changelog - ChangeSet db/changelog/017-inventory.sql::017-05-cost-layer::averpo ran successfully in 15ms
2026-08-05 16:17:21.847 INFO  [] -            liquibase.ui - Running Changeset: db/changelog/017-inventory.sql::017-06-cost-layer-consumption::averpo
2026-08-05 16:17:21.860 INFO  [] -            liquibase.changelog - Custom SQL executed
2026-08-05 16:17:21.864 INFO  [] -            liquibase.changelog - ChangeSet db/changelog/017-inventory.sql::017-06-cost-layer-consumption::averpo ran successfully in 17ms
2026-08-05 16:17:21.871 INFO  [] -            liquibase.ui - Running Changeset: db/changelog/018-detail-type-rename.sql::018-01-detail-type-rename::averpo
2026-08-05 16:17:21.894 INFO  [] -            liquibase.changelog - Custom SQL executed
2026-08-05 16:17:21.896 INFO  [] -            liquibase.changelog - ChangeSet db/changelog/018-detail-type-rename.sql::018-01-detail-type-rename::averpo ran successfully in 24ms
2026-08-05 16:17:21.904 INFO  [] -            liquibase.ui - Running Changeset: db/changelog/019-purchases.sql::019-01-bill::averpo
2026-08-05 16:17:21.928 INFO  [] -            liquibase.changelog - Custom SQL executed
2026-08-05 16:17:21.933 INFO  [] -            liquibase.changelog - ChangeSet db/changelog/019-purchases.sql::019-01-bill::averpo ran successfully in 28ms
2026-08-05 16:17:21.939 INFO  [] -            liquibase.ui - Running Changeset: db/changelog/019-purchases.sql::019-02-bill-line::averpo
2026-08-05 16:17:21.954 INFO  [] -            liquibase.changelog - Custom SQL executed
2026-08-05 16:17:21.958 INFO  [] -            liquibase.changelog - ChangeSet db/changelog/019-purchases.sql::019-02-bill-line::averpo ran successfully in 19ms
2026-08-05 16:17:21.967 INFO  [] -            liquibase.ui - Running Changeset: db/changelog/019-purchases.sql::019-03-bill-payment::averpo
2026-08-05 16:17:21.983 INFO  [] -            liquibase.changelog - Custom SQL executed
2026-08-05 16:17:21.987 INFO  [] -            liquibase.changelog - ChangeSet db/changelog/019-purchases.sql::019-03-bill-payment::averpo ran successfully in 20ms
2026-08-05 16:17:21.993 INFO  [] -            liquibase.ui - Running Changeset: db/changelog/019-purchases.sql::019-04-bill-payment-allocation::averpo
2026-08-05 16:17:22.007 INFO  [] -            liquibase.changelog - Custom SQL executed
2026-08-05 16:17:22.012 INFO  [] -            liquibase.changelog - ChangeSet db/changelog/019-purchases.sql::019-04-bill-payment-allocation::averpo ran successfully in 19ms
2026-08-05 16:17:22.019 INFO  [] -            liquibase.ui - Running Changeset: db/changelog/020-landed-cost.sql::020-01-landed-cost-allocation::averpo
2026-08-05 16:17:22.030 INFO  [] -            liquibase.changelog - Custom SQL executed
2026-08-05 16:17:22.034 INFO  [] -            liquibase.changelog - ChangeSet db/changelog/020-landed-cost.sql::020-01-landed-cost-allocation::averpo ran successfully in 15ms
2026-08-05 16:17:22.040 INFO  [] -            liquibase.ui - Running Changeset: db/changelog/020-landed-cost.sql::020-02-landed-cost-allocation-line::averpo
2026-08-05 16:17:22.056 INFO  [] -            liquibase.changelog - Custom SQL executed
2026-08-05 16:17:22.059 INFO  [] -            liquibase.changelog - ChangeSet db/changelog/020-landed-cost.sql::020-02-landed-cost-allocation-line::averpo ran successfully in 19ms
2026-08-05 16:17:22.067 INFO  [] -            liquibase.ui - Running Changeset: db/changelog/020-landed-cost.sql::020-03-landed-cost-sequence::averpo
2026-08-05 16:17:22.073 INFO  [] -            liquibase.changelog - Custom SQL executed
2026-08-05 16:17:22.076 INFO  [] -            liquibase.changelog - ChangeSet db/changelog/020-landed-cost.sql::020-03-landed-cost-sequence::averpo ran successfully in 8ms
2026-08-05 16:17:22.084 INFO  [] -            liquibase.ui - Running Changeset: db/changelog/021-sales.sql::021-01-invoice::averpo
2026-08-05 16:17:22.104 INFO  [] -            liquibase.changelog - Custom SQL executed
2026-08-05 16:17:22.110 INFO  [] -            liquibase.changelog - ChangeSet db/changelog/021-sales.sql::021-01-invoice::averpo ran successfully in 25ms
2026-08-05 16:17:22.117 INFO  [] -            liquibase.ui - Running Changeset: db/changelog/021-sales.sql::021-02-invoice-line::averpo
2026-08-05 16:17:22.136 INFO  [] -            liquibase.changelog - Custom SQL executed
2026-08-05 16:17:22.141 INFO  [] -            liquibase.changelog - ChangeSet db/changelog/021-sales.sql::021-02-invoice-line::averpo ran successfully in 24ms
2026-08-05 16:17:22.149 INFO  [] -            liquibase.ui - Running Changeset: db/changelog/021-sales.sql::021-03-invoice-payment::averpo
2026-08-05 16:17:22.166 INFO  [] -            liquibase.changelog - Custom SQL executed
2026-08-05 16:17:22.171 INFO  [] -            liquibase.changelog - ChangeSet db/changelog/021-sales.sql::021-03-invoice-payment::averpo ran successfully in 21ms
2026-08-05 16:17:22.178 INFO  [] -            liquibase.ui - Running Changeset: db/changelog/021-sales.sql::021-04-invoice-payment-allocation::averpo
2026-08-05 16:17:22.194 INFO  [] -            liquibase.changelog - Custom SQL executed
2026-08-05 16:17:22.197 INFO  [] -            liquibase.changelog - ChangeSet db/changelog/021-sales.sql::021-04-invoice-payment-allocation::averpo ran successfully in 18ms
2026-08-05 16:17:22.204 INFO  [] -            liquibase.ui - Running Changeset: db/changelog/021-sales.sql::021-05-receipt-sequence::averpo
2026-08-05 16:17:22.210 INFO  [] -            liquibase.changelog - Custom SQL executed
2026-08-05 16:17:22.212 INFO  [] -            liquibase.changelog - ChangeSet db/changelog/021-sales.sql::021-05-receipt-sequence::averpo ran successfully in 8ms
2026-08-05 16:17:22.220 INFO  [] -            liquibase.ui - Running Changeset: db/changelog/022-banking.sql::022-01-bank-transaction::averpo
2026-08-05 16:17:22.237 INFO  [] -            liquibase.changelog - Custom SQL executed
2026-08-05 16:17:22.241 INFO  [] -            liquibase.changelog - ChangeSet db/changelog/022-banking.sql::022-01-bank-transaction::averpo ran successfully in 21ms
2026-08-05 16:17:22.249 INFO  [] -            liquibase.ui - Running Changeset: db/changelog/022-banking.sql::022-02-bank-transaction-line::averpo
2026-08-05 16:17:22.259 INFO  [] -            liquibase.changelog - Custom SQL executed
2026-08-05 16:17:22.264 INFO  [] -            liquibase.changelog - ChangeSet db/changelog/022-banking.sql::022-02-bank-transaction-line::averpo ran successfully in 14ms
2026-08-05 16:17:22.270 INFO  [] -            liquibase.ui - Running Changeset: db/changelog/022-banking.sql::022-03-bank-reconciliation::averpo
2026-08-05 16:17:22.282 INFO  [] -            liquibase.changelog - Custom SQL executed
2026-08-05 16:17:22.285 INFO  [] -            liquibase.changelog - ChangeSet db/changelog/022-banking.sql::022-03-bank-reconciliation::averpo ran successfully in 14ms
2026-08-05 16:17:22.291 INFO  [] -            liquibase.ui - Running Changeset: db/changelog/022-banking.sql::022-04-bank-reconciliation-match::averpo
2026-08-05 16:17:22.302 INFO  [] -            liquibase.changelog - Custom SQL executed
2026-08-05 16:17:22.306 INFO  [] -            liquibase.changelog - ChangeSet db/changelog/022-banking.sql::022-04-bank-reconciliation-match::averpo ran successfully in 14ms
2026-08-05 16:17:22.313 INFO  [] -            liquibase.ui - Running Changeset: db/changelog/022-banking.sql::022-05-bank-txn-sequence::averpo
2026-08-05 16:17:22.319 INFO  [] -            liquibase.changelog - Custom SQL executed
2026-08-05 16:17:22.323 INFO  [] -            liquibase.changelog - ChangeSet db/changelog/022-banking.sql::022-05-bank-txn-sequence::averpo ran successfully in 9ms
2026-08-05 16:17:22.330 INFO  [] -            liquibase.ui - Running Changeset: db/changelog/023-line-uniques.sql::023-01-line-tables-unique::averpo
2026-08-05 16:17:22.340 INFO  [] -            liquibase.changelog - Custom SQL executed
2026-08-05 16:17:22.344 INFO  [] -            liquibase.changelog - ChangeSet db/changelog/023-line-uniques.sql::023-01-line-tables-unique::averpo ran successfully in 14ms
2026-08-05 16:17:22.352 INFO  [] -            liquibase.ui - Running Changeset: db/changelog/024-fiscal-year.sql::024-01-fiscal-year-start-month::averpo
2026-08-05 16:17:22.360 INFO  [] -            liquibase.changelog - Custom SQL executed
2026-08-05 16:17:22.363 INFO  [] -            liquibase.changelog - ChangeSet db/changelog/024-fiscal-year.sql::024-01-fiscal-year-start-month::averpo ran successfully in 11ms
2026-08-05 16:17:22.368 INFO  [] -            liquibase.ui - Running Changeset: db/changelog/025-lc-reversal-date.sql::025-01-lc-reversal-date::averpo
2026-08-05 16:17:22.378 INFO  [] -            liquibase.changelog - Custom SQL executed
2026-08-05 16:17:22.381 INFO  [] -            liquibase.changelog - ChangeSet db/changelog/025-lc-reversal-date.sql::025-01-lc-reversal-date::averpo ran successfully in 13ms
2026-08-05 16:17:22.387 INFO  [] -            liquibase.ui - Running Changeset: db/changelog/026-uom.sql::026-01-unit-group::averpo
2026-08-05 16:17:22.395 INFO  [] -            liquibase.changelog - Custom SQL executed
2026-08-05 16:17:22.399 INFO  [] -            liquibase.changelog - ChangeSet db/changelog/026-uom.sql::026-01-unit-group::averpo ran successfully in 11ms
2026-08-05 16:17:22.408 INFO  [] -            liquibase.ui - Running Changeset: db/changelog/026-uom.sql::026-02-unit-uom-columns::averpo
2026-08-05 16:17:22.427 INFO  [] -            liquibase.changelog - Custom SQL executed
2026-08-05 16:17:22.430 INFO  [] -            liquibase.changelog - ChangeSet db/changelog/026-uom.sql::026-02-unit-uom-columns::averpo ran successfully in 22ms
2026-08-05 16:17:22.437 INFO  [] -            liquibase.ui - Running Changeset: db/changelog/026-uom.sql::026-03-item-default-units::averpo
2026-08-05 16:17:22.444 INFO  [] -            liquibase.changelog - Custom SQL executed
2026-08-05 16:17:22.449 INFO  [] -            liquibase.changelog - ChangeSet db/changelog/026-uom.sql::026-03-item-default-units::averpo ran successfully in 11ms
2026-08-05 16:17:22.456 INFO  [] -            liquibase.ui - Running Changeset: db/changelog/027-bill-line-uom.sql::027-01-bill-line-uom::averpo
2026-08-05 16:17:22.466 INFO  [] -            liquibase.changelog - Custom SQL executed
2026-08-05 16:17:22.471 INFO  [] -            liquibase.changelog - ChangeSet db/changelog/027-bill-line-uom.sql::027-01-bill-line-uom::averpo ran successfully in 13ms
2026-08-05 16:17:22.479 INFO  [] -            liquibase.ui - Running Changeset: db/changelog/028-invoice-line-uom.sql::028-01-invoice-line-uom::averpo
2026-08-05 16:17:22.487 INFO  [] -            liquibase.changelog - Custom SQL executed
2026-08-05 16:17:22.490 INFO  [] -            liquibase.changelog - ChangeSet db/changelog/028-invoice-line-uom.sql::028-01-invoice-line-uom::averpo ran successfully in 11ms
2026-08-05 16:17:22.498 INFO  [] -            liquibase.ui - Running Changeset: db/changelog/029-user-management.sql::029-01-app-user-lockout::averpo
2026-08-05 16:17:22.505 INFO  [] -            liquibase.changelog - Custom SQL executed
2026-08-05 16:17:22.507 INFO  [] -            liquibase.changelog - ChangeSet db/changelog/029-user-management.sql::029-01-app-user-lockout::averpo ran successfully in 9ms
2026-08-05 16:17:22.513 INFO  [] -            liquibase.ui - Running Changeset: db/changelog/030-created-by.sql::030-01-created-by::averpo
2026-08-05 16:17:22.590 INFO  [] -            liquibase.changelog - Custom SQL executed
2026-08-05 16:17:22.594 INFO  [] -            liquibase.changelog - ChangeSet db/changelog/030-created-by.sql::030-01-created-by::averpo ran successfully in 80ms
2026-08-05 16:17:22.600 INFO  [] -            liquibase.ui - Running Changeset: db/changelog/031-price-list.sql::031-01-price-list::averpo
2026-08-05 16:17:22.614 INFO  [] -            liquibase.changelog - Custom SQL executed
2026-08-05 16:17:22.619 INFO  [] -            liquibase.changelog - ChangeSet db/changelog/031-price-list.sql::031-01-price-list::averpo ran successfully in 18ms
2026-08-05 16:17:22.626 INFO  [] -            liquibase.ui - Running Changeset: db/changelog/031-price-list.sql::031-02-price-list-item::averpo
2026-08-05 16:17:22.638 INFO  [] -            liquibase.changelog - Custom SQL executed
2026-08-05 16:17:22.641 INFO  [] -            liquibase.changelog - ChangeSet db/changelog/031-price-list.sql::031-02-price-list-item::averpo ran successfully in 15ms
2026-08-05 16:17:22.649 INFO  [] -            liquibase.ui - Running Changeset: db/changelog/031-price-list.sql::031-03-price-list-customer::averpo
2026-08-05 16:17:22.665 INFO  [] -            liquibase.changelog - Custom SQL executed
2026-08-05 16:17:22.669 INFO  [] -            liquibase.changelog - ChangeSet db/changelog/031-price-list.sql::031-03-price-list-customer::averpo ran successfully in 19ms
2026-08-05 16:17:22.677 INFO  [] -            liquibase.ui - Running Changeset: db/changelog/032-tax.sql::032-01-tax-rate::averpo
2026-08-05 16:17:22.687 INFO  [] -            liquibase.changelog - Custom SQL executed
2026-08-05 16:17:22.691 INFO  [] -            liquibase.changelog - ChangeSet db/changelog/032-tax.sql::032-01-tax-rate::averpo ran successfully in 14ms
2026-08-05 16:17:22.700 INFO  [] -            liquibase.ui - Running Changeset: db/changelog/032-tax.sql::032-02-tax-rate-seed::averpo
2026-08-05 16:17:22.705 INFO  [] -            liquibase.changelog - Custom SQL executed
2026-08-05 16:17:22.708 INFO  [] -            liquibase.changelog - ChangeSet db/changelog/032-tax.sql::032-02-tax-rate-seed::averpo ran successfully in 7ms
2026-08-05 16:17:22.718 INFO  [] -            liquibase.ui - Running Changeset: db/changelog/032-tax.sql::032-03-item-tax-defaults::averpo
2026-08-05 16:17:22.725 INFO  [] -            liquibase.changelog - Custom SQL executed
2026-08-05 16:17:22.730 INFO  [] -            liquibase.changelog - ChangeSet db/changelog/032-tax.sql::032-03-item-tax-defaults::averpo ran successfully in 11ms
2026-08-05 16:17:22.738 INFO  [] -            liquibase.ui - Running Changeset: db/changelog/032-tax.sql::032-04-bill-tax::averpo
2026-08-05 16:17:22.749 INFO  [] -            liquibase.changelog - Custom SQL executed
2026-08-05 16:17:22.753 INFO  [] -            liquibase.changelog - ChangeSet db/changelog/032-tax.sql::032-04-bill-tax::averpo ran successfully in 13ms
2026-08-05 16:17:22.759 INFO  [] -            liquibase.ui - Running Changeset: db/changelog/032-tax.sql::032-05-invoice-tax::averpo
2026-08-05 16:17:22.768 INFO  [] -            liquibase.changelog - Custom SQL executed
2026-08-05 16:17:22.774 INFO  [] -            liquibase.changelog - ChangeSet db/changelog/032-tax.sql::032-05-invoice-tax::averpo ran successfully in 15ms
2026-08-05 16:17:22.781 INFO  [] -            liquibase.ui - Running Changeset: db/changelog/033-exchange-rate-history.sql::033-01-exchange-rate-history::averpo
2026-08-05 16:17:22.789 INFO  [] -            liquibase.changelog - Custom SQL executed
2026-08-05 16:17:22.792 INFO  [] -            liquibase.changelog - ChangeSet db/changelog/033-exchange-rate-history.sql::033-01-exchange-rate-history::averpo ran successfully in 11ms
2026-08-05 16:17:22.798 INFO  [] -            liquibase.ui - Running Changeset: db/changelog/034-audit-log.sql::034-01-audit-event::averpo
2026-08-05 16:17:22.814 INFO  [] -            liquibase.changelog - Custom SQL executed
2026-08-05 16:17:22.818 INFO  [] -            liquibase.changelog - ChangeSet db/changelog/034-audit-log.sql::034-01-audit-event::averpo ran successfully in 20ms
2026-08-05 16:17:22.826 INFO  [] -            liquibase.ui - Running Changeset: db/changelog/035-exchange-rate-index.sql::035-01-exchange-rate-lookup-index::averpo
2026-08-05 16:17:22.833 INFO  [] -            liquibase.changelog - Custom SQL executed
2026-08-05 16:17:22.837 INFO  [] -            liquibase.changelog - ChangeSet db/changelog/035-exchange-rate-index.sql::035-01-exchange-rate-lookup-index::averpo ran successfully in 10ms
2026-08-05 16:17:22.843 INFO  [] -            liquibase.ui - Running Changeset: db/changelog/036-payment-method.sql::036-01-payment-method::averpo
2026-08-05 16:17:22.850 INFO  [] -            liquibase.changelog - Custom SQL executed
2026-08-05 16:17:22.854 INFO  [] -            liquibase.changelog - ChangeSet db/changelog/036-payment-method.sql::036-01-payment-method::averpo ran successfully in 10ms
2026-08-05 16:17:22.861 INFO  [] -            liquibase.ui - Running Changeset: db/changelog/036-payment-method.sql::036-02-payment-method-seed::averpo
2026-08-05 16:17:22.867 INFO  [] -            liquibase.changelog - Custom SQL executed
2026-08-05 16:17:22.871 INFO  [] -            liquibase.changelog - ChangeSet db/changelog/036-payment-method.sql::036-02-payment-method-seed::averpo ran successfully in 10ms
2026-08-05 16:17:22.879 INFO  [] -            liquibase.ui - Running Changeset: db/changelog/036-payment-method.sql::036-03-bank-transaction-payment-fields::averpo
2026-08-05 16:17:22.885 INFO  [] -            liquibase.changelog - Custom SQL executed
2026-08-05 16:17:22.888 INFO  [] -            liquibase.changelog - ChangeSet db/changelog/036-payment-method.sql::036-03-bank-transaction-payment-fields::averpo ran successfully in 9ms
2026-08-05 16:17:22.895 INFO  [] -            liquibase.ui - Running Changeset: db/changelog/036-payment-method.sql::036-04-audit-event-entry-index::averpo
2026-08-05 16:17:22.901 INFO  [] -            liquibase.changelog - Custom SQL executed
2026-08-05 16:17:22.904 INFO  [] -            liquibase.changelog - ChangeSet db/changelog/036-payment-method.sql::036-04-audit-event-entry-index::averpo ran successfully in 9ms
2026-08-05 16:17:22.914 INFO  [] -            liquibase.ui - Running Changeset: db/changelog/037-class-tracking.sql::037-01-txn-class::averpo
2026-08-05 16:17:22.922 INFO  [] -            liquibase.changelog - Custom SQL executed
2026-08-05 16:17:22.927 INFO  [] -            liquibase.changelog - ChangeSet db/changelog/037-class-tracking.sql::037-01-txn-class::averpo ran successfully in 13ms
2026-08-05 16:17:22.934 INFO  [] -            liquibase.ui - Running Changeset: db/changelog/037-class-tracking.sql::037-02-company-settings-track-classes::averpo
2026-08-05 16:17:22.938 INFO  [] -            liquibase.changelog - Custom SQL executed
2026-08-05 16:17:22.942 INFO  [] -            liquibase.changelog - ChangeSet db/changelog/037-class-tracking.sql::037-02-company-settings-track-classes::averpo ran successfully in 8ms
2026-08-05 16:17:22.948 INFO  [] -            liquibase.ui - Running Changeset: db/changelog/037-class-tracking.sql::037-03-line-class-columns::averpo
2026-08-05 16:17:22.963 INFO  [] -            liquibase.changelog - Custom SQL executed
2026-08-05 16:17:22.967 INFO  [] -            liquibase.changelog - ChangeSet db/changelog/037-class-tracking.sql::037-03-line-class-columns::averpo ran successfully in 19ms
2026-08-05 16:17:22.977 INFO  [] -            liquibase.ui - Running Changeset: db/changelog/038-credit-memo.sql::038-01-credit-memo::averpo
2026-08-05 16:17:22.988 INFO  [] -            liquibase.changelog - Custom SQL executed
2026-08-05 16:17:22.993 INFO  [] -            liquibase.changelog - ChangeSet db/changelog/038-credit-memo.sql::038-01-credit-memo::averpo ran successfully in 16ms
2026-08-05 16:17:23.001 INFO  [] -            liquibase.ui - Running Changeset: db/changelog/038-credit-memo.sql::038-02-credit-memo-line::averpo
2026-08-05 16:17:23.014 INFO  [] -            liquibase.changelog - Custom SQL executed
2026-08-05 16:17:23.018 INFO  [] -            liquibase.changelog - ChangeSet db/changelog/038-credit-memo.sql::038-02-credit-memo-line::averpo ran successfully in 17ms
2026-08-05 16:17:23.024 INFO  [] -            liquibase.ui - Running Changeset: db/changelog/038-credit-memo.sql::038-03-credit-application::averpo
2026-08-05 16:17:23.032 INFO  [] -            liquibase.changelog - Custom SQL executed
2026-08-05 16:17:23.037 INFO  [] -            liquibase.changelog - ChangeSet db/changelog/038-credit-memo.sql::038-03-credit-application::averpo ran successfully in 12ms
2026-08-05 16:17:23.045 INFO  [] -            liquibase.ui - Running Changeset: db/changelog/038-credit-memo.sql::038-04-credit-memo-sequence::averpo
2026-08-05 16:17:23.050 INFO  [] -            liquibase.changelog - Custom SQL executed
2026-08-05 16:17:23.053 INFO  [] -            liquibase.changelog - ChangeSet db/changelog/038-credit-memo.sql::038-04-credit-memo-sequence::averpo ran successfully in 8ms
2026-08-05 16:17:23.058 INFO  [] -            liquibase.ui - Running Changeset: db/changelog/039-estimates-po.sql::039-01-estimate::averpo
2026-08-05 16:17:23.076 INFO  [] -            liquibase.changelog - Custom SQL executed
2026-08-05 16:17:23.079 INFO  [] -            liquibase.changelog - ChangeSet db/changelog/039-estimates-po.sql::039-01-estimate::averpo ran successfully in 20ms
2026-08-05 16:17:23.086 INFO  [] -            liquibase.ui - Running Changeset: db/changelog/039-estimates-po.sql::039-02-estimate-line::averpo
2026-08-05 16:17:23.101 INFO  [] -            liquibase.changelog - Custom SQL executed
2026-08-05 16:17:23.106 INFO  [] -            liquibase.changelog - ChangeSet db/changelog/039-estimates-po.sql::039-02-estimate-line::averpo ran successfully in 20ms
2026-08-05 16:17:23.115 INFO  [] -            liquibase.ui - Running Changeset: db/changelog/039-estimates-po.sql::039-03-purchase-order::averpo
2026-08-05 16:17:23.133 INFO  [] -            liquibase.changelog - Custom SQL executed
2026-08-05 16:17:23.135 INFO  [] -            liquibase.changelog - ChangeSet db/changelog/039-estimates-po.sql::039-03-purchase-order::averpo ran successfully in 20ms
2026-08-05 16:17:23.145 INFO  [] -            liquibase.ui - Running Changeset: db/changelog/039-estimates-po.sql::039-04-purchase-order-line::averpo
2026-08-05 16:17:23.161 INFO  [] -            liquibase.changelog - Custom SQL executed
2026-08-05 16:17:23.167 INFO  [] -            liquibase.changelog - ChangeSet db/changelog/039-estimates-po.sql::039-04-purchase-order-line::averpo ran successfully in 22ms
2026-08-05 16:17:23.174 INFO  [] -            liquibase.ui - Running Changeset: db/changelog/039-estimates-po.sql::039-05-est-po-sequences::averpo
2026-08-05 16:17:23.178 INFO  [] -            liquibase.changelog - Custom SQL executed
2026-08-05 16:17:23.181 INFO  [] -            liquibase.changelog - ChangeSet db/changelog/039-estimates-po.sql::039-05-est-po-sequences::averpo ran successfully in 7ms
2026-08-05 16:17:23.187 INFO  [] -            liquibase.ui - Running Changeset: db/changelog/040-drop-price-list-item-index.sql::040-drop-price-list-item-index::averpo
2026-08-05 16:17:23.191 INFO  [] -            liquibase.changelog - Custom SQL executed
2026-08-05 16:17:23.194 INFO  [] -            liquibase.changelog - ChangeSet db/changelog/040-drop-price-list-item-index.sql::040-drop-price-list-item-index::averpo ran successfully in 7ms
2026-08-05 16:17:23.202 INFO  [] -            liquibase.ui - Running Changeset: db/changelog/041-vendor-credit-refund-receipt.sql::041-01-vendor-credit::averpo
2026-08-05 16:17:23.218 INFO  [] -            liquibase.changelog - Custom SQL executed
2026-08-05 16:17:23.223 INFO  [] -            liquibase.changelog - ChangeSet db/changelog/041-vendor-credit-refund-receipt.sql::041-01-vendor-credit::averpo ran successfully in 20ms
2026-08-05 16:17:23.230 INFO  [] -            liquibase.ui - Running Changeset: db/changelog/041-vendor-credit-refund-receipt.sql::041-02-vendor-credit-line::averpo
2026-08-05 16:17:23.241 INFO  [] -            liquibase.changelog - Custom SQL executed
2026-08-05 16:17:23.246 INFO  [] -            liquibase.changelog - ChangeSet db/changelog/041-vendor-credit-refund-receipt.sql::041-02-vendor-credit-line::averpo ran successfully in 16ms
2026-08-05 16:17:23.252 INFO  [] -            liquibase.ui - Running Changeset: db/changelog/041-vendor-credit-refund-receipt.sql::041-03-vendor-credit-application::averpo
2026-08-05 16:17:23.260 INFO  [] -            liquibase.changelog - Custom SQL executed
2026-08-05 16:17:23.266 INFO  [] -            liquibase.changelog - ChangeSet db/changelog/041-vendor-credit-refund-receipt.sql::041-03-vendor-credit-application::averpo ran successfully in 13ms
2026-08-05 16:17:23.273 INFO  [] -            liquibase.ui - Running Changeset: db/changelog/041-vendor-credit-refund-receipt.sql::041-04-refund-receipt::averpo
2026-08-05 16:17:23.286 INFO  [] -            liquibase.changelog - Custom SQL executed
2026-08-05 16:17:23.289 INFO  [] -            liquibase.changelog - ChangeSet db/changelog/041-vendor-credit-refund-receipt.sql::041-04-refund-receipt::averpo ran successfully in 15ms
2026-08-05 16:17:23.295 INFO  [] -            liquibase.ui - Running Changeset: db/changelog/041-vendor-credit-refund-receipt.sql::041-05-refund-receipt-line::averpo
2026-08-05 16:17:23.311 INFO  [] -            liquibase.changelog - Custom SQL executed
2026-08-05 16:17:23.316 INFO  [] -            liquibase.changelog - ChangeSet db/changelog/041-vendor-credit-refund-receipt.sql::041-05-refund-receipt-line::averpo ran successfully in 21ms
2026-08-05 16:17:23.327 INFO  [] -            liquibase.ui - Running Changeset: db/changelog/041-vendor-credit-refund-receipt.sql::041-06-returns-sequences::averpo
2026-08-05 16:17:23.333 INFO  [] -            liquibase.changelog - Custom SQL executed
2026-08-05 16:17:23.335 INFO  [] -            liquibase.changelog - ChangeSet db/changelog/041-vendor-credit-refund-receipt.sql::041-06-returns-sequences::averpo ran successfully in 7ms
2026-08-05 16:17:23.341 INFO  [] -            liquibase.ui - Running Changeset: db/changelog/042-attachment.sql::042-01-attachment::averpo
2026-08-05 16:17:23.354 INFO  [] -            liquibase.changelog - Custom SQL executed
2026-08-05 16:17:23.358 INFO  [] -            liquibase.changelog - ChangeSet db/changelog/042-attachment.sql::042-01-attachment::averpo ran successfully in 16ms
2026-08-05 16:17:23.367 INFO  [] -            liquibase.ui - Running Changeset: db/changelog/043-payroll-employee.sql::043-01-contact-monthly-salary::averpo
2026-08-05 16:17:23.372 INFO  [] -            liquibase.changelog - Custom SQL executed
2026-08-05 16:17:23.376 INFO  [] -            liquibase.changelog - ChangeSet db/changelog/043-payroll-employee.sql::043-01-contact-monthly-salary::averpo ran successfully in 7ms
2026-08-05 16:17:23.382 INFO  [] -            liquibase.ui - Running Changeset: db/changelog/043-payroll-employee.sql::043-02-company-settings-payroll-rates::averpo
2026-08-05 16:17:23.393 INFO  [] -            liquibase.changelog - Custom SQL executed
2026-08-05 16:17:23.397 INFO  [] -            liquibase.changelog - ChangeSet db/changelog/043-payroll-employee.sql::043-02-company-settings-payroll-rates::averpo ran successfully in 14ms
2026-08-05 16:17:23.406 INFO  [] -            liquibase.ui - Running Changeset: db/changelog/043-payroll-employee.sql::043-03-payroll-accounts-seed::averpo
2026-08-05 16:17:23.424 INFO  [] -            liquibase.changelog - Custom SQL executed
2026-08-05 16:17:23.426 INFO  [] -            liquibase.changelog - ChangeSet db/changelog/043-payroll-employee.sql::043-03-payroll-accounts-seed::averpo ran successfully in 20ms
2026-08-05 16:17:23.435 INFO  [] -            liquibase.ui - Running Changeset: db/changelog/044-payroll-run.sql::044-01-payroll-run::averpo
2026-08-05 16:17:23.443 INFO  [] -            liquibase.changelog - Custom SQL executed
2026-08-05 16:17:23.450 INFO  [] -            liquibase.changelog - ChangeSet db/changelog/044-payroll-run.sql::044-01-payroll-run::averpo ran successfully in 14ms
2026-08-05 16:17:23.457 INFO  [] -            liquibase.ui - Running Changeset: db/changelog/044-payroll-run.sql::044-02-payroll-run-period-posted-unique::averpo
2026-08-05 16:17:23.462 INFO  [] -            liquibase.changelog - Custom SQL executed
2026-08-05 16:17:23.466 INFO  [] -            liquibase.changelog - ChangeSet db/changelog/044-payroll-run.sql::044-02-payroll-run-period-posted-unique::averpo ran successfully in 8ms
2026-08-05 16:17:23.472 INFO  [] -            liquibase.ui - Running Changeset: db/changelog/044-payroll-run.sql::044-03-payroll-run-line::averpo
2026-08-05 16:17:23.485 INFO  [] -            liquibase.changelog - Custom SQL executed
2026-08-05 16:17:23.490 INFO  [] -            liquibase.changelog - ChangeSet db/changelog/044-payroll-run.sql::044-03-payroll-run-line::averpo ran successfully in 18ms
2026-08-05 16:17:23.499 INFO  [] -            liquibase.ui - Running Changeset: db/changelog/044-payroll-run.sql::044-04-payroll-run-sequence::averpo
2026-08-05 16:17:23.504 INFO  [] -            liquibase.changelog - Custom SQL executed
2026-08-05 16:17:23.508 INFO  [] -            liquibase.changelog - ChangeSet db/changelog/044-payroll-run.sql::044-04-payroll-run-sequence::averpo ran successfully in 8ms
2026-08-05 16:17:23.515 INFO  [] -            liquibase.ui - Running Changeset: db/changelog/045-payroll-payment.sql::045-01-payroll-payment::averpo
2026-08-05 16:17:23.524 INFO  [] -            liquibase.changelog - Custom SQL executed
2026-08-05 16:17:23.529 INFO  [] -            liquibase.changelog - ChangeSet db/changelog/045-payroll-payment.sql::045-01-payroll-payment::averpo ran successfully in 13ms
2026-08-05 16:17:23.543 INFO  [] -            liquibase.ui - Running Changeset: db/changelog/045-payroll-payment.sql::045-02-payroll-payment-line::averpo
2026-08-05 16:17:23.565 INFO  [] -            liquibase.changelog - Custom SQL executed
2026-08-05 16:17:23.570 INFO  [] -            liquibase.changelog - ChangeSet db/changelog/045-payroll-payment.sql::045-02-payroll-payment-line::averpo ran successfully in 27ms
2026-08-05 16:17:23.581 INFO  [] -            liquibase.ui - Running Changeset: db/changelog/045-payroll-payment.sql::045-03-payroll-payment-sequence::averpo
2026-08-05 16:17:23.590 INFO  [] -            liquibase.changelog - Custom SQL executed
2026-08-05 16:17:23.594 INFO  [] -            liquibase.changelog - ChangeSet db/changelog/045-payroll-payment.sql::045-03-payroll-payment-sequence::averpo ran successfully in 13ms
2026-08-05 16:17:23.601 INFO  [] -            liquibase.ui - Running Changeset: db/changelog/046-sales-receipt.sql::046-01-sales-receipt::averpo
2026-08-05 16:17:23.615 INFO  [] -            liquibase.changelog - Custom SQL executed
2026-08-05 16:17:23.625 INFO  [] -            liquibase.changelog - ChangeSet db/changelog/046-sales-receipt.sql::046-01-sales-receipt::averpo ran successfully in 23ms
2026-08-05 16:17:23.632 INFO  [] -            liquibase.ui - Running Changeset: db/changelog/046-sales-receipt.sql::046-02-sales-receipt-line::averpo
2026-08-05 16:17:23.645 INFO  [] -            liquibase.changelog - Custom SQL executed
2026-08-05 16:17:23.651 INFO  [] -            liquibase.changelog - ChangeSet db/changelog/046-sales-receipt.sql::046-02-sales-receipt-line::averpo ran successfully in 19ms
2026-08-05 16:17:23.657 INFO  [] -            liquibase.ui - Running Changeset: db/changelog/046-sales-receipt.sql::046-03-sales-receipt-sequence::averpo
2026-08-05 16:17:23.665 INFO  [] -            liquibase.changelog - Custom SQL executed
2026-08-05 16:17:23.670 INFO  [] -            liquibase.changelog - ChangeSet db/changelog/046-sales-receipt.sql::046-03-sales-receipt-sequence::averpo ran successfully in 12ms
2026-08-05 16:17:23.678 INFO  [] -            liquibase.ui - Running Changeset: db/changelog/047-list-index-perf.sql::047-01-jel-contact-index::averpo
2026-08-05 16:17:23.685 INFO  [] -            liquibase.changelog - Custom SQL executed
2026-08-05 16:17:23.688 INFO  [] -            liquibase.changelog - ChangeSet db/changelog/047-list-index-perf.sql::047-01-jel-contact-index::averpo ran successfully in 10ms
2026-08-05 16:17:23.694 INFO  [] -            liquibase.ui - Running Changeset: db/changelog/047-list-index-perf.sql::047-02-returns-lookup-indexes::averpo
2026-08-05 16:17:23.709 INFO  [] -            liquibase.changelog - Custom SQL executed
2026-08-05 16:17:23.712 INFO  [] -            liquibase.changelog - ChangeSet db/changelog/047-list-index-perf.sql::047-02-returns-lookup-indexes::averpo ran successfully in 16ms
2026-08-05 16:17:23.718 INFO  [] -            liquibase.ui - Running Changeset: db/changelog/048-setup-done.sql::048-01-company-settings-setup-done::averpo
2026-08-05 16:17:23.727 INFO  [] -            liquibase.changelog - Custom SQL executed
2026-08-05 16:17:23.730 INFO  [] -            liquibase.changelog - ChangeSet db/changelog/048-setup-done.sql::048-01-company-settings-setup-done::averpo ran successfully in 11ms
2026-08-05 16:17:23.735 INFO  [] -            liquibase.ui - Running Changeset: db/changelog/049-stock-movement-date-index.sql::049-01-stock-movement-date-index::averpo
2026-08-05 16:17:23.741 INFO  [] -            liquibase.changelog - Custom SQL executed
2026-08-05 16:17:23.745 INFO  [] -            liquibase.changelog - ChangeSet db/changelog/049-stock-movement-date-index.sql::049-01-stock-movement-date-index::averpo ran successfully in 9ms
2026-08-05 16:17:23.751 INFO  [] -            liquibase.ui - Running Changeset: db/changelog/050-audit-user-agent.sql::050-01-audit-user-agent::averpo
2026-08-05 16:17:23.756 INFO  [] -            liquibase.changelog - Custom SQL executed
2026-08-05 16:17:23.759 INFO  [] -            liquibase.changelog - ChangeSet db/changelog/050-audit-user-agent.sql::050-01-audit-user-agent::averpo ran successfully in 8ms
2026-08-05 16:17:23.766 INFO  [] -            liquibase.ui - Running Changeset: db/changelog/051-returns-family-invariants.sql::051-01-returns-family-rate-check::averpo
2026-08-05 16:17:23.776 INFO  [] -            liquibase.changelog - Custom SQL executed
2026-08-05 16:17:23.780 INFO  [] -            liquibase.changelog - ChangeSet db/changelog/051-returns-family-invariants.sql::051-01-returns-family-rate-check::averpo ran successfully in 14ms
2026-08-05 16:17:23.786 INFO  [] -            liquibase.ui - Running Changeset: db/changelog/051-returns-family-invariants.sql::051-02-sales-receipt-line-price-precision::averpo
2026-08-05 16:17:23.792 INFO  [] -            liquibase.changelog - Custom SQL executed
2026-08-05 16:17:23.796 INFO  [] -            liquibase.changelog - ChangeSet db/changelog/051-returns-family-invariants.sql::051-02-sales-receipt-line-price-precision::averpo ran successfully in 10ms
2026-08-05 16:17:23.803 INFO  [] -            liquibase.ui - Running Changeset: db/changelog/051-returns-family-invariants.sql::051-03-payroll-gross-check::averpo
2026-08-05 16:17:23.808 INFO  [] -            liquibase.changelog - Custom SQL executed
2026-08-05 16:17:23.811 INFO  [] -            liquibase.changelog - ChangeSet db/changelog/051-returns-family-invariants.sql::051-03-payroll-gross-check::averpo ran successfully in 8ms
2026-08-05 16:17:23.817 INFO  [] -            liquibase.ui - Running Changeset: db/changelog/052-user-roles-migration.sql::052-01-user-roles-migration::averpo
2026-08-05 16:17:23.823 INFO  [] -            liquibase.changelog - Custom SQL executed
2026-08-05 16:17:23.824 INFO  [] -            liquibase.changelog - ChangeSet db/changelog/052-user-roles-migration.sql::052-01-user-roles-migration::averpo ran successfully in 7ms
2026-08-05 16:17:23.829 INFO  [] -            liquibase.ui - Running Changeset: db/changelog/053-audit-ipv4-country.sql::053-01-audit-ipv4-country::averpo
2026-08-05 16:17:23.835 INFO  [] -            liquibase.changelog - Custom SQL executed
2026-08-05 16:17:23.839 INFO  [] -            liquibase.changelog - ChangeSet db/changelog/053-audit-ipv4-country.sql::053-01-audit-ipv4-country::averpo ran successfully in 9ms
2026-08-05 16:17:23.845 INFO  [] -            liquibase.ui - Running Changeset: db/changelog/054-company-info.sql::054-company-info::averpo
2026-08-05 16:17:23.876 INFO  [] -            liquibase.changelog - Custom SQL executed
2026-08-05 16:17:23.879 INFO  [] -            liquibase.changelog - ChangeSet db/changelog/054-company-info.sql::054-company-info::averpo ran successfully in 33ms
2026-08-05 16:17:23.885 INFO  [] -            liquibase.ui - Running Changeset: db/changelog/056-stock-document.sql::056-01-stock-adjustment::averpo
2026-08-05 16:17:23.897 INFO  [] -            liquibase.changelog - Custom SQL executed
2026-08-05 16:17:23.901 INFO  [] -            liquibase.changelog - ChangeSet db/changelog/056-stock-document.sql::056-01-stock-adjustment::averpo ran successfully in 16ms
2026-08-05 16:17:23.907 INFO  [] -            liquibase.ui - Running Changeset: db/changelog/056-stock-document.sql::056-02-stock-adjustment-line::averpo
2026-08-05 16:17:23.921 INFO  [] -            liquibase.changelog - Custom SQL executed
2026-08-05 16:17:23.925 INFO  [] -            liquibase.changelog - ChangeSet db/changelog/056-stock-document.sql::056-02-stock-adjustment-line::averpo ran successfully in 18ms
2026-08-05 16:17:23.932 INFO  [] -            liquibase.ui - Running Changeset: db/changelog/056-stock-document.sql::056-03-stock-transfer::averpo
2026-08-05 16:17:23.941 INFO  [] -            liquibase.changelog - Custom SQL executed
2026-08-05 16:17:23.945 INFO  [] -            liquibase.changelog - ChangeSet db/changelog/056-stock-document.sql::056-03-stock-transfer::averpo ran successfully in 13ms
2026-08-05 16:17:23.950 INFO  [] -            liquibase.ui - Running Changeset: db/changelog/056-stock-document.sql::056-04-stock-transfer-line::averpo
2026-08-05 16:17:23.969 INFO  [] -            liquibase.changelog - Custom SQL executed
2026-08-05 16:17:23.973 INFO  [] -            liquibase.changelog - ChangeSet db/changelog/056-stock-document.sql::056-04-stock-transfer-line::averpo ran successfully in 21ms
2026-08-05 16:17:23.979 INFO  [] -            liquibase.ui - Running Changeset: db/changelog/056-stock-document.sql::056-05-stock-document-sequence::averpo
2026-08-05 16:17:23.984 INFO  [] -            liquibase.changelog - Custom SQL executed
2026-08-05 16:17:23.988 INFO  [] -            liquibase.changelog - ChangeSet db/changelog/056-stock-document.sql::056-05-stock-document-sequence::averpo ran successfully in 8ms
2026-08-05 16:17:23.995 INFO  [] -            liquibase.ui - Running Changeset: db/changelog/057-app-user-profile.sql::057-app-user-profile::averpo
2026-08-05 16:17:24.019 INFO  [] -            liquibase.changelog - Custom SQL executed
2026-08-05 16:17:24.022 INFO  [] -            liquibase.changelog - ChangeSet db/changelog/057-app-user-profile.sql::057-app-user-profile::averpo ran successfully in 26ms
2026-08-05 16:17:24.028 INFO  [] -            liquibase.ui - Running Changeset: db/changelog/059-telegram.sql::059-01-telegram-settings::averpo
2026-08-05 16:17:24.035 INFO  [] -            liquibase.changelog - Custom SQL executed
2026-08-05 16:17:24.038 INFO  [] -            liquibase.changelog - ChangeSet db/changelog/059-telegram.sql::059-01-telegram-settings::averpo ran successfully in 10ms
2026-08-05 16:17:24.044 INFO  [] -            liquibase.ui - Running Changeset: db/changelog/059-telegram.sql::059-02-app-user-telegram::averpo
2026-08-05 16:17:24.059 INFO  [] -            liquibase.changelog - Custom SQL executed
2026-08-05 16:17:24.063 INFO  [] -            liquibase.changelog - ChangeSet db/changelog/059-telegram.sql::059-02-app-user-telegram::averpo ran successfully in 18ms
2026-08-05 16:17:24.068 INFO  [] -            liquibase.ui - Running Changeset: db/changelog/060-stock-external-ref.sql::060-01-stock-adjustment-external-ref::averpo
2026-08-05 16:17:24.072 INFO  [] -            liquibase.changelog - Custom SQL executed
2026-08-05 16:17:24.076 INFO  [] -            liquibase.changelog - ChangeSet db/changelog/060-stock-external-ref.sql::060-01-stock-adjustment-external-ref::averpo ran successfully in 8ms
2026-08-05 16:17:24.082 INFO  [] -            liquibase.ui - Running Changeset: db/changelog/060-stock-external-ref.sql::060-02-stock-transfer-external-ref::averpo
2026-08-05 16:17:24.085 INFO  [] -            liquibase.changelog - Custom SQL executed
2026-08-05 16:17:24.088 INFO  [] -            liquibase.changelog - ChangeSet db/changelog/060-stock-external-ref.sql::060-02-stock-transfer-external-ref::averpo ran successfully in 6ms
2026-08-05 16:17:24.095 INFO  [] -            liquibase.ui - Running Changeset: db/changelog/061-indexes.sql::061-01-list-filter-indexes::averpo
2026-08-05 16:17:24.134 INFO  [] -            liquibase.changelog - Custom SQL executed
2026-08-05 16:17:24.138 INFO  [] -            liquibase.changelog - ChangeSet db/changelog/061-indexes.sql::061-01-list-filter-indexes::averpo ran successfully in 42ms
2026-08-05 16:17:24.144 INFO  [] -            liquibase.ui - Running Changeset: db/changelog/065-plugins.sql::065-01-plugin-state::averpo
2026-08-05 16:17:24.151 INFO  [] -            liquibase.changelog - Custom SQL executed
2026-08-05 16:17:24.157 INFO  [] -            liquibase.changelog - ChangeSet db/changelog/065-plugins.sql::065-01-plugin-state::averpo ran successfully in 11ms
2026-08-05 16:17:24.164 INFO  [] -            liquibase.ui - Running Changeset: db/changelog/066-refinement.sql::066-refinement::averpo
2026-08-05 16:17:24.172 INFO  [] -            liquibase.changelog - Custom SQL executed
2026-08-05 16:17:24.176 INFO  [] -            liquibase.changelog - ChangeSet db/changelog/066-refinement.sql::066-refinement::averpo ran successfully in 12ms
2026-08-05 16:17:24.182 INFO  [] -            liquibase.ui - Running Changeset: db/changelog/068-telegram-webhook.sql::068-telegram-webhook::averpo
2026-08-05 16:17:24.187 INFO  [] -            liquibase.changelog - Custom SQL executed
2026-08-05 16:17:24.190 INFO  [] -            liquibase.changelog - ChangeSet db/changelog/068-telegram-webhook.sql::068-telegram-webhook::averpo ran successfully in 8ms
2026-08-05 16:17:24.205 INFO  [] -            liquibase.util - UPDATE SUMMARY
2026-08-05 16:17:24.205 INFO  [] -            liquibase.util - Run:                        142
2026-08-05 16:17:24.205 INFO  [] -            liquibase.util - Previously run:               0
2026-08-05 16:17:24.205 INFO  [] -            liquibase.util - Filtered out:                 0
2026-08-05 16:17:24.205 INFO  [] -            liquibase.util - -------------------------------
2026-08-05 16:17:24.205 INFO  [] -            liquibase.util - Total change sets:          142
2026-08-05 16:17:24.206 INFO  [] -            liquibase.util - Update summary generated
2026-08-05 16:17:24.211 INFO  [] -            liquibase.command - Update command completed successfully.
2026-08-05 16:17:24.211 INFO  [] -            liquibase.ui - Liquibase: Update has been successful. Rows affected: 40
2026-08-05 16:17:24.222 INFO  [] -            liquibase.lockservice - Successfully released change log lock
2026-08-05 16:17:24.225 INFO  [] -            liquibase.command - Command execution complete
2026-08-05 16:17:26.983 INFO  [] -            o.s.o.j.p.SpringPersistenceUnitInfo - No LoadTimeWeaver setup: ignoring JPA class transformer
2026-08-05 16:17:30.034 INFO  [] -            o.s.o.j.LocalContainerEntityManagerFactoryBean - Initialized JPA EntityManagerFactory for persistence unit 'default'
2026-08-05 16:17:30.196 INFO  [] -            o.s.d.j.r.q.QueryEnhancerFactories - Hibernate is in classpath; If applicable, HQL parser will be used.
2026-08-05 16:17:35.962 INFO  [] -            o.a.coyote.http11.Http11NioProtocol - Starting ProtocolHandler ["http-nio-8091"]
2026-08-05 16:17:35.989 INFO  [] -            o.s.boot.tomcat.TomcatWebServer - Tomcat started on port 8091 (http) with context path '/'
2026-08-05 16:17:35.993 INFO  [] -            c.a.e.p.t.service.TelegramPoller - Telegram poller ишга тушди
2026-08-05 16:17:36.007 INFO  [] -            com.averpo.erp.AverpoApplication - Started AverpoApplication in 21.347 seconds (process running for 21.999)
2026-08-05 16:17:36.626 INFO  [] -            c.a.e.i.c.DefaultUnitsInitializer - Янги ўрнатиш: стандарт UOM гуруҳлари автоматик ўрнатилди
2026-08-05 16:17:36.641 WARN  [] -            c.a.e.s.config.AdminUserInitializer - ДИҚҚАТ: admin фойдаланувчиси DEV DEFAULT парол билан яратилди. Production'da AVERPO_ADMIN_PASSWORD env бериш ШАРТ!
2026-08-05 16:17:39.286 INFO  [] -            c.averpo.erp.config.DemoDataSeeder - Demo каталог: 30 мижоз, 20 етказувчи, 16 товар, 4 хизмат, 6 омбор
2026-08-05 16:17:39.537 INFO  [] -            c.a.e.l.service.PostingServiceImpl - JE POSTED: BANK_TXN JE-2026-000001 home жами 200000000.0000
2026-08-05 16:17:39.746 INFO  [] -            c.a.e.l.service.PostingServiceImpl - JE POSTED: BILL JE-2026-000002 home жами 73956960.0000
2026-08-05 16:17:40.044 INFO  [] -            c.a.e.l.service.PostingServiceImpl - JE POSTED: INVOICE JE-2026-000003 home жами 24073456.0000
2026-08-05 16:17:40.194 INFO  [] -            c.a.e.l.service.PostingServiceImpl - JE POSTED: INVOICE JE-2026-000004 home жами 809600.0000
2026-08-05 16:17:40.269 INFO  [] -            c.a.e.l.service.PostingServiceImpl - JE POSTED: BANK_TXN JE-2026-000005 home жами 4560000.0000
2026-08-05 16:17:40.337 INFO  [] -            c.a.e.l.service.PostingServiceImpl - JE POSTED: BANK_TXN JE-2026-000006 home жами 1850000.0000
2026-08-05 16:17:40.461 INFO  [] -            c.a.e.l.service.PostingServiceImpl - JE POSTED: BILL JE-2026-000007 home жами 78102528.0000
2026-08-05 16:17:40.634 INFO  [] -            c.a.e.l.service.PostingServiceImpl - JE POSTED: BILL JE-2026-000008 home жами 44556288.0000
2026-08-05 16:17:40.843 INFO  [] -            c.a.e.l.service.PostingServiceImpl - JE POSTED: INVOICE JE-2026-000009 home жами 11618304.0000
2026-08-05 16:17:41.002 INFO  [] -            c.a.e.l.service.PostingServiceImpl - JE POSTED: INVOICE JE-2026-000010 home жами 14299136.0000
2026-08-05 16:17:41.214 INFO  [] -            c.a.e.l.service.PostingServiceImpl - JE POSTED: INVOICE JE-2026-000011 home жами 16975872.0000
2026-08-05 16:17:41.294 INFO  [] -            c.a.e.l.service.PostingServiceImpl - JE POSTED: BANK_TXN JE-2026-000012 home жами 4620000.0000
2026-08-05 16:17:41.366 INFO  [] -            c.a.e.l.service.PostingServiceImpl - JE POSTED: BANK_TXN JE-2026-000013 home жами 1850000.0000
2026-08-05 16:17:41.454 INFO  [] -            c.a.e.l.service.PostingServiceImpl - JE POSTED: BANK_TXN JE-2026-000014 home жами 940000.0000
2026-08-05 16:17:41.606 INFO  [] -            c.a.e.l.service.PostingServiceImpl - JE POSTED: BILL JE-2026-000015 home жами 92019088.0000
2026-08-05 16:17:41.768 INFO  [] -            c.a.e.l.service.PostingServiceImpl - JE POSTED: BILL JE-2026-000016 home жами 37199988.0000
2026-08-05 16:17:41.963 INFO  [] -            c.a.e.l.service.PostingServiceImpl - JE POSTED: INVOICE JE-2026-000017 home жами 29026248.0000
2026-08-05 16:17:42.156 INFO  [] -            c.a.e.l.service.PostingServiceImpl - JE POSTED: INVOICE JE-2026-000018 home жами 3200800.0000
2026-08-05 16:17:42.307 INFO  [] -            c.a.e.l.service.PostingServiceImpl - JE POSTED: INVOICE JE-2026-000019 home жами 466200.0000
2026-08-05 16:17:42.382 INFO  [] -            c.a.e.l.service.PostingServiceImpl - JE POSTED: BANK_TXN JE-2026-000020 home жами 4680000.0000
2026-08-05 16:17:42.461 INFO  [] -            c.a.e.l.service.PostingServiceImpl - JE POSTED: BANK_TXN JE-2026-000021 home жами 1850000.0000
2026-08-05 16:17:42.749 INFO  [] -            c.a.e.l.service.PostingServiceImpl - JE POSTED: BILL JE-2026-000022 home жами 94769382.4000
2026-08-05 16:17:42.924 INFO  [] -            c.a.e.l.service.PostingServiceImpl - JE POSTED: BILL JE-2026-000023 home жами 24505761.2800
2026-08-05 16:17:43.124 INFO  [] -            c.a.e.l.service.PostingServiceImpl - JE POSTED: INVOICE JE-2026-000024 home жами 762629.6000
2026-08-05 16:17:43.367 INFO  [] -            c.a.e.l.service.PostingServiceImpl - JE POSTED: INVOICE JE-2026-000025 home жами 18887056.0000
2026-08-05 16:17:43.533 INFO  [] -            c.a.e.l.service.PostingServiceImpl - JE POSTED: INVOICE JE-2026-000026 home жами 471600.0000
2026-08-05 16:17:43.731 INFO  [] -            c.a.e.l.service.PostingServiceImpl - JE POSTED: INVOICE JE-2026-000027 home жами 31275104.0000
2026-08-05 16:17:43.792 INFO  [] -            c.a.e.l.service.PostingServiceImpl - JE POSTED: BANK_TXN JE-2026-000028 home жами 4740000.0000
2026-08-05 16:17:43.860 INFO  [] -            c.a.e.l.service.PostingServiceImpl - JE POSTED: BANK_TXN JE-2026-000029 home жами 1150000.0000
2026-08-05 16:17:43.933 INFO  [] -            c.a.e.l.service.PostingServiceImpl - JE POSTED: BANK_TXN JE-2026-000030 home жами 1000000.0000
2026-08-05 16:17:43.989 INFO  [] -            c.a.e.l.service.PostingServiceImpl - JE POSTED: BANK_TXN JE-2026-000031 home жами 9000000.0000
2026-08-05 16:17:44.094 INFO  [] -            c.a.e.l.service.PostingServiceImpl - JE POSTED: BILL JE-2026-000032 home жами 72923760.0000
2026-08-05 16:17:44.315 INFO  [] -            c.a.e.l.service.PostingServiceImpl - JE POSTED: INVOICE JE-2026-000033 home жами 11658360.0000
2026-08-05 16:17:44.458 INFO  [] -            c.a.e.l.service.PostingServiceImpl - JE POSTED: INVOICE JE-2026-000034 home жами 37062880.0000
2026-08-05 16:17:44.629 INFO  [] -            c.a.e.l.service.PostingServiceImpl - JE POSTED: INVOICE JE-2026-000035 home жами 24920480.0000
2026-08-05 16:17:44.788 INFO  [] -            c.a.e.l.service.PostingServiceImpl - JE POSTED: INVOICE JE-2026-000036 home жами 32636760.0000
2026-08-05 16:17:44.848 INFO  [] -            c.a.e.l.service.PostingServiceImpl - JE POSTED: BANK_TXN JE-2026-000037 home жами 4800000.0000
2026-08-05 16:17:44.919 INFO  [] -            c.a.e.l.service.PostingServiceImpl - JE POSTED: BANK_TXN JE-2026-000038 home жами 1150000.0000
2026-08-05 16:17:45.135 INFO  [] -            c.a.e.l.service.PostingServiceImpl - JE POSTED: BILL JE-2026-000039 home жами 47288967.6800
2026-08-05 16:17:45.311 INFO  [] -            c.a.e.l.service.PostingServiceImpl - JE POSTED: BILL JE-2026-000040 home жами 244330240.0000
2026-08-05 16:17:45.483 INFO  [] -            c.a.e.l.service.PostingServiceImpl - JE POSTED: INVOICE JE-2026-000041 home жами 31088656.0000
2026-08-05 16:17:45.688 INFO  [] -            c.a.e.l.service.PostingServiceImpl - JE POSTED: INVOICE JE-2026-000042 home жами 26853952.0000
2026-08-05 16:17:45.910 INFO  [] -            c.a.e.l.service.PostingServiceImpl - JE POSTED: INVOICE JE-2026-000043 home жами 17363526.0000
2026-08-05 16:17:46.107 INFO  [] -            c.a.e.l.service.PostingServiceImpl - JE POSTED: INVOICE JE-2026-000044 home жами 27634016.0000
2026-08-05 16:17:46.332 INFO  [] -            c.a.e.l.service.PostingServiceImpl - JE POSTED: INVOICE JE-2026-000045 home жами 16339698.0000
2026-08-05 16:17:46.421 INFO  [] -            c.a.e.l.service.PostingServiceImpl - JE POSTED: BANK_TXN JE-2026-000046 home жами 4860000.0000
2026-08-05 16:17:46.492 INFO  [] -            c.a.e.l.service.PostingServiceImpl - JE POSTED: BANK_TXN JE-2026-000047 home жами 1150000.0000
2026-08-05 16:17:46.578 INFO  [] -            c.a.e.l.service.PostingServiceImpl - JE POSTED: BANK_TXN JE-2026-000048 home жами 1060000.0000
2026-08-05 16:17:46.721 INFO  [] -            c.a.e.l.service.PostingServiceImpl - JE POSTED: BILL JE-2026-000049 home жами 157411542.4000
2026-08-05 16:17:46.855 INFO  [] -            c.a.e.l.service.PostingServiceImpl - JE POSTED: BILL JE-2026-000050 home жами 92410164.0000
2026-08-05 16:17:47.033 INFO  [] -            c.a.e.l.service.PostingServiceImpl - JE POSTED: INVOICE JE-2026-000051 home жами 30590368.0000
2026-08-05 16:17:47.254 INFO  [] -            c.a.e.l.service.PostingServiceImpl - JE POSTED: INVOICE JE-2026-000052 home жами 32819968.0000
2026-08-05 16:17:47.413 INFO  [] -            c.a.e.l.service.PostingServiceImpl - JE POSTED: INVOICE JE-2026-000053 home жами 29965912.0000
2026-08-05 16:17:47.577 INFO  [] -            c.a.e.l.service.PostingServiceImpl - JE POSTED: INVOICE JE-2026-000054 home жами 7952630.8571
2026-08-05 16:17:47.756 INFO  [] -            c.a.e.l.service.PostingServiceImpl - JE POSTED: INVOICE JE-2026-000055 home жами 2562632.7484
2026-08-05 16:17:47.819 INFO  [] -            c.a.e.l.service.PostingServiceImpl - JE POSTED: BANK_TXN JE-2026-000056 home жами 4920000.0000
2026-08-05 16:17:47.879 INFO  [] -            c.a.e.l.service.PostingServiceImpl - JE POSTED: BANK_TXN JE-2026-000057 home жами 1150000.0000
2026-08-05 16:17:48.046 INFO  [] -            c.a.e.l.service.PostingServiceImpl - JE POSTED: BILL JE-2026-000058 home жами 409500672.0000
2026-08-05 16:17:48.201 INFO  [] -            c.a.e.l.service.PostingServiceImpl - JE POSTED: BILL JE-2026-000059 home жами 131835648.0000
2026-08-05 16:17:48.405 INFO  [] -            c.a.e.l.service.PostingServiceImpl - JE POSTED: INVOICE JE-2026-000060 home жами 28954776.0000
2026-08-05 16:17:48.597 INFO  [] -            c.a.e.l.service.PostingServiceImpl - JE POSTED: INVOICE JE-2026-000061 home жами 18207488.0000
2026-08-05 16:17:48.808 INFO  [] -            c.a.e.l.service.PostingServiceImpl - JE POSTED: INVOICE JE-2026-000062 home жами 3024166.6286
2026-08-05 16:17:48.983 INFO  [] -            c.a.e.l.service.PostingServiceImpl - JE POSTED: INVOICE JE-2026-000063 home жами 20106841.0323
2026-08-05 16:17:49.150 INFO  [] -            c.a.e.l.service.PostingServiceImpl - JE POSTED: INVOICE JE-2026-000064 home жами 84430012.5217
2026-08-05 16:17:49.350 INFO  [] -            c.a.e.l.service.PostingServiceImpl - JE POSTED: INVOICE JE-2026-000065 home жами 32554731.0769
2026-08-05 16:17:49.418 INFO  [] -            c.a.e.l.service.PostingServiceImpl - JE POSTED: BANK_TXN JE-2026-000066 home жами 4980000.0000
2026-08-05 16:17:49.477 INFO  [] -            c.a.e.l.service.PostingServiceImpl - JE POSTED: BANK_TXN JE-2026-000067 home жами 1150000.0000
2026-08-05 16:17:49.539 INFO  [] -            c.a.e.l.service.PostingServiceImpl - JE POSTED: BANK_TXN JE-2026-000068 home жами 1120000.0000
2026-08-05 16:17:49.594 INFO  [] -            c.a.e.l.service.PostingServiceImpl - JE POSTED: BANK_TXN JE-2026-000069 home жами 9000000.0000
2026-08-05 16:17:49.674 INFO  [] -            c.a.e.l.service.PostingServiceImpl - JE POSTED: INVOICE_PAYMENT JE-2026-000070 home жами 14408856.0000
2026-08-05 16:17:49.758 INFO  [] -            c.a.e.l.service.PostingServiceImpl - JE POSTED: INVOICE_PAYMENT JE-2026-000071 home жами 809600.0000
2026-08-05 16:17:49.829 INFO  [] -            c.a.e.l.service.PostingServiceImpl - JE POSTED: INVOICE_PAYMENT JE-2026-000072 home жами 7010304.0000
2026-08-05 16:17:49.898 INFO  [] -            c.a.e.l.service.PostingServiceImpl - JE POSTED: INVOICE_PAYMENT JE-2026-000073 home жами 9076736.0000
2026-08-05 16:17:49.967 INFO  [] -            c.a.e.l.service.PostingServiceImpl - JE POSTED: INVOICE_PAYMENT JE-2026-000074 home жами 10524672.0000
2026-08-05 16:17:50.039 INFO  [] -            c.a.e.l.service.PostingServiceImpl - JE POSTED: INVOICE_PAYMENT JE-2026-000075 home жами 17941448.0000
2026-08-05 16:17:50.111 INFO  [] -            c.a.e.l.service.PostingServiceImpl - JE POSTED: INVOICE_PAYMENT JE-2026-000076 home жами 2279200.0000
2026-08-05 16:17:50.193 INFO  [] -            c.a.e.l.service.PostingServiceImpl - JE POSTED: INVOICE_PAYMENT JE-2026-000077 home жами 466200.0000
2026-08-05 16:17:50.267 INFO  [] -            c.a.e.l.service.PostingServiceImpl - JE POSTED: INVOICE_PAYMENT JE-2026-000078 home жами 613289.6000
2026-08-05 16:17:50.342 INFO  [] -            c.a.e.l.service.PostingServiceImpl - JE POSTED: INVOICE_PAYMENT JE-2026-000079 home жами 11813056.0000
2026-08-05 16:17:50.420 INFO  [] -            c.a.e.l.service.PostingServiceImpl - JE POSTED: INVOICE_PAYMENT JE-2026-000080 home жами 471600.0000
2026-08-05 16:17:50.487 INFO  [] -            c.a.e.l.service.PostingServiceImpl - JE POSTED: INVOICE_PAYMENT JE-2026-000081 home жами 19333504.0000
2026-08-05 16:17:50.557 INFO  [] -            c.a.e.l.service.PostingServiceImpl - JE POSTED: INVOICE_PAYMENT JE-2026-000082 home жами 7256760.0000
2026-08-05 16:17:50.616 INFO  [] -            c.a.e.l.service.PostingServiceImpl - JE POSTED: INVOICE_PAYMENT JE-2026-000083 home жами 22692480.0000
2026-08-05 16:17:50.676 INFO  [] -            c.a.e.l.service.PostingServiceImpl - JE POSTED: INVOICE_PAYMENT JE-2026-000084 home жами 15198280.0000
2026-08-05 16:17:50.740 INFO  [] -            c.a.e.l.service.PostingServiceImpl - JE POSTED: INVOICE_PAYMENT JE-2026-000085 home жами 20029760.0000
2026-08-05 16:17:50.802 INFO  [] -            c.a.e.l.service.PostingServiceImpl - JE POSTED: INVOICE_PAYMENT JE-2026-000086 home жами 18865056.0000
2026-08-05 16:17:50.861 INFO  [] -            c.a.e.l.service.PostingServiceImpl - JE POSTED: INVOICE_PAYMENT JE-2026-000087 home жами 16525952.0000
2026-08-05 16:17:50.921 INFO  [] -            c.a.e.l.service.PostingServiceImpl - JE POSTED: INVOICE_PAYMENT JE-2026-000088 home жами 10359502.5000
2026-08-05 16:17:50.958 INFO  [] -            c.a.e.l.service.PostingServiceImpl - JE POSTED: RECEIPT_ALLOCATION JE-2026-000089 home жами 121876.5000
2026-08-05 16:17:51.010 INFO  [] -            c.a.e.l.service.PostingServiceImpl - JE POSTED: INVOICE_PAYMENT JE-2026-000090 home жами 16814190.0000
2026-08-05 16:17:51.049 INFO  [] -            c.a.e.l.service.PostingServiceImpl - JE POSTED: RECEIPT_ALLOCATION JE-2026-000091 home жами 197814.0000
2026-08-05 16:17:51.096 INFO  [] -            c.a.e.l.service.PostingServiceImpl - JE POSTED: INVOICE_PAYMENT JE-2026-000092 home жами 9896932.5000
2026-08-05 16:17:51.136 INFO  [] -            c.a.e.l.service.PostingServiceImpl - JE POSTED: RECEIPT_ALLOCATION JE-2026-000093 home жами 116434.5000
2026-08-05 16:17:51.189 INFO  [] -            c.a.e.l.service.PostingServiceImpl - JE POSTED: INVOICE_PAYMENT JE-2026-000094 home жами 9743167.5000
2026-08-05 16:17:51.228 INFO  [] -            c.a.e.l.service.PostingServiceImpl - JE POSTED: RECEIPT_ALLOCATION JE-2026-000095 home жами 114625.5000
2026-08-05 16:17:51.283 INFO  [] -            c.a.e.l.service.PostingServiceImpl - JE POSTED: INVOICE_PAYMENT JE-2026-000096 home жами 11060702.4000
2026-08-05 16:17:51.350 INFO  [] -            c.a.e.l.service.PostingServiceImpl - JE POSTED: INVOICE_PAYMENT JE-2026-000097 home жами 10384611.6000
2026-08-05 16:17:51.413 INFO  [] -            c.a.e.l.service.PostingServiceImpl - JE POSTED: INVOICE_PAYMENT JE-2026-000098 home жами 2952382.4000
2026-08-05 16:17:51.472 INFO  [] -            c.a.e.l.service.PostingServiceImpl - JE POSTED: INVOICE_PAYMENT JE-2026-000099 home жами 953204.5600
2026-08-05 16:17:51.546 INFO  [] -            c.a.e.l.service.PostingServiceImpl - JE POSTED: BILL_PAYMENT JE-2026-000100 home жами 73956960.0000
2026-08-05 16:17:51.618 INFO  [] -            c.a.e.l.service.PostingServiceImpl - JE POSTED: BILL_PAYMENT JE-2026-000101 home жами 78102528.0000
2026-08-05 16:17:51.682 INFO  [] -            c.a.e.l.service.PostingServiceImpl - JE POSTED: BILL_PAYMENT JE-2026-000102 home жами 44556288.0000
2026-08-05 16:17:51.743 INFO  [] -            c.a.e.l.service.PostingServiceImpl - JE POSTED: BILL_PAYMENT JE-2026-000103 home жами 92019088.0000
2026-08-05 16:17:51.805 INFO  [] -            c.a.e.l.service.PostingServiceImpl - JE POSTED: BILL_PAYMENT JE-2026-000104 home жами 37642845.0000
2026-08-05 16:17:51.844 INFO  [] -            c.a.e.l.service.PostingServiceImpl - JE POSTED: PAYMENT_ALLOCATION JE-2026-000105 home жами 442857.0000
2026-08-05 16:17:51.902 INFO  [] -            c.a.e.l.service.PostingServiceImpl - JE POSTED: BILL_PAYMENT JE-2026-000106 home жами 94769382.4000
2026-08-05 16:17:51.962 INFO  [] -            c.a.e.l.service.PostingServiceImpl - JE POSTED: BILL_PAYMENT JE-2026-000107 home жами 24505761.2800
2026-08-05 16:17:52.028 INFO  [] -            c.a.e.l.service.PostingServiceImpl - JE POSTED: BILL_PAYMENT JE-2026-000108 home жами 72923760.0000
2026-08-05 16:17:52.095 INFO  [] -            c.a.e.l.service.PostingServiceImpl - JE POSTED: BILL_PAYMENT JE-2026-000109 home жами 47288967.6800
2026-08-05 16:17:52.162 INFO  [] -            c.a.e.l.service.PostingServiceImpl - JE POSTED: BILL_PAYMENT JE-2026-000110 home жами 244330240.0000
2026-08-05 16:17:52.223 INFO  [] -            c.a.e.l.service.PostingServiceImpl - JE POSTED: BILL_PAYMENT JE-2026-000111 home жами 78705771.2000
2026-08-05 16:17:52.281 INFO  [] -            c.a.e.l.service.PostingServiceImpl - JE POSTED: BILL_PAYMENT JE-2026-000112 home жами 46755142.5000
2026-08-05 16:17:52.317 INFO  [] -            c.a.e.l.service.PostingServiceImpl - JE POSTED: PAYMENT_ALLOCATION JE-2026-000113 home жами 550060.5000
2026-08-05 16:17:52.417 INFO  [] -            c.a.e.l.service.PostingServiceImpl - JE POSTED: INVENTORY JE-2026-000114 home жами 22630956.5217
2026-08-05 16:17:52.425 INFO  [] -            c.averpo.erp.config.DemoDataSeeder - Demo маълумот тайёр (Январь - Август ойлари): 50 контакт, 20 товар/хизмат, 6 омбор, 14 bill, 32 invoice, 26 тушум, 12 тўлов, 20 харажат, 2 банк ўтказма, 3 омбор кўчириш, 1 акт
2026-08-05 16:17:52.432 INFO  [] -            c.a.e.shared.config.StartupUrlLogger - Илова тайёр: http://localhost:8091
2026-08-05 16:18:08.802 INFO  [] -            o.a.c.c.C.[Tomcat].[localhost].[/] - Initializing Spring DispatcherServlet 'dispatcherServlet'
2026-08-05 16:18:08.803 INFO  [] -            o.s.web.servlet.DispatcherServlet - Initializing Servlet 'dispatcherServlet'
2026-08-05 16:18:08.805 INFO  [] -            o.s.web.servlet.DispatcherServlet - Completed initialization in 2 ms
2026-08-05 16:21:18.029 INFO  [] -            com.averpo.erp.AverpoApplication - Starting AverpoApplication using Java 21.0.9 with PID 122968 (D:\Averpo\averpo-erp-web-tech-award\build\classes\java\main started by nurmu in D:\Averpo\averpo-erp-web-tech-award)
2026-08-05 16:21:18.035 INFO  [] -            com.averpo.erp.AverpoApplication - The following 2 profiles are active: "dev", "demo"
2026-08-05 16:21:19.217 INFO  [] -            o.s.d.r.c.RepositoryConfigurationDelegate - Bootstrapping Spring Data JPA repositories in DEFAULT mode.
2026-08-05 16:21:19.498 INFO  [] -            o.s.d.r.c.RepositoryConfigurationDelegate - Finished Spring Data repository scanning in 272 ms. Found 56 JPA repository interfaces.
2026-08-05 16:21:20.584 INFO  [] -            o.s.boot.tomcat.TomcatWebServer - Tomcat initialized with port 8091 (http)
2026-08-05 16:21:20.602 INFO  [] -            o.a.coyote.http11.Http11NioProtocol - Initializing ProtocolHandler ["http-nio-8091"]
2026-08-05 16:21:20.604 INFO  [] -            o.a.catalina.core.StandardService - Starting service [Tomcat]
2026-08-05 16:21:20.604 INFO  [] -            o.a.catalina.core.StandardEngine - Starting Servlet engine: [Apache Tomcat/11.0.14]
2026-08-05 16:21:20.692 INFO  [] -            o.s.b.w.c.s.WebApplicationContextInitializer - Root WebApplicationContext: initialization completed in 2596 ms
2026-08-05 16:21:20.909 INFO  [] -            com.zaxxer.hikari.HikariDataSource - HikariPool-1 - Starting...
2026-08-05 16:21:21.118 INFO  [] -            com.zaxxer.hikari.pool.HikariPool - HikariPool-1 - Added connection org.postgresql.jdbc.PgConnection@29f3185c
2026-08-05 16:21:21.120 INFO  [] -            com.zaxxer.hikari.HikariDataSource - HikariPool-1 - Start completed.
2026-08-05 16:21:21.323 INFO  [] -            liquibase.database - Set default schema name to public
2026-08-05 16:21:21.607 INFO  [] -            liquibase.changelog - Creating database changelog table with name: public.databasechangelog
2026-08-05 16:21:21.669 INFO  [] -            liquibase.changelog - Reading from public.databasechangelog
2026-08-05 16:21:21.886 INFO  [] -            liquibase.snapshot - Creating snapshot
2026-08-05 16:21:22.011 INFO  [] -            liquibase.lockservice - Successfully acquired change log lock
2026-08-05 16:21:22.013 INFO  [] -            liquibase.command - Using deploymentId: 5928880882
2026-08-05 16:21:22.018 INFO  [] -            liquibase.changelog - Reading from public.databasechangelog
2026-08-05 16:21:22.092 INFO  [] -            liquibase.ui - Running Changeset: db/changelog/001-shared.sql::001-exchange-rate::erp
2026-08-05 16:21:22.124 INFO  [] -            liquibase.changelog - Custom SQL executed
2026-08-05 16:21:22.135 INFO  [] -            liquibase.changelog - ChangeSet db/changelog/001-shared.sql::001-exchange-rate::erp ran successfully in 37ms
2026-08-05 16:21:22.150 INFO  [] -            liquibase.ui - Running Changeset: db/changelog/002-company-settings.sql::002-company-settings::averpo
2026-08-05 16:21:22.164 INFO  [] -            liquibase.changelog - Custom SQL executed
2026-08-05 16:21:22.176 INFO  [] -            liquibase.changelog - ChangeSet db/changelog/002-company-settings.sql::002-company-settings::averpo ran successfully in 25ms
2026-08-05 16:21:22.183 INFO  [] -            liquibase.ui - Running Changeset: db/changelog/003-ledger.sql::003-account::averpo
2026-08-05 16:21:22.214 INFO  [] -            liquibase.changelog - Custom SQL executed
2026-08-05 16:21:22.223 INFO  [] -            liquibase.changelog - ChangeSet db/changelog/003-ledger.sql::003-account::averpo ran successfully in 39ms
2026-08-05 16:21:22.232 INFO  [] -            liquibase.ui - Running Changeset: db/changelog/003-ledger.sql::004-journal-entry::averpo
2026-08-05 16:21:22.256 INFO  [] -            liquibase.changelog - Custom SQL executed
2026-08-05 16:21:22.261 INFO  [] -            liquibase.changelog - ChangeSet db/changelog/003-ledger.sql::004-journal-entry::averpo ran successfully in 29ms
2026-08-05 16:21:22.269 INFO  [] -            liquibase.ui - Running Changeset: db/changelog/003-ledger.sql::005-journal-entry-line::averpo
2026-08-05 16:21:22.283 INFO  [] -            liquibase.changelog - Custom SQL executed
2026-08-05 16:21:22.287 INFO  [] -            liquibase.changelog - ChangeSet db/changelog/003-ledger.sql::005-journal-entry-line::averpo ran successfully in 18ms
2026-08-05 16:21:22.294 INFO  [] -            liquibase.ui - Running Changeset: db/changelog/004-currency.sql::006-currency::averpo
2026-08-05 16:21:22.304 INFO  [] -            liquibase.changelog - Custom SQL executed
2026-08-05 16:21:22.308 INFO  [] -            liquibase.changelog - ChangeSet db/changelog/004-currency.sql::006-currency::averpo ran successfully in 13ms
2026-08-05 16:21:22.316 INFO  [] -            liquibase.ui - Running Changeset: db/changelog/004-currency.sql::007-currency-seed::averpo
2026-08-05 16:21:22.324 INFO  [] -            liquibase.changelog - Custom SQL executed
2026-08-05 16:21:22.328 INFO  [] -            liquibase.changelog - ChangeSet db/changelog/004-currency.sql::007-currency-seed::averpo ran successfully in 12ms
2026-08-05 16:21:22.335 INFO  [] -            liquibase.ui - Running Changeset: db/changelog/005-rate-scale.sql::008-rate-scale-12::averpo
2026-08-05 16:21:22.350 INFO  [] -            liquibase.changelog - Custom SQL executed
2026-08-05 16:21:22.362 INFO  [] -            liquibase.changelog - ChangeSet db/changelog/005-rate-scale.sql::008-rate-scale-12::averpo ran successfully in 26ms
2026-08-05 16:21:22.372 INFO  [] -            liquibase.ui - Running Changeset: db/changelog/006-jel-constraints.sql::009-jel-constraints::averpo
2026-08-05 16:21:22.381 INFO  [] -            liquibase.changelog - Custom SQL executed
2026-08-05 16:21:22.385 INFO  [] -            liquibase.changelog - ChangeSet db/changelog/006-jel-constraints.sql::009-jel-constraints::averpo ran successfully in 12ms
2026-08-05 16:21:22.393 INFO  [] -            liquibase.ui - Running Changeset: db/changelog/007-contact.sql::010-payment-term::averpo
2026-08-05 16:21:22.401 INFO  [] -            liquibase.changelog - Custom SQL executed
2026-08-05 16:21:22.405 INFO  [] -            liquibase.changelog - ChangeSet db/changelog/007-contact.sql::010-payment-term::averpo ran successfully in 12ms
2026-08-05 16:21:22.413 INFO  [] -            liquibase.ui - Running Changeset: db/changelog/007-contact.sql::011-payment-term-seed::averpo
2026-08-05 16:21:22.421 INFO  [] -            liquibase.changelog - Custom SQL executed
2026-08-05 16:21:22.425 INFO  [] -            liquibase.changelog - ChangeSet db/changelog/007-contact.sql::011-payment-term-seed::averpo ran successfully in 11ms
2026-08-05 16:21:22.433 INFO  [] -            liquibase.ui - Running Changeset: db/changelog/007-contact.sql::012-contact::averpo
2026-08-05 16:21:22.449 INFO  [] -            liquibase.changelog - Custom SQL executed
2026-08-05 16:21:22.454 INFO  [] -            liquibase.changelog - ChangeSet db/changelog/007-contact.sql::012-contact::averpo ran successfully in 19ms
2026-08-05 16:21:22.461 INFO  [] -            liquibase.ui - Running Changeset: db/changelog/008-item.sql::013-unit::averpo
2026-08-05 16:21:22.471 INFO  [] -            liquibase.changelog - Custom SQL executed
2026-08-05 16:21:22.475 INFO  [] -            liquibase.changelog - ChangeSet db/changelog/008-item.sql::013-unit::averpo ran successfully in 14ms
2026-08-05 16:21:22.485 INFO  [] -            liquibase.ui - Running Changeset: db/changelog/008-item.sql::014-unit-seed::averpo
2026-08-05 16:21:22.490 INFO  [] -            liquibase.changelog - Custom SQL executed
2026-08-05 16:21:22.493 INFO  [] -            liquibase.changelog - ChangeSet db/changelog/008-item.sql::014-unit-seed::averpo ran successfully in 8ms
2026-08-05 16:21:22.500 INFO  [] -            liquibase.ui - Running Changeset: db/changelog/008-item.sql::015-item-category::averpo
2026-08-05 16:21:22.513 INFO  [] -            liquibase.changelog - Custom SQL executed
2026-08-05 16:21:22.518 INFO  [] -            liquibase.changelog - ChangeSet db/changelog/008-item.sql::015-item-category::averpo ran successfully in 17ms
2026-08-05 16:21:22.525 INFO  [] -            liquibase.ui - Running Changeset: db/changelog/008-item.sql::016-item::averpo
2026-08-05 16:21:22.542 INFO  [] -            liquibase.changelog - Custom SQL executed
2026-08-05 16:21:22.546 INFO  [] -            liquibase.changelog - ChangeSet db/changelog/008-item.sql::016-item::averpo ran successfully in 20ms
2026-08-05 16:21:22.552 INFO  [] -            liquibase.ui - Running Changeset: db/changelog/009-jel-constraints-v2.sql::017-jel-constraints-v2::averpo
2026-08-05 16:21:22.560 INFO  [] -            liquibase.changelog - Custom SQL executed
2026-08-05 16:21:22.563 INFO  [] -            liquibase.changelog - ChangeSet db/changelog/009-jel-constraints-v2.sql::017-jel-constraints-v2::averpo ran successfully in 11ms
2026-08-05 16:21:22.568 INFO  [] -            liquibase.ui - Running Changeset: db/changelog/010-currency-fk.sql::018-account-currency-fk::averpo
2026-08-05 16:21:22.577 INFO  [] -            liquibase.changelog - Custom SQL executed
2026-08-05 16:21:22.580 INFO  [] -            liquibase.changelog - ChangeSet db/changelog/010-currency-fk.sql::018-account-currency-fk::averpo ran successfully in 12ms
2026-08-05 16:21:22.585 INFO  [] -            liquibase.ui - Running Changeset: db/changelog/010-currency-fk.sql::019-company-settings-currency-fk::averpo
2026-08-05 16:21:22.596 INFO  [] -            liquibase.changelog - Custom SQL executed
2026-08-05 16:21:22.599 INFO  [] -            liquibase.changelog - ChangeSet db/changelog/010-currency-fk.sql::019-company-settings-currency-fk::averpo ran successfully in 13ms
2026-08-05 16:21:22.606 INFO  [] -            liquibase.ui - Running Changeset: db/changelog/010-currency-fk.sql::020-contact-currency-fk::averpo
2026-08-05 16:21:22.614 INFO  [] -            liquibase.changelog - Custom SQL executed
2026-08-05 16:21:22.617 INFO  [] -            liquibase.changelog - ChangeSet db/changelog/010-currency-fk.sql::020-contact-currency-fk::averpo ran successfully in 11ms
2026-08-05 16:21:22.623 INFO  [] -            liquibase.ui - Running Changeset: db/changelog/010-currency-fk.sql::021-exchange-rate-currency-fk::averpo
2026-08-05 16:21:22.638 INFO  [] -            liquibase.changelog - Custom SQL executed
2026-08-05 16:21:22.641 INFO  [] -            liquibase.changelog - ChangeSet db/changelog/010-currency-fk.sql::021-exchange-rate-currency-fk::averpo ran successfully in 17ms
2026-08-05 16:21:22.646 INFO  [] -            liquibase.ui - Running Changeset: db/changelog/011-app-user.sql::022-app-user::averpo
2026-08-05 16:21:22.654 INFO  [] -            liquibase.changelog - Custom SQL executed
2026-08-05 16:21:22.657 INFO  [] -            liquibase.changelog - ChangeSet db/changelog/011-app-user.sql::022-app-user::averpo ran successfully in 10ms
2026-08-05 16:21:22.663 INFO  [] -            liquibase.ui - Running Changeset: db/changelog/012-inventory-valuation.sql::023-inventory-valuation::averpo
2026-08-05 16:21:22.667 INFO  [] -            liquibase.changelog - Custom SQL executed
2026-08-05 16:21:22.670 INFO  [] -            liquibase.changelog - ChangeSet db/changelog/012-inventory-valuation.sql::023-inventory-valuation::averpo ran successfully in 7ms
2026-08-05 16:21:22.675 INFO  [] -            liquibase.ui - Running Changeset: db/changelog/013-je-source-unique.sql::013-01-je-reversal-of::averpo
2026-08-05 16:21:22.680 INFO  [] -            liquibase.changelog - Custom SQL executed
2026-08-05 16:21:22.683 INFO  [] -            liquibase.changelog - ChangeSet db/changelog/013-je-source-unique.sql::013-01-je-reversal-of::averpo ran successfully in 7ms
2026-08-05 16:21:22.689 INFO  [] -            liquibase.ui - Running Changeset: db/changelog/013-je-source-unique.sql::013-02-je-source-partial-unique::averpo
2026-08-05 16:21:22.695 INFO  [] -            liquibase.changelog - Custom SQL executed
2026-08-05 16:21:22.698 INFO  [] -            liquibase.changelog - ChangeSet db/changelog/013-je-source-unique.sql::013-02-je-source-partial-unique::averpo ran successfully in 8ms
2026-08-05 16:21:22.703 INFO  [] -            liquibase.ui - Running Changeset: db/changelog/013-je-source-unique.sql::013-03-jel-rate-positive::averpo
2026-08-05 16:21:22.711 INFO  [] -            liquibase.changelog - Custom SQL executed
2026-08-05 16:21:22.714 INFO  [] -            liquibase.changelog - ChangeSet db/changelog/013-je-source-unique.sql::013-03-jel-rate-positive::averpo ran successfully in 11ms
2026-08-05 16:21:22.719 INFO  [] -            liquibase.ui - Running Changeset: db/changelog/014-document-sequence.sql::014-01-document-sequence::averpo
2026-08-05 16:21:22.727 INFO  [] -            liquibase.changelog - Custom SQL executed
2026-08-05 16:21:22.730 INFO  [] -            liquibase.changelog - ChangeSet db/changelog/014-document-sequence.sql::014-01-document-sequence::averpo ran successfully in 10ms
2026-08-05 16:21:22.737 INFO  [] -            liquibase.ui - Running Changeset: db/changelog/014-document-sequence.sql::014-02-document-sequence-seed::averpo
2026-08-05 16:21:22.744 INFO  [] -            liquibase.changelog - Custom SQL executed
2026-08-05 16:21:22.747 INFO  [] -            liquibase.changelog - ChangeSet db/changelog/014-document-sequence.sql::014-02-document-sequence-seed::averpo ran successfully in 10ms
2026-08-05 16:21:22.752 INFO  [] -            liquibase.ui - Running Changeset: db/changelog/014-document-sequence.sql::014-03-drop-je-number-seq::averpo
2026-08-05 16:21:22.756 INFO  [] -            liquibase.changelog - Custom SQL executed
2026-08-05 16:21:22.759 INFO  [] -            liquibase.changelog - ChangeSet db/changelog/014-document-sequence.sql::014-03-drop-je-number-seq::averpo ran successfully in 7ms
2026-08-05 16:21:22.765 INFO  [] -            liquibase.ui - Running Changeset: db/changelog/015-closing-date.sql::015-01-company-settings-closing-date::averpo
2026-08-05 16:21:22.769 INFO  [] -            liquibase.changelog - Custom SQL executed
2026-08-05 16:21:22.772 INFO  [] -            liquibase.changelog - ChangeSet db/changelog/015-closing-date.sql::015-01-company-settings-closing-date::averpo ran successfully in 5ms
2026-08-05 16:21:22.782 INFO  [] -            liquibase.ui - Running Changeset: db/changelog/016-contact-extension.sql::016-01-contact-tax-credit::averpo
2026-08-05 16:21:22.795 INFO  [] -            liquibase.changelog - Custom SQL executed
2026-08-05 16:21:22.799 INFO  [] -            liquibase.changelog - ChangeSet db/changelog/016-contact-extension.sql::016-01-contact-tax-credit::averpo ran successfully in 17ms
2026-08-05 16:21:22.807 INFO  [] -            liquibase.ui - Running Changeset: db/changelog/016-contact-extension.sql::016-02-contact-address::averpo
2026-08-05 16:21:22.819 INFO  [] -            liquibase.changelog - Custom SQL executed
2026-08-05 16:21:22.822 INFO  [] -            liquibase.changelog - ChangeSet db/changelog/016-contact-extension.sql::016-02-contact-address::averpo ran successfully in 15ms
2026-08-05 16:21:22.829 INFO  [] -            liquibase.ui - Running Changeset: db/changelog/016-contact-extension.sql::016-03-contact-person::averpo
2026-08-05 16:21:22.843 INFO  [] -            liquibase.changelog - Custom SQL executed
2026-08-05 16:21:22.847 INFO  [] -            liquibase.changelog - ChangeSet db/changelog/016-contact-extension.sql::016-03-contact-person::averpo ran successfully in 17ms
2026-08-05 16:21:22.855 INFO  [] -            liquibase.ui - Running Changeset: db/changelog/016-contact-extension.sql::016-04-contact-bank-account::averpo
2026-08-05 16:21:22.870 INFO  [] -            liquibase.changelog - Custom SQL executed
2026-08-05 16:21:22.874 INFO  [] -            liquibase.changelog - ChangeSet db/changelog/016-contact-extension.sql::016-04-contact-bank-account::averpo ran successfully in 18ms
2026-08-05 16:21:22.881 INFO  [] -            liquibase.ui - Running Changeset: db/changelog/016-contact-extension.sql::016-05-contact-address-migrate::averpo
2026-08-05 16:21:22.898 INFO  [] -            liquibase.changelog - Custom SQL executed
2026-08-05 16:21:22.902 INFO  [] -            liquibase.changelog - ChangeSet db/changelog/016-contact-extension.sql::016-05-contact-address-migrate::averpo ran successfully in 20ms
2026-08-05 16:21:22.908 INFO  [] -            liquibase.ui - Running Changeset: db/changelog/017-inventory.sql::017-01-warehouse::averpo
2026-08-05 16:21:22.919 INFO  [] -            liquibase.changelog - Custom SQL executed
2026-08-05 16:21:22.924 INFO  [] -            liquibase.changelog - ChangeSet db/changelog/017-inventory.sql::017-01-warehouse::averpo ran successfully in 16ms
2026-08-05 16:21:22.932 INFO  [] -            liquibase.ui - Running Changeset: db/changelog/017-inventory.sql::017-02-warehouse-seed::averpo
2026-08-05 16:21:22.938 INFO  [] -            liquibase.changelog - Custom SQL executed
2026-08-05 16:21:22.943 INFO  [] -            liquibase.changelog - ChangeSet db/changelog/017-inventory.sql::017-02-warehouse-seed::averpo ran successfully in 10ms
2026-08-05 16:21:22.953 INFO  [] -            liquibase.ui - Running Changeset: db/changelog/017-inventory.sql::017-03-stock-movement::averpo
2026-08-05 16:21:22.975 INFO  [] -            liquibase.changelog - Custom SQL executed
2026-08-05 16:21:22.980 INFO  [] -            liquibase.changelog - ChangeSet db/changelog/017-inventory.sql::017-03-stock-movement::averpo ran successfully in 26ms
2026-08-05 16:21:22.989 INFO  [] -            liquibase.ui - Running Changeset: db/changelog/017-inventory.sql::017-04-stock-balance::averpo
2026-08-05 16:21:23.000 INFO  [] -            liquibase.changelog - Custom SQL executed
2026-08-05 16:21:23.005 INFO  [] -            liquibase.changelog - ChangeSet db/changelog/017-inventory.sql::017-04-stock-balance::averpo ran successfully in 16ms
2026-08-05 16:21:23.014 INFO  [] -            liquibase.ui - Running Changeset: db/changelog/017-inventory.sql::017-05-cost-layer::averpo
2026-08-05 16:21:23.031 INFO  [] -            liquibase.changelog - Custom SQL executed
2026-08-05 16:21:23.036 INFO  [] -            liquibase.changelog - ChangeSet db/changelog/017-inventory.sql::017-05-cost-layer::averpo ran successfully in 20ms
2026-08-05 16:21:23.045 INFO  [] -            liquibase.ui - Running Changeset: db/changelog/017-inventory.sql::017-06-cost-layer-consumption::averpo
2026-08-05 16:21:23.056 INFO  [] -            liquibase.changelog - Custom SQL executed
2026-08-05 16:21:23.060 INFO  [] -            liquibase.changelog - ChangeSet db/changelog/017-inventory.sql::017-06-cost-layer-consumption::averpo ran successfully in 15ms
2026-08-05 16:21:23.065 INFO  [] -            liquibase.ui - Running Changeset: db/changelog/018-detail-type-rename.sql::018-01-detail-type-rename::averpo
2026-08-05 16:21:23.081 INFO  [] -            liquibase.changelog - Custom SQL executed
2026-08-05 16:21:23.082 INFO  [] -            liquibase.changelog - ChangeSet db/changelog/018-detail-type-rename.sql::018-01-detail-type-rename::averpo ran successfully in 17ms
2026-08-05 16:21:23.088 INFO  [] -            liquibase.ui - Running Changeset: db/changelog/019-purchases.sql::019-01-bill::averpo
2026-08-05 16:21:23.107 INFO  [] -            liquibase.changelog - Custom SQL executed
2026-08-05 16:21:23.111 INFO  [] -            liquibase.changelog - ChangeSet db/changelog/019-purchases.sql::019-01-bill::averpo ran successfully in 23ms
2026-08-05 16:21:23.118 INFO  [] -            liquibase.ui - Running Changeset: db/changelog/019-purchases.sql::019-02-bill-line::averpo
2026-08-05 16:21:23.133 INFO  [] -            liquibase.changelog - Custom SQL executed
2026-08-05 16:21:23.137 INFO  [] -            liquibase.changelog - ChangeSet db/changelog/019-purchases.sql::019-02-bill-line::averpo ran successfully in 18ms
2026-08-05 16:21:23.142 INFO  [] -            liquibase.ui - Running Changeset: db/changelog/019-purchases.sql::019-03-bill-payment::averpo
2026-08-05 16:21:23.159 INFO  [] -            liquibase.changelog - Custom SQL executed
2026-08-05 16:21:23.163 INFO  [] -            liquibase.changelog - ChangeSet db/changelog/019-purchases.sql::019-03-bill-payment::averpo ran successfully in 21ms
2026-08-05 16:21:23.169 INFO  [] -            liquibase.ui - Running Changeset: db/changelog/019-purchases.sql::019-04-bill-payment-allocation::averpo
2026-08-05 16:21:23.179 INFO  [] -            liquibase.changelog - Custom SQL executed
2026-08-05 16:21:23.182 INFO  [] -            liquibase.changelog - ChangeSet db/changelog/019-purchases.sql::019-04-bill-payment-allocation::averpo ran successfully in 13ms
2026-08-05 16:21:23.188 INFO  [] -            liquibase.ui - Running Changeset: db/changelog/020-landed-cost.sql::020-01-landed-cost-allocation::averpo
2026-08-05 16:21:23.199 INFO  [] -            liquibase.changelog - Custom SQL executed
2026-08-05 16:21:23.203 INFO  [] -            liquibase.changelog - ChangeSet db/changelog/020-landed-cost.sql::020-01-landed-cost-allocation::averpo ran successfully in 15ms
2026-08-05 16:21:23.210 INFO  [] -            liquibase.ui - Running Changeset: db/changelog/020-landed-cost.sql::020-02-landed-cost-allocation-line::averpo
2026-08-05 16:21:23.223 INFO  [] -            liquibase.changelog - Custom SQL executed
2026-08-05 16:21:23.227 INFO  [] -            liquibase.changelog - ChangeSet db/changelog/020-landed-cost.sql::020-02-landed-cost-allocation-line::averpo ran successfully in 17ms
2026-08-05 16:21:23.234 INFO  [] -            liquibase.ui - Running Changeset: db/changelog/020-landed-cost.sql::020-03-landed-cost-sequence::averpo
2026-08-05 16:21:23.240 INFO  [] -            liquibase.changelog - Custom SQL executed
2026-08-05 16:21:23.242 INFO  [] -            liquibase.changelog - ChangeSet db/changelog/020-landed-cost.sql::020-03-landed-cost-sequence::averpo ran successfully in 8ms
2026-08-05 16:21:23.247 INFO  [] -            liquibase.ui - Running Changeset: db/changelog/021-sales.sql::021-01-invoice::averpo
2026-08-05 16:21:23.264 INFO  [] -            liquibase.changelog - Custom SQL executed
2026-08-05 16:21:23.269 INFO  [] -            liquibase.changelog - ChangeSet db/changelog/021-sales.sql::021-01-invoice::averpo ran successfully in 22ms
2026-08-05 16:21:23.275 INFO  [] -            liquibase.ui - Running Changeset: db/changelog/021-sales.sql::021-02-invoice-line::averpo
2026-08-05 16:21:23.290 INFO  [] -            liquibase.changelog - Custom SQL executed
2026-08-05 16:21:23.294 INFO  [] -            liquibase.changelog - ChangeSet db/changelog/021-sales.sql::021-02-invoice-line::averpo ran successfully in 18ms
2026-08-05 16:21:23.300 INFO  [] -            liquibase.ui - Running Changeset: db/changelog/021-sales.sql::021-03-invoice-payment::averpo
2026-08-05 16:21:23.316 INFO  [] -            liquibase.changelog - Custom SQL executed
2026-08-05 16:21:23.320 INFO  [] -            liquibase.changelog - ChangeSet db/changelog/021-sales.sql::021-03-invoice-payment::averpo ran successfully in 20ms
2026-08-05 16:21:23.326 INFO  [] -            liquibase.ui - Running Changeset: db/changelog/021-sales.sql::021-04-invoice-payment-allocation::averpo
2026-08-05 16:21:23.338 INFO  [] -            liquibase.changelog - Custom SQL executed
2026-08-05 16:21:23.342 INFO  [] -            liquibase.changelog - ChangeSet db/changelog/021-sales.sql::021-04-invoice-payment-allocation::averpo ran successfully in 15ms
2026-08-05 16:21:23.351 INFO  [] -            liquibase.ui - Running Changeset: db/changelog/021-sales.sql::021-05-receipt-sequence::averpo
2026-08-05 16:21:23.355 INFO  [] -            liquibase.changelog - Custom SQL executed
2026-08-05 16:21:23.358 INFO  [] -            liquibase.changelog - ChangeSet db/changelog/021-sales.sql::021-05-receipt-sequence::averpo ran successfully in 7ms
2026-08-05 16:21:23.365 INFO  [] -            liquibase.ui - Running Changeset: db/changelog/022-banking.sql::022-01-bank-transaction::averpo
2026-08-05 16:21:23.380 INFO  [] -            liquibase.changelog - Custom SQL executed
2026-08-05 16:21:23.384 INFO  [] -            liquibase.changelog - ChangeSet db/changelog/022-banking.sql::022-01-bank-transaction::averpo ran successfully in 18ms
2026-08-05 16:21:23.390 INFO  [] -            liquibase.ui - Running Changeset: db/changelog/022-banking.sql::022-02-bank-transaction-line::averpo
2026-08-05 16:21:23.401 INFO  [] -            liquibase.changelog - Custom SQL executed
2026-08-05 16:21:23.405 INFO  [] -            liquibase.changelog - ChangeSet db/changelog/022-banking.sql::022-02-bank-transaction-line::averpo ran successfully in 13ms
2026-08-05 16:21:23.411 INFO  [] -            liquibase.ui - Running Changeset: db/changelog/022-banking.sql::022-03-bank-reconciliation::averpo
2026-08-05 16:21:23.421 INFO  [] -            liquibase.changelog - Custom SQL executed
2026-08-05 16:21:23.425 INFO  [] -            liquibase.changelog - ChangeSet db/changelog/022-banking.sql::022-03-bank-reconciliation::averpo ran successfully in 14ms
2026-08-05 16:21:23.430 INFO  [] -            liquibase.ui - Running Changeset: db/changelog/022-banking.sql::022-04-bank-reconciliation-match::averpo
2026-08-05 16:21:23.441 INFO  [] -            liquibase.changelog - Custom SQL executed
2026-08-05 16:21:23.445 INFO  [] -            liquibase.changelog - ChangeSet db/changelog/022-banking.sql::022-04-bank-reconciliation-match::averpo ran successfully in 14ms
2026-08-05 16:21:23.450 INFO  [] -            liquibase.ui - Running Changeset: db/changelog/022-banking.sql::022-05-bank-txn-sequence::averpo
2026-08-05 16:21:23.456 INFO  [] -            liquibase.changelog - Custom SQL executed
2026-08-05 16:21:23.458 INFO  [] -            liquibase.changelog - ChangeSet db/changelog/022-banking.sql::022-05-bank-txn-sequence::averpo ran successfully in 7ms
2026-08-05 16:21:23.464 INFO  [] -            liquibase.ui - Running Changeset: db/changelog/023-line-uniques.sql::023-01-line-tables-unique::averpo
2026-08-05 16:21:23.472 INFO  [] -            liquibase.changelog - Custom SQL executed
2026-08-05 16:21:23.474 INFO  [] -            liquibase.changelog - ChangeSet db/changelog/023-line-uniques.sql::023-01-line-tables-unique::averpo ran successfully in 10ms
2026-08-05 16:21:23.481 INFO  [] -            liquibase.ui - Running Changeset: db/changelog/024-fiscal-year.sql::024-01-fiscal-year-start-month::averpo
2026-08-05 16:21:23.487 INFO  [] -            liquibase.changelog - Custom SQL executed
2026-08-05 16:21:23.490 INFO  [] -            liquibase.changelog - ChangeSet db/changelog/024-fiscal-year.sql::024-01-fiscal-year-start-month::averpo ran successfully in 9ms
2026-08-05 16:21:23.495 INFO  [] -            liquibase.ui - Running Changeset: db/changelog/025-lc-reversal-date.sql::025-01-lc-reversal-date::averpo
2026-08-05 16:21:23.501 INFO  [] -            liquibase.changelog - Custom SQL executed
2026-08-05 16:21:23.505 INFO  [] -            liquibase.changelog - ChangeSet db/changelog/025-lc-reversal-date.sql::025-01-lc-reversal-date::averpo ran successfully in 9ms
2026-08-05 16:21:23.510 INFO  [] -            liquibase.ui - Running Changeset: db/changelog/026-uom.sql::026-01-unit-group::averpo
2026-08-05 16:21:23.516 INFO  [] -            liquibase.changelog - Custom SQL executed
2026-08-05 16:21:23.520 INFO  [] -            liquibase.changelog - ChangeSet db/changelog/026-uom.sql::026-01-unit-group::averpo ran successfully in 9ms
2026-08-05 16:21:23.525 INFO  [] -            liquibase.ui - Running Changeset: db/changelog/026-uom.sql::026-02-unit-uom-columns::averpo
2026-08-05 16:21:23.541 INFO  [] -            liquibase.changelog - Custom SQL executed
2026-08-05 16:21:23.544 INFO  [] -            liquibase.changelog - ChangeSet db/changelog/026-uom.sql::026-02-unit-uom-columns::averpo ran successfully in 18ms
2026-08-05 16:21:23.555 INFO  [] -            liquibase.ui - Running Changeset: db/changelog/026-uom.sql::026-03-item-default-units::averpo
2026-08-05 16:21:23.563 INFO  [] -            liquibase.changelog - Custom SQL executed
2026-08-05 16:21:23.566 INFO  [] -            liquibase.changelog - ChangeSet db/changelog/026-uom.sql::026-03-item-default-units::averpo ran successfully in 10ms
2026-08-05 16:21:23.571 INFO  [] -            liquibase.ui - Running Changeset: db/changelog/027-bill-line-uom.sql::027-01-bill-line-uom::averpo
2026-08-05 16:21:23.577 INFO  [] -            liquibase.changelog - Custom SQL executed
2026-08-05 16:21:23.580 INFO  [] -            liquibase.changelog - ChangeSet db/changelog/027-bill-line-uom.sql::027-01-bill-line-uom::averpo ran successfully in 9ms
2026-08-05 16:21:23.585 INFO  [] -            liquibase.ui - Running Changeset: db/changelog/028-invoice-line-uom.sql::028-01-invoice-line-uom::averpo
2026-08-05 16:21:23.591 INFO  [] -            liquibase.changelog - Custom SQL executed
2026-08-05 16:21:23.594 INFO  [] -            liquibase.changelog - ChangeSet db/changelog/028-invoice-line-uom.sql::028-01-invoice-line-uom::averpo ran successfully in 8ms
2026-08-05 16:21:23.600 INFO  [] -            liquibase.ui - Running Changeset: db/changelog/029-user-management.sql::029-01-app-user-lockout::averpo
2026-08-05 16:21:23.606 INFO  [] -            liquibase.changelog - Custom SQL executed
2026-08-05 16:21:23.609 INFO  [] -            liquibase.changelog - ChangeSet db/changelog/029-user-management.sql::029-01-app-user-lockout::averpo ran successfully in 9ms
2026-08-05 16:21:23.614 INFO  [] -            liquibase.ui - Running Changeset: db/changelog/030-created-by.sql::030-01-created-by::averpo
2026-08-05 16:21:23.678 INFO  [] -            liquibase.changelog - Custom SQL executed
2026-08-05 16:21:23.681 INFO  [] -            liquibase.changelog - ChangeSet db/changelog/030-created-by.sql::030-01-created-by::averpo ran successfully in 66ms
2026-08-05 16:21:23.688 INFO  [] -            liquibase.ui - Running Changeset: db/changelog/031-price-list.sql::031-01-price-list::averpo
2026-08-05 16:21:23.697 INFO  [] -            liquibase.changelog - Custom SQL executed
2026-08-05 16:21:23.702 INFO  [] -            liquibase.changelog - ChangeSet db/changelog/031-price-list.sql::031-01-price-list::averpo ran successfully in 14ms
2026-08-05 16:21:23.707 INFO  [] -            liquibase.ui - Running Changeset: db/changelog/031-price-list.sql::031-02-price-list-item::averpo
2026-08-05 16:21:23.717 INFO  [] -            liquibase.changelog - Custom SQL executed
2026-08-05 16:21:23.720 INFO  [] -            liquibase.changelog - ChangeSet db/changelog/031-price-list.sql::031-02-price-list-item::averpo ran successfully in 12ms
2026-08-05 16:21:23.726 INFO  [] -            liquibase.ui - Running Changeset: db/changelog/031-price-list.sql::031-03-price-list-customer::averpo
2026-08-05 16:21:23.736 INFO  [] -            liquibase.changelog - Custom SQL executed
2026-08-05 16:21:23.739 INFO  [] -            liquibase.changelog - ChangeSet db/changelog/031-price-list.sql::031-03-price-list-customer::averpo ran successfully in 13ms
2026-08-05 16:21:23.744 INFO  [] -            liquibase.ui - Running Changeset: db/changelog/032-tax.sql::032-01-tax-rate::averpo
2026-08-05 16:21:23.751 INFO  [] -            liquibase.changelog - Custom SQL executed
2026-08-05 16:21:23.754 INFO  [] -            liquibase.changelog - ChangeSet db/changelog/032-tax.sql::032-01-tax-rate::averpo ran successfully in 10ms
2026-08-05 16:21:23.761 INFO  [] -            liquibase.ui - Running Changeset: db/changelog/032-tax.sql::032-02-tax-rate-seed::averpo
2026-08-05 16:21:23.766 INFO  [] -            liquibase.changelog - Custom SQL executed
2026-08-05 16:21:23.769 INFO  [] -            liquibase.changelog - ChangeSet db/changelog/032-tax.sql::032-02-tax-rate-seed::averpo ran successfully in 8ms
2026-08-05 16:21:23.776 INFO  [] -            liquibase.ui - Running Changeset: db/changelog/032-tax.sql::032-03-item-tax-defaults::averpo
2026-08-05 16:21:23.781 INFO  [] -            liquibase.changelog - Custom SQL executed
2026-08-05 16:21:23.784 INFO  [] -            liquibase.changelog - ChangeSet db/changelog/032-tax.sql::032-03-item-tax-defaults::averpo ran successfully in 8ms
2026-08-05 16:21:23.789 INFO  [] -            liquibase.ui - Running Changeset: db/changelog/032-tax.sql::032-04-bill-tax::averpo
2026-08-05 16:21:23.799 INFO  [] -            liquibase.changelog - Custom SQL executed
2026-08-05 16:21:23.801 INFO  [] -            liquibase.changelog - ChangeSet db/changelog/032-tax.sql::032-04-bill-tax::averpo ran successfully in 12ms
2026-08-05 16:21:23.807 INFO  [] -            liquibase.ui - Running Changeset: db/changelog/032-tax.sql::032-05-invoice-tax::averpo
2026-08-05 16:21:23.816 INFO  [] -            liquibase.changelog - Custom SQL executed
2026-08-05 16:21:23.819 INFO  [] -            liquibase.changelog - ChangeSet db/changelog/032-tax.sql::032-05-invoice-tax::averpo ran successfully in 12ms
2026-08-05 16:21:23.824 INFO  [] -            liquibase.ui - Running Changeset: db/changelog/033-exchange-rate-history.sql::033-01-exchange-rate-history::averpo
2026-08-05 16:21:23.831 INFO  [] -            liquibase.changelog - Custom SQL executed
2026-08-05 16:21:23.834 INFO  [] -            liquibase.changelog - ChangeSet db/changelog/033-exchange-rate-history.sql::033-01-exchange-rate-history::averpo ran successfully in 9ms
2026-08-05 16:21:23.840 INFO  [] -            liquibase.ui - Running Changeset: db/changelog/034-audit-log.sql::034-01-audit-event::averpo
2026-08-05 16:21:23.854 INFO  [] -            liquibase.changelog - Custom SQL executed
2026-08-05 16:21:23.858 INFO  [] -            liquibase.changelog - ChangeSet db/changelog/034-audit-log.sql::034-01-audit-event::averpo ran successfully in 17ms
2026-08-05 16:21:23.865 INFO  [] -            liquibase.ui - Running Changeset: db/changelog/035-exchange-rate-index.sql::035-01-exchange-rate-lookup-index::averpo
2026-08-05 16:21:23.869 INFO  [] -            liquibase.changelog - Custom SQL executed
2026-08-05 16:21:23.872 INFO  [] -            liquibase.changelog - ChangeSet db/changelog/035-exchange-rate-index.sql::035-01-exchange-rate-lookup-index::averpo ran successfully in 7ms
2026-08-05 16:21:23.878 INFO  [] -            liquibase.ui - Running Changeset: db/changelog/036-payment-method.sql::036-01-payment-method::averpo
2026-08-05 16:21:23.884 INFO  [] -            liquibase.changelog - Custom SQL executed
2026-08-05 16:21:23.887 INFO  [] -            liquibase.changelog - ChangeSet db/changelog/036-payment-method.sql::036-01-payment-method::averpo ran successfully in 9ms
2026-08-05 16:21:23.893 INFO  [] -            liquibase.ui - Running Changeset: db/changelog/036-payment-method.sql::036-02-payment-method-seed::averpo
2026-08-05 16:21:23.898 INFO  [] -            liquibase.changelog - Custom SQL executed
2026-08-05 16:21:23.901 INFO  [] -            liquibase.changelog - ChangeSet db/changelog/036-payment-method.sql::036-02-payment-method-seed::averpo ran successfully in 8ms
2026-08-05 16:21:23.907 INFO  [] -            liquibase.ui - Running Changeset: db/changelog/036-payment-method.sql::036-03-bank-transaction-payment-fields::averpo
2026-08-05 16:21:23.913 INFO  [] -            liquibase.changelog - Custom SQL executed
2026-08-05 16:21:23.916 INFO  [] -            liquibase.changelog - ChangeSet db/changelog/036-payment-method.sql::036-03-bank-transaction-payment-fields::averpo ran successfully in 9ms
2026-08-05 16:21:23.922 INFO  [] -            liquibase.ui - Running Changeset: db/changelog/036-payment-method.sql::036-04-audit-event-entry-index::averpo
2026-08-05 16:21:23.925 INFO  [] -            liquibase.changelog - Custom SQL executed
2026-08-05 16:21:23.927 INFO  [] -            liquibase.changelog - ChangeSet db/changelog/036-payment-method.sql::036-04-audit-event-entry-index::averpo ran successfully in 5ms
2026-08-05 16:21:23.933 INFO  [] -            liquibase.ui - Running Changeset: db/changelog/037-class-tracking.sql::037-01-txn-class::averpo
2026-08-05 16:21:23.938 INFO  [] -            liquibase.changelog - Custom SQL executed
2026-08-05 16:21:23.938 INFO  [] -            liquibase.changelog - ChangeSet db/changelog/037-class-tracking.sql::037-01-txn-class::averpo ran successfully in 5ms
2026-08-05 16:21:23.947 INFO  [] -            liquibase.ui - Running Changeset: db/changelog/037-class-tracking.sql::037-02-company-settings-track-classes::averpo
2026-08-05 16:21:23.952 INFO  [] -            liquibase.changelog - Custom SQL executed
2026-08-05 16:21:23.954 INFO  [] -            liquibase.changelog - ChangeSet db/changelog/037-class-tracking.sql::037-02-company-settings-track-classes::averpo ran successfully in 6ms
2026-08-05 16:21:23.959 INFO  [] -            liquibase.ui - Running Changeset: db/changelog/037-class-tracking.sql::037-03-line-class-columns::averpo
2026-08-05 16:21:23.970 INFO  [] -            liquibase.changelog - Custom SQL executed
2026-08-05 16:21:23.974 INFO  [] -            liquibase.changelog - ChangeSet db/changelog/037-class-tracking.sql::037-03-line-class-columns::averpo ran successfully in 15ms
2026-08-05 16:21:23.979 INFO  [] -            liquibase.ui - Running Changeset: db/changelog/038-credit-memo.sql::038-01-credit-memo::averpo
2026-08-05 16:21:23.988 INFO  [] -            liquibase.changelog - Custom SQL executed
2026-08-05 16:21:23.992 INFO  [] -            liquibase.changelog - ChangeSet db/changelog/038-credit-memo.sql::038-01-credit-memo::averpo ran successfully in 13ms
2026-08-05 16:21:23.997 INFO  [] -            liquibase.ui - Running Changeset: db/changelog/038-credit-memo.sql::038-02-credit-memo-line::averpo
2026-08-05 16:21:24.008 INFO  [] -            liquibase.changelog - Custom SQL executed
2026-08-05 16:21:24.012 INFO  [] -            liquibase.changelog - ChangeSet db/changelog/038-credit-memo.sql::038-02-credit-memo-line::averpo ran successfully in 14ms
2026-08-05 16:21:24.017 INFO  [] -            liquibase.ui - Running Changeset: db/changelog/038-credit-memo.sql::038-03-credit-application::averpo
2026-08-05 16:21:24.025 INFO  [] -            liquibase.changelog - Custom SQL executed
2026-08-05 16:21:24.030 INFO  [] -            liquibase.changelog - ChangeSet db/changelog/038-credit-memo.sql::038-03-credit-application::averpo ran successfully in 13ms
2026-08-05 16:21:24.039 INFO  [] -            liquibase.ui - Running Changeset: db/changelog/038-credit-memo.sql::038-04-credit-memo-sequence::averpo
2026-08-05 16:21:24.045 INFO  [] -            liquibase.changelog - Custom SQL executed
2026-08-05 16:21:24.048 INFO  [] -            liquibase.changelog - ChangeSet db/changelog/038-credit-memo.sql::038-04-credit-memo-sequence::averpo ran successfully in 9ms
2026-08-05 16:21:24.056 INFO  [] -            liquibase.ui - Running Changeset: db/changelog/039-estimates-po.sql::039-01-estimate::averpo
2026-08-05 16:21:24.073 INFO  [] -            liquibase.changelog - Custom SQL executed
2026-08-05 16:21:24.078 INFO  [] -            liquibase.changelog - ChangeSet db/changelog/039-estimates-po.sql::039-01-estimate::averpo ran successfully in 22ms
2026-08-05 16:21:24.085 INFO  [] -            liquibase.ui - Running Changeset: db/changelog/039-estimates-po.sql::039-02-estimate-line::averpo
2026-08-05 16:21:24.098 INFO  [] -            liquibase.changelog - Custom SQL executed
2026-08-05 16:21:24.103 INFO  [] -            liquibase.changelog - ChangeSet db/changelog/039-estimates-po.sql::039-02-estimate-line::averpo ran successfully in 18ms
2026-08-05 16:21:24.110 INFO  [] -            liquibase.ui - Running Changeset: db/changelog/039-estimates-po.sql::039-03-purchase-order::averpo
2026-08-05 16:21:24.126 INFO  [] -            liquibase.changelog - Custom SQL executed
2026-08-05 16:21:24.133 INFO  [] -            liquibase.changelog - ChangeSet db/changelog/039-estimates-po.sql::039-03-purchase-order::averpo ran successfully in 22ms
2026-08-05 16:21:24.143 INFO  [] -            liquibase.ui - Running Changeset: db/changelog/039-estimates-po.sql::039-04-purchase-order-line::averpo
2026-08-05 16:21:24.164 INFO  [] -            liquibase.changelog - Custom SQL executed
2026-08-05 16:21:24.169 INFO  [] -            liquibase.changelog - ChangeSet db/changelog/039-estimates-po.sql::039-04-purchase-order-line::averpo ran successfully in 25ms
2026-08-05 16:21:24.176 INFO  [] -            liquibase.ui - Running Changeset: db/changelog/039-estimates-po.sql::039-05-est-po-sequences::averpo
2026-08-05 16:21:24.182 INFO  [] -            liquibase.changelog - Custom SQL executed
2026-08-05 16:21:24.185 INFO  [] -            liquibase.changelog - ChangeSet db/changelog/039-estimates-po.sql::039-05-est-po-sequences::averpo ran successfully in 8ms
2026-08-05 16:21:24.191 INFO  [] -            liquibase.ui - Running Changeset: db/changelog/040-drop-price-list-item-index.sql::040-drop-price-list-item-index::averpo
2026-08-05 16:21:24.198 INFO  [] -            liquibase.changelog - Custom SQL executed
2026-08-05 16:21:24.202 INFO  [] -            liquibase.changelog - ChangeSet db/changelog/040-drop-price-list-item-index.sql::040-drop-price-list-item-index::averpo ran successfully in 10ms
2026-08-05 16:21:24.208 INFO  [] -            liquibase.ui - Running Changeset: db/changelog/041-vendor-credit-refund-receipt.sql::041-01-vendor-credit::averpo
2026-08-05 16:21:24.222 INFO  [] -            liquibase.changelog - Custom SQL executed
2026-08-05 16:21:24.227 INFO  [] -            liquibase.changelog - ChangeSet db/changelog/041-vendor-credit-refund-receipt.sql::041-01-vendor-credit::averpo ran successfully in 18ms
2026-08-05 16:21:24.234 INFO  [] -            liquibase.ui - Running Changeset: db/changelog/041-vendor-credit-refund-receipt.sql::041-02-vendor-credit-line::averpo
2026-08-05 16:21:24.246 INFO  [] -            liquibase.changelog - Custom SQL executed
2026-08-05 16:21:24.251 INFO  [] -            liquibase.changelog - ChangeSet db/changelog/041-vendor-credit-refund-receipt.sql::041-02-vendor-credit-line::averpo ran successfully in 17ms
2026-08-05 16:21:24.259 INFO  [] -            liquibase.ui - Running Changeset: db/changelog/041-vendor-credit-refund-receipt.sql::041-03-vendor-credit-application::averpo
2026-08-05 16:21:24.266 INFO  [] -            liquibase.changelog - Custom SQL executed
2026-08-05 16:21:24.269 INFO  [] -            liquibase.changelog - ChangeSet db/changelog/041-vendor-credit-refund-receipt.sql::041-03-vendor-credit-application::averpo ran successfully in 10ms
2026-08-05 16:21:24.276 INFO  [] -            liquibase.ui - Running Changeset: db/changelog/041-vendor-credit-refund-receipt.sql::041-04-refund-receipt::averpo
2026-08-05 16:21:24.287 INFO  [] -            liquibase.changelog - Custom SQL executed
2026-08-05 16:21:24.292 INFO  [] -            liquibase.changelog - ChangeSet db/changelog/041-vendor-credit-refund-receipt.sql::041-04-refund-receipt::averpo ran successfully in 16ms
2026-08-05 16:21:24.297 INFO  [] -            liquibase.ui - Running Changeset: db/changelog/041-vendor-credit-refund-receipt.sql::041-05-refund-receipt-line::averpo
2026-08-05 16:21:24.308 INFO  [] -            liquibase.changelog - Custom SQL executed
2026-08-05 16:21:24.313 INFO  [] -            liquibase.changelog - ChangeSet db/changelog/041-vendor-credit-refund-receipt.sql::041-05-refund-receipt-line::averpo ran successfully in 15ms
2026-08-05 16:21:24.320 INFO  [] -            liquibase.ui - Running Changeset: db/changelog/041-vendor-credit-refund-receipt.sql::041-06-returns-sequences::averpo
2026-08-05 16:21:24.324 INFO  [] -            liquibase.changelog - Custom SQL executed
2026-08-05 16:21:24.326 INFO  [] -            liquibase.changelog - ChangeSet db/changelog/041-vendor-credit-refund-receipt.sql::041-06-returns-sequences::averpo ran successfully in 6ms
2026-08-05 16:21:24.331 INFO  [] -            liquibase.ui - Running Changeset: db/changelog/042-attachment.sql::042-01-attachment::averpo
2026-08-05 16:21:24.340 INFO  [] -            liquibase.changelog - Custom SQL executed
2026-08-05 16:21:24.342 INFO  [] -            liquibase.changelog - ChangeSet db/changelog/042-attachment.sql::042-01-attachment::averpo ran successfully in 11ms
2026-08-05 16:21:24.348 INFO  [] -            liquibase.ui - Running Changeset: db/changelog/043-payroll-employee.sql::043-01-contact-monthly-salary::averpo
2026-08-05 16:21:24.351 INFO  [] -            liquibase.changelog - Custom SQL executed
2026-08-05 16:21:24.354 INFO  [] -            liquibase.changelog - ChangeSet db/changelog/043-payroll-employee.sql::043-01-contact-monthly-salary::averpo ran successfully in 6ms
2026-08-05 16:21:24.359 INFO  [] -            liquibase.ui - Running Changeset: db/changelog/043-payroll-employee.sql::043-02-company-settings-payroll-rates::averpo
2026-08-05 16:21:24.367 INFO  [] -            liquibase.changelog - Custom SQL executed
2026-08-05 16:21:24.370 INFO  [] -            liquibase.changelog - ChangeSet db/changelog/043-payroll-employee.sql::043-02-company-settings-payroll-rates::averpo ran successfully in 11ms
2026-08-05 16:21:24.374 INFO  [] -            liquibase.ui - Running Changeset: db/changelog/043-payroll-employee.sql::043-03-payroll-accounts-seed::averpo
2026-08-05 16:21:24.385 INFO  [] -            liquibase.changelog - Custom SQL executed
2026-08-05 16:21:24.387 INFO  [] -            liquibase.changelog - ChangeSet db/changelog/043-payroll-employee.sql::043-03-payroll-accounts-seed::averpo ran successfully in 12ms
2026-08-05 16:21:24.392 INFO  [] -            liquibase.ui - Running Changeset: db/changelog/044-payroll-run.sql::044-01-payroll-run::averpo
2026-08-05 16:21:24.398 INFO  [] -            liquibase.changelog - Custom SQL executed
2026-08-05 16:21:24.402 INFO  [] -            liquibase.changelog - ChangeSet db/changelog/044-payroll-run.sql::044-01-payroll-run::averpo ran successfully in 10ms
2026-08-05 16:21:24.407 INFO  [] -            liquibase.ui - Running Changeset: db/changelog/044-payroll-run.sql::044-02-payroll-run-period-posted-unique::averpo
2026-08-05 16:21:24.411 INFO  [] -            liquibase.changelog - Custom SQL executed
2026-08-05 16:21:24.414 INFO  [] -            liquibase.changelog - ChangeSet db/changelog/044-payroll-run.sql::044-02-payroll-run-period-posted-unique::averpo ran successfully in 7ms
2026-08-05 16:21:24.419 INFO  [] -            liquibase.ui - Running Changeset: db/changelog/044-payroll-run.sql::044-03-payroll-run-line::averpo
2026-08-05 16:21:24.428 INFO  [] -            liquibase.changelog - Custom SQL executed
2026-08-05 16:21:24.431 INFO  [] -            liquibase.changelog - ChangeSet db/changelog/044-payroll-run.sql::044-03-payroll-run-line::averpo ran successfully in 12ms
2026-08-05 16:21:24.436 INFO  [] -            liquibase.ui - Running Changeset: db/changelog/044-payroll-run.sql::044-04-payroll-run-sequence::averpo
2026-08-05 16:21:24.440 INFO  [] -            liquibase.changelog - Custom SQL executed
2026-08-05 16:21:24.443 INFO  [] -            liquibase.changelog - ChangeSet db/changelog/044-payroll-run.sql::044-04-payroll-run-sequence::averpo ran successfully in 5ms
2026-08-05 16:21:24.448 INFO  [] -            liquibase.ui - Running Changeset: db/changelog/045-payroll-payment.sql::045-01-payroll-payment::averpo
2026-08-05 16:21:24.455 INFO  [] -            liquibase.changelog - Custom SQL executed
2026-08-05 16:21:24.460 INFO  [] -            liquibase.changelog - ChangeSet db/changelog/045-payroll-payment.sql::045-01-payroll-payment::averpo ran successfully in 11ms
2026-08-05 16:21:24.463 INFO  [] -            liquibase.ui - Running Changeset: db/changelog/045-payroll-payment.sql::045-02-payroll-payment-line::averpo
2026-08-05 16:21:24.472 INFO  [] -            liquibase.changelog - Custom SQL executed
2026-08-05 16:21:24.475 INFO  [] -            liquibase.changelog - ChangeSet db/changelog/045-payroll-payment.sql::045-02-payroll-payment-line::averpo ran successfully in 12ms
2026-08-05 16:21:24.481 INFO  [] -            liquibase.ui - Running Changeset: db/changelog/045-payroll-payment.sql::045-03-payroll-payment-sequence::averpo
2026-08-05 16:21:24.485 INFO  [] -            liquibase.changelog - Custom SQL executed
2026-08-05 16:21:24.488 INFO  [] -            liquibase.changelog - ChangeSet db/changelog/045-payroll-payment.sql::045-03-payroll-payment-sequence::averpo ran successfully in 7ms
2026-08-05 16:21:24.492 INFO  [] -            liquibase.ui - Running Changeset: db/changelog/046-sales-receipt.sql::046-01-sales-receipt::averpo
2026-08-05 16:21:24.501 INFO  [] -            liquibase.changelog - Custom SQL executed
2026-08-05 16:21:24.504 INFO  [] -            liquibase.changelog - ChangeSet db/changelog/046-sales-receipt.sql::046-01-sales-receipt::averpo ran successfully in 12ms
2026-08-05 16:21:24.511 INFO  [] -            liquibase.ui - Running Changeset: db/changelog/046-sales-receipt.sql::046-02-sales-receipt-line::averpo
2026-08-05 16:21:24.522 INFO  [] -            liquibase.changelog - Custom SQL executed
2026-08-05 16:21:24.526 INFO  [] -            liquibase.changelog - ChangeSet db/changelog/046-sales-receipt.sql::046-02-sales-receipt-line::averpo ran successfully in 15ms
2026-08-05 16:21:24.533 INFO  [] -            liquibase.ui - Running Changeset: db/changelog/046-sales-receipt.sql::046-03-sales-receipt-sequence::averpo
2026-08-05 16:21:24.537 INFO  [] -            liquibase.changelog - Custom SQL executed
2026-08-05 16:21:24.540 INFO  [] -            liquibase.changelog - ChangeSet db/changelog/046-sales-receipt.sql::046-03-sales-receipt-sequence::averpo ran successfully in 7ms
2026-08-05 16:21:24.545 INFO  [] -            liquibase.ui - Running Changeset: db/changelog/047-list-index-perf.sql::047-01-jel-contact-index::averpo
2026-08-05 16:21:24.549 INFO  [] -            liquibase.changelog - Custom SQL executed
2026-08-05 16:21:24.552 INFO  [] -            liquibase.changelog - ChangeSet db/changelog/047-list-index-perf.sql::047-01-jel-contact-index::averpo ran successfully in 7ms
2026-08-05 16:21:24.558 INFO  [] -            liquibase.ui - Running Changeset: db/changelog/047-list-index-perf.sql::047-02-returns-lookup-indexes::averpo
2026-08-05 16:21:24.568 INFO  [] -            liquibase.changelog - Custom SQL executed
2026-08-05 16:21:24.571 INFO  [] -            liquibase.changelog - ChangeSet db/changelog/047-list-index-perf.sql::047-02-returns-lookup-indexes::averpo ran successfully in 13ms
2026-08-05 16:21:24.576 INFO  [] -            liquibase.ui - Running Changeset: db/changelog/048-setup-done.sql::048-01-company-settings-setup-done::averpo
2026-08-05 16:21:24.583 INFO  [] -            liquibase.changelog - Custom SQL executed
2026-08-05 16:21:24.586 INFO  [] -            liquibase.changelog - ChangeSet db/changelog/048-setup-done.sql::048-01-company-settings-setup-done::averpo ran successfully in 8ms
2026-08-05 16:21:24.591 INFO  [] -            liquibase.ui - Running Changeset: db/changelog/049-stock-movement-date-index.sql::049-01-stock-movement-date-index::averpo
2026-08-05 16:21:24.596 INFO  [] -            liquibase.changelog - Custom SQL executed
2026-08-05 16:21:24.599 INFO  [] -            liquibase.changelog - ChangeSet db/changelog/049-stock-movement-date-index.sql::049-01-stock-movement-date-index::averpo ran successfully in 7ms
2026-08-05 16:21:24.604 INFO  [] -            liquibase.ui - Running Changeset: db/changelog/050-audit-user-agent.sql::050-01-audit-user-agent::averpo
2026-08-05 16:21:24.609 INFO  [] -            liquibase.changelog - Custom SQL executed
2026-08-05 16:21:24.612 INFO  [] -            liquibase.changelog - ChangeSet db/changelog/050-audit-user-agent.sql::050-01-audit-user-agent::averpo ran successfully in 8ms
2026-08-05 16:21:24.617 INFO  [] -            liquibase.ui - Running Changeset: db/changelog/051-returns-family-invariants.sql::051-01-returns-family-rate-check::averpo
2026-08-05 16:21:24.628 INFO  [] -            liquibase.changelog - Custom SQL executed
2026-08-05 16:21:24.631 INFO  [] -            liquibase.changelog - ChangeSet db/changelog/051-returns-family-invariants.sql::051-01-returns-family-rate-check::averpo ran successfully in 13ms
2026-08-05 16:21:24.637 INFO  [] -            liquibase.ui - Running Changeset: db/changelog/051-returns-family-invariants.sql::051-02-sales-receipt-line-price-precision::averpo
2026-08-05 16:21:24.643 INFO  [] -            liquibase.changelog - Custom SQL executed
2026-08-05 16:21:24.646 INFO  [] -            liquibase.changelog - ChangeSet db/changelog/051-returns-family-invariants.sql::051-02-sales-receipt-line-price-precision::averpo ran successfully in 9ms
2026-08-05 16:21:24.652 INFO  [] -            liquibase.ui - Running Changeset: db/changelog/051-returns-family-invariants.sql::051-03-payroll-gross-check::averpo
2026-08-05 16:21:24.658 INFO  [] -            liquibase.changelog - Custom SQL executed
2026-08-05 16:21:24.661 INFO  [] -            liquibase.changelog - ChangeSet db/changelog/051-returns-family-invariants.sql::051-03-payroll-gross-check::averpo ran successfully in 9ms
2026-08-05 16:21:24.666 INFO  [] -            liquibase.ui - Running Changeset: db/changelog/052-user-roles-migration.sql::052-01-user-roles-migration::averpo
2026-08-05 16:21:24.672 INFO  [] -            liquibase.changelog - Custom SQL executed
2026-08-05 16:21:24.674 INFO  [] -            liquibase.changelog - ChangeSet db/changelog/052-user-roles-migration.sql::052-01-user-roles-migration::averpo ran successfully in 8ms
2026-08-05 16:21:24.679 INFO  [] -            liquibase.ui - Running Changeset: db/changelog/053-audit-ipv4-country.sql::053-01-audit-ipv4-country::averpo
2026-08-05 16:21:24.686 INFO  [] -            liquibase.changelog - Custom SQL executed
2026-08-05 16:21:24.689 INFO  [] -            liquibase.changelog - ChangeSet db/changelog/053-audit-ipv4-country.sql::053-01-audit-ipv4-country::averpo ran successfully in 9ms
2026-08-05 16:21:24.693 INFO  [] -            liquibase.ui - Running Changeset: db/changelog/054-company-info.sql::054-company-info::averpo
2026-08-05 16:21:24.726 INFO  [] -            liquibase.changelog - Custom SQL executed
2026-08-05 16:21:24.729 INFO  [] -            liquibase.changelog - ChangeSet db/changelog/054-company-info.sql::054-company-info::averpo ran successfully in 35ms
2026-08-05 16:21:24.736 INFO  [] -            liquibase.ui - Running Changeset: db/changelog/056-stock-document.sql::056-01-stock-adjustment::averpo
2026-08-05 16:21:24.744 INFO  [] -            liquibase.changelog - Custom SQL executed
2026-08-05 16:21:24.748 INFO  [] -            liquibase.changelog - ChangeSet db/changelog/056-stock-document.sql::056-01-stock-adjustment::averpo ran successfully in 12ms
2026-08-05 16:21:24.754 INFO  [] -            liquibase.ui - Running Changeset: db/changelog/056-stock-document.sql::056-02-stock-adjustment-line::averpo
2026-08-05 16:21:24.766 INFO  [] -            liquibase.changelog - Custom SQL executed
2026-08-05 16:21:24.770 INFO  [] -            liquibase.changelog - ChangeSet db/changelog/056-stock-document.sql::056-02-stock-adjustment-line::averpo ran successfully in 16ms
2026-08-05 16:21:24.775 INFO  [] -            liquibase.ui - Running Changeset: db/changelog/056-stock-document.sql::056-03-stock-transfer::averpo
2026-08-05 16:21:24.782 INFO  [] -            liquibase.changelog - Custom SQL executed
2026-08-05 16:21:24.786 INFO  [] -            liquibase.changelog - ChangeSet db/changelog/056-stock-document.sql::056-03-stock-transfer::averpo ran successfully in 11ms
2026-08-05 16:21:24.791 INFO  [] -            liquibase.ui - Running Changeset: db/changelog/056-stock-document.sql::056-04-stock-transfer-line::averpo
2026-08-05 16:21:24.805 INFO  [] -            liquibase.changelog - Custom SQL executed
2026-08-05 16:21:24.809 INFO  [] -            liquibase.changelog - ChangeSet db/changelog/056-stock-document.sql::056-04-stock-transfer-line::averpo ran successfully in 18ms
2026-08-05 16:21:24.814 INFO  [] -            liquibase.ui - Running Changeset: db/changelog/056-stock-document.sql::056-05-stock-document-sequence::averpo
2026-08-05 16:21:24.817 INFO  [] -            liquibase.changelog - Custom SQL executed
2026-08-05 16:21:24.819 INFO  [] -            liquibase.changelog - ChangeSet db/changelog/056-stock-document.sql::056-05-stock-document-sequence::averpo ran successfully in 5ms
2026-08-05 16:21:24.824 INFO  [] -            liquibase.ui - Running Changeset: db/changelog/057-app-user-profile.sql::057-app-user-profile::averpo
2026-08-05 16:21:24.841 INFO  [] -            liquibase.changelog - Custom SQL executed
2026-08-05 16:21:24.844 INFO  [] -            liquibase.changelog - ChangeSet db/changelog/057-app-user-profile.sql::057-app-user-profile::averpo ran successfully in 20ms
2026-08-05 16:21:24.850 INFO  [] -            liquibase.ui - Running Changeset: db/changelog/059-telegram.sql::059-01-telegram-settings::averpo
2026-08-05 16:21:24.850 INFO  [] -            liquibase.changelog - Custom SQL executed
2026-08-05 16:21:24.856 INFO  [] -            liquibase.changelog - ChangeSet db/changelog/059-telegram.sql::059-01-telegram-settings::averpo ran successfully in 6ms
2026-08-05 16:21:24.863 INFO  [] -            liquibase.ui - Running Changeset: db/changelog/059-telegram.sql::059-02-app-user-telegram::averpo
2026-08-05 16:21:24.873 INFO  [] -            liquibase.changelog - Custom SQL executed
2026-08-05 16:21:24.875 INFO  [] -            liquibase.changelog - ChangeSet db/changelog/059-telegram.sql::059-02-app-user-telegram::averpo ran successfully in 12ms
2026-08-05 16:21:24.880 INFO  [] -            liquibase.ui - Running Changeset: db/changelog/060-stock-external-ref.sql::060-01-stock-adjustment-external-ref::averpo
2026-08-05 16:21:24.883 INFO  [] -            liquibase.changelog - Custom SQL executed
2026-08-05 16:21:24.885 INFO  [] -            liquibase.changelog - ChangeSet db/changelog/060-stock-external-ref.sql::060-01-stock-adjustment-external-ref::averpo ran successfully in 5ms
2026-08-05 16:21:24.890 INFO  [] -            liquibase.ui - Running Changeset: db/changelog/060-stock-external-ref.sql::060-02-stock-transfer-external-ref::averpo
2026-08-05 16:21:24.894 INFO  [] -            liquibase.changelog - Custom SQL executed
2026-08-05 16:21:24.896 INFO  [] -            liquibase.changelog - ChangeSet db/changelog/060-stock-external-ref.sql::060-02-stock-transfer-external-ref::averpo ran successfully in 6ms
2026-08-05 16:21:24.900 INFO  [] -            liquibase.ui - Running Changeset: db/changelog/061-indexes.sql::061-01-list-filter-indexes::averpo
2026-08-05 16:21:24.932 INFO  [] -            liquibase.changelog - Custom SQL executed
2026-08-05 16:21:24.938 INFO  [] -            liquibase.changelog - ChangeSet db/changelog/061-indexes.sql::061-01-list-filter-indexes::averpo ran successfully in 37ms
2026-08-05 16:21:24.944 INFO  [] -            liquibase.ui - Running Changeset: db/changelog/065-plugins.sql::065-01-plugin-state::averpo
2026-08-05 16:21:24.949 INFO  [] -            liquibase.changelog - Custom SQL executed
2026-08-05 16:21:24.952 INFO  [] -            liquibase.changelog - ChangeSet db/changelog/065-plugins.sql::065-01-plugin-state::averpo ran successfully in 8ms
2026-08-05 16:21:24.957 INFO  [] -            liquibase.ui - Running Changeset: db/changelog/066-refinement.sql::066-refinement::averpo
2026-08-05 16:21:24.966 INFO  [] -            liquibase.changelog - Custom SQL executed
2026-08-05 16:21:24.969 INFO  [] -            liquibase.changelog - ChangeSet db/changelog/066-refinement.sql::066-refinement::averpo ran successfully in 11ms
2026-08-05 16:21:24.973 INFO  [] -            liquibase.ui - Running Changeset: db/changelog/068-telegram-webhook.sql::068-telegram-webhook::averpo
2026-08-05 16:21:24.977 INFO  [] -            liquibase.changelog - Custom SQL executed
2026-08-05 16:21:24.979 INFO  [] -            liquibase.changelog - ChangeSet db/changelog/068-telegram-webhook.sql::068-telegram-webhook::averpo ran successfully in 5ms
2026-08-05 16:21:24.991 INFO  [] -            liquibase.util - UPDATE SUMMARY
2026-08-05 16:21:24.991 INFO  [] -            liquibase.util - Run:                        142
2026-08-05 16:21:24.991 INFO  [] -            liquibase.util - Previously run:               0
2026-08-05 16:21:24.991 INFO  [] -            liquibase.util - Filtered out:                 0
2026-08-05 16:21:24.991 INFO  [] -            liquibase.util - -------------------------------
2026-08-05 16:21:24.991 INFO  [] -            liquibase.util - Total change sets:          142
2026-08-05 16:21:24.992 INFO  [] -            liquibase.util - Update summary generated
2026-08-05 16:21:24.995 INFO  [] -            liquibase.command - Update command completed successfully.
2026-08-05 16:21:24.995 INFO  [] -            liquibase.ui - Liquibase: Update has been successful. Rows affected: 40
2026-08-05 16:21:25.003 INFO  [] -            liquibase.lockservice - Successfully released change log lock
2026-08-05 16:21:25.005 INFO  [] -            liquibase.command - Command execution complete
2026-08-05 16:21:27.286 INFO  [] -            o.s.o.j.p.SpringPersistenceUnitInfo - No LoadTimeWeaver setup: ignoring JPA class transformer
2026-08-05 16:21:30.256 INFO  [] -            o.s.o.j.LocalContainerEntityManagerFactoryBean - Initialized JPA EntityManagerFactory for persistence unit 'default'
2026-08-05 16:21:30.381 INFO  [] -            o.s.d.j.r.q.QueryEnhancerFactories - Hibernate is in classpath; If applicable, HQL parser will be used.
2026-08-05 16:21:35.636 INFO  [] -            o.a.coyote.http11.Http11NioProtocol - Starting ProtocolHandler ["http-nio-8091"]
2026-08-05 16:21:35.650 INFO  [] -            o.s.boot.tomcat.TomcatWebServer - Tomcat started on port 8091 (http) with context path '/'
2026-08-05 16:21:35.657 INFO  [] -            c.a.e.p.t.service.TelegramPoller - Telegram poller ишга тушди
2026-08-05 16:21:35.671 INFO  [] -            com.averpo.erp.AverpoApplication - Started AverpoApplication in 18.429 seconds (process running for 18.959)
2026-08-05 16:21:35.745 WARN  [] -            c.a.e.s.config.AdminUserInitializer - ДИҚҚАТ: admin фойдаланувчиси DEV DEFAULT парол билан яратилди. Production'da AVERPO_ADMIN_PASSWORD env бериш ШАРТ!
2026-08-05 16:21:38.333 INFO  [] -            c.averpo.erp.config.DemoDataSeeder - Demo каталог: 30 мижоз, 20 етказувчи, 16 товар, 4 хизмат, 6 омбор
2026-08-05 16:21:38.543 INFO  [] -            c.a.e.l.service.PostingServiceImpl - JE POSTED: BANK_TXN JE-2026-000001 home жами 300000000.0000
2026-08-05 16:21:38.744 INFO  [] -            c.a.e.l.service.PostingServiceImpl - JE POSTED: BILL JE-2026-000002 home жами 38990336.0000
2026-08-05 16:21:39.054 INFO  [] -            c.a.e.l.service.PostingServiceImpl - JE POSTED: INVOICE JE-2026-000003 home жами 29965320.0000
2026-08-05 16:21:39.193 INFO  [] -            c.a.e.l.service.PostingServiceImpl - JE POSTED: INVOICE JE-2026-000004 home жами 809600.0000
2026-08-05 16:21:39.271 INFO  [] -            c.a.e.l.service.PostingServiceImpl - JE POSTED: BANK_TXN JE-2026-000005 home жами 4560000.0000
2026-08-05 16:21:39.336 INFO  [] -            c.a.e.l.service.PostingServiceImpl - JE POSTED: BANK_TXN JE-2026-000006 home жами 1850000.0000
2026-08-05 16:21:39.454 INFO  [] -            c.a.e.l.service.PostingServiceImpl - JE POSTED: BILL JE-2026-000007 home жами 33890304.0000
2026-08-05 16:21:39.606 INFO  [] -            c.a.e.l.service.PostingServiceImpl - JE POSTED: BILL JE-2026-000008 home жами 33913241.6000
2026-08-05 16:21:39.793 INFO  [] -            c.a.e.l.service.PostingServiceImpl - JE POSTED: INVOICE JE-2026-000009 home жами 11618304.0000
2026-08-05 16:21:39.950 INFO  [] -            c.a.e.l.service.PostingServiceImpl - JE POSTED: INVOICE JE-2026-000010 home жами 15197798.4000
2026-08-05 16:21:40.124 INFO  [] -            c.a.e.l.service.PostingServiceImpl - JE POSTED: INVOICE JE-2026-000011 home жами 24977817.6000
2026-08-05 16:21:40.208 INFO  [] -            c.a.e.l.service.PostingServiceImpl - JE POSTED: BANK_TXN JE-2026-000012 home жами 4620000.0000
2026-08-05 16:21:40.287 INFO  [] -            c.a.e.l.service.PostingServiceImpl - JE POSTED: BANK_TXN JE-2026-000013 home жами 1850000.0000
2026-08-05 16:21:40.356 INFO  [] -            c.a.e.l.service.PostingServiceImpl - JE POSTED: BANK_TXN JE-2026-000014 home жами 940000.0000
2026-08-05 16:21:40.413 INFO  [] -            c.a.e.l.service.PostingServiceImpl - JE POSTED: BANK_TXN JE-2026-000015 home жами 63000000.0000
2026-08-05 16:21:40.562 INFO  [] -            c.a.e.l.service.PostingServiceImpl - JE POSTED: BILL JE-2026-000016 home жами 36787856.0000
2026-08-05 16:21:40.702 INFO  [] -            c.a.e.l.service.PostingServiceImpl - JE POSTED: BILL JE-2026-000017 home жами 21338100.0000
2026-08-05 16:21:40.897 INFO  [] -            c.a.e.l.service.PostingServiceImpl - JE POSTED: INVOICE JE-2026-000018 home жами 24701358.4000
2026-08-05 16:21:41.126 INFO  [] -            c.a.e.l.service.PostingServiceImpl - JE POSTED: INVOICE JE-2026-000019 home жами 11265600.0000
2026-08-05 16:21:41.289 INFO  [] -            c.a.e.l.service.PostingServiceImpl - JE POSTED: INVOICE JE-2026-000020 home жами 466200.0000
2026-08-05 16:21:41.356 INFO  [] -            c.a.e.l.service.PostingServiceImpl - JE POSTED: BANK_TXN JE-2026-000021 home жами 4680000.0000
2026-08-05 16:21:41.414 INFO  [] -            c.a.e.l.service.PostingServiceImpl - JE POSTED: BANK_TXN JE-2026-000022 home жами 1850000.0000
2026-08-05 16:21:41.596 INFO  [] -            c.a.e.l.service.PostingServiceImpl - JE POSTED: BILL JE-2026-000023 home жами 37484025.6000
2026-08-05 16:21:41.748 INFO  [] -            c.a.e.l.service.PostingServiceImpl - JE POSTED: BILL JE-2026-000024 home жами 37234014.7200
2026-08-05 16:21:41.909 INFO  [] -            c.a.e.l.service.PostingServiceImpl - JE POSTED: INVOICE JE-2026-000025 home жами 14511111.0400
2026-08-05 16:21:42.055 INFO  [] -            c.a.e.l.service.PostingServiceImpl - JE POSTED: INVOICE JE-2026-000026 home жами 25904254.4000
2026-08-05 16:21:42.162 INFO  [] -            c.a.e.l.service.PostingServiceImpl - JE POSTED: INVOICE JE-2026-000027 home жами 471600.0000
2026-08-05 16:21:42.320 INFO  [] -            c.a.e.l.service.PostingServiceImpl - JE POSTED: INVOICE JE-2026-000028 home жами 31275104.0000
2026-08-05 16:21:42.387 INFO  [] -            c.a.e.l.service.PostingServiceImpl - JE POSTED: BANK_TXN JE-2026-000029 home жами 4740000.0000
2026-08-05 16:21:42.443 INFO  [] -            c.a.e.l.service.PostingServiceImpl - JE POSTED: BANK_TXN JE-2026-000030 home жами 1150000.0000
2026-08-05 16:21:42.508 INFO  [] -            c.a.e.l.service.PostingServiceImpl - JE POSTED: BANK_TXN JE-2026-000031 home жами 1000000.0000
2026-08-05 16:21:42.568 INFO  [] -            c.a.e.l.service.PostingServiceImpl - JE POSTED: BANK_TXN JE-2026-000032 home жами 9000000.0000
2026-08-05 16:21:42.689 INFO  [] -            c.a.e.l.service.PostingServiceImpl - JE POSTED: BILL JE-2026-000033 home жами 38928288.0000
2026-08-05 16:21:42.846 INFO  [] -            c.a.e.l.service.PostingServiceImpl - JE POSTED: INVOICE JE-2026-000034 home жами 10529624.0000
2026-08-05 16:21:42.984 INFO  [] -            c.a.e.l.service.PostingServiceImpl - JE POSTED: INVOICE JE-2026-000035 home жами 18955440.0000
2026-08-05 16:21:43.119 INFO  [] -            c.a.e.l.service.PostingServiceImpl - JE POSTED: INVOICE JE-2026-000036 home жами 18869160.0000
2026-08-05 16:21:43.290 INFO  [] -            c.a.e.l.service.PostingServiceImpl - JE POSTED: INVOICE JE-2026-000037 home жами 21116000.0000
2026-08-05 16:21:43.353 INFO  [] -            c.a.e.l.service.PostingServiceImpl - JE POSTED: BANK_TXN JE-2026-000038 home жами 4800000.0000
2026-08-05 16:21:43.407 INFO  [] -            c.a.e.l.service.PostingServiceImpl - JE POSTED: BANK_TXN JE-2026-000039 home жами 1150000.0000
2026-08-05 16:21:43.587 INFO  [] -            c.a.e.l.service.PostingServiceImpl - JE POSTED: BILL JE-2026-000040 home жами 42604070.4000
2026-08-05 16:21:43.739 INFO  [] -            c.a.e.l.service.PostingServiceImpl - JE POSTED: BILL JE-2026-000041 home жами 57330560.0000
2026-08-05 16:21:43.921 INFO  [] -            c.a.e.l.service.PostingServiceImpl - JE POSTED: INVOICE JE-2026-000042 home жами 31514656.0000
2026-08-05 16:21:44.106 INFO  [] -            c.a.e.l.service.PostingServiceImpl - JE POSTED: INVOICE JE-2026-000043 home жами 26857552.0000
2026-08-05 16:21:44.253 INFO  [] -            c.a.e.l.service.PostingServiceImpl - JE POSTED: INVOICE JE-2026-000044 home жами 26403990.0000
2026-08-05 16:21:44.403 INFO  [] -            c.a.e.l.service.PostingServiceImpl - JE POSTED: INVOICE JE-2026-000045 home жами 28498696.0000
2026-08-05 16:21:44.544 INFO  [] -            c.a.e.l.service.PostingServiceImpl - JE POSTED: INVOICE JE-2026-000046 home жами 24155028.0000
2026-08-05 16:21:44.602 INFO  [] -            c.a.e.l.service.PostingServiceImpl - JE POSTED: BANK_TXN JE-2026-000047 home жами 4860000.0000
2026-08-05 16:21:44.674 INFO  [] -            c.a.e.l.service.PostingServiceImpl - JE POSTED: BANK_TXN JE-2026-000048 home жами 1150000.0000
2026-08-05 16:21:44.738 INFO  [] -            c.a.e.l.service.PostingServiceImpl - JE POSTED: BANK_TXN JE-2026-000049 home жами 1060000.0000
2026-08-05 16:21:44.833 INFO  [] -            c.a.e.l.service.PostingServiceImpl - JE POSTED: BILL JE-2026-000050 home жами 52387552.0000
2026-08-05 16:21:44.950 INFO  [] -            c.a.e.l.service.PostingServiceImpl - JE POSTED: BILL JE-2026-000051 home жами 28725732.0000
2026-08-05 16:21:45.128 INFO  [] -            c.a.e.l.service.PostingServiceImpl - JE POSTED: INVOICE JE-2026-000052 home жами 19386252.0000
2026-08-05 16:21:45.342 INFO  [] -            c.a.e.l.service.PostingServiceImpl - JE POSTED: INVOICE JE-2026-000053 home жами 24957464.0000
2026-08-05 16:21:45.567 INFO  [] -            c.a.e.l.service.PostingServiceImpl - JE POSTED: INVOICE JE-2026-000054 home жами 25721613.8609
2026-08-05 16:21:45.711 INFO  [] -            c.a.e.l.service.PostingServiceImpl - JE POSTED: INVOICE JE-2026-000055 home жами 26920817.6552
2026-08-05 16:21:45.871 INFO  [] -            c.a.e.l.service.PostingServiceImpl - JE POSTED: INVOICE JE-2026-000056 home жами 25716020.7814
2026-08-05 16:21:45.930 INFO  [] -            c.a.e.l.service.PostingServiceImpl - JE POSTED: BANK_TXN JE-2026-000057 home жами 4920000.0000
2026-08-05 16:21:45.993 INFO  [] -            c.a.e.l.service.PostingServiceImpl - JE POSTED: BANK_TXN JE-2026-000058 home жами 1150000.0000
2026-08-05 16:21:46.198 INFO  [] -            c.a.e.l.service.PostingServiceImpl - JE POSTED: BILL JE-2026-000059 home жами 68250112.0000
2026-08-05 16:21:46.393 INFO  [] -            c.a.e.l.service.PostingServiceImpl - JE POSTED: BILL JE-2026-000060 home жами 47259520.0000
2026-08-05 16:21:46.664 INFO  [] -            c.a.e.l.service.PostingServiceImpl - JE POSTED: INVOICE JE-2026-000061 home жами 29958465.6000
2026-08-05 16:21:46.842 INFO  [] -            c.a.e.l.service.PostingServiceImpl - JE POSTED: INVOICE JE-2026-000062 home жами 11755270.4000
2026-08-05 16:21:47.005 INFO  [] -            c.a.e.l.service.PostingServiceImpl - JE POSTED: INVOICE JE-2026-000063 home жами 25765820.9766
2026-08-05 16:21:47.146 INFO  [] -            c.a.e.l.service.PostingServiceImpl - JE POSTED: INVOICE JE-2026-000064 home жами 27395139.8680
2026-08-05 16:21:47.289 INFO  [] -            c.a.e.l.service.PostingServiceImpl - JE POSTED: INVOICE JE-2026-000065 home жами 55418528.0000
2026-08-05 16:21:47.426 INFO  [] -            c.a.e.l.service.PostingServiceImpl - JE POSTED: INVOICE JE-2026-000066 home жами 32600608.0000
2026-08-05 16:21:47.503 INFO  [] -            c.a.e.l.service.PostingServiceImpl - JE POSTED: BANK_TXN JE-2026-000067 home жами 4980000.0000
2026-08-05 16:21:47.580 INFO  [] -            c.a.e.l.service.PostingServiceImpl - JE POSTED: BANK_TXN JE-2026-000068 home жами 1150000.0000
2026-08-05 16:21:47.659 INFO  [] -            c.a.e.l.service.PostingServiceImpl - JE POSTED: BANK_TXN JE-2026-000069 home жами 1120000.0000
2026-08-05 16:21:47.728 INFO  [] -            c.a.e.l.service.PostingServiceImpl - JE POSTED: BANK_TXN JE-2026-000070 home жами 9000000.0000
2026-08-05 16:21:47.803 INFO  [] -            c.a.e.l.service.PostingServiceImpl - JE POSTED: INVOICE_PAYMENT JE-2026-000071 home жами 17922520.0000
2026-08-05 16:21:47.881 INFO  [] -            c.a.e.l.service.PostingServiceImpl - JE POSTED: INVOICE_PAYMENT JE-2026-000072 home жами 809600.0000
2026-08-05 16:21:47.942 INFO  [] -            c.a.e.l.service.PostingServiceImpl - JE POSTED: INVOICE_PAYMENT JE-2026-000073 home жами 7010304.0000
2026-08-05 16:21:48.009 INFO  [] -            c.a.e.l.service.PostingServiceImpl - JE POSTED: INVOICE_PAYMENT JE-2026-000074 home жами 9627238.4000
2026-08-05 16:21:48.082 INFO  [] -            c.a.e.l.service.PostingServiceImpl - JE POSTED: INVOICE_PAYMENT JE-2026-000075 home жами 15393177.6000
2026-08-05 16:21:48.147 INFO  [] -            c.a.e.l.service.PostingServiceImpl - JE POSTED: INVOICE_PAYMENT JE-2026-000076 home жами 15295918.4000
2026-08-05 16:21:48.219 INFO  [] -            c.a.e.l.service.PostingServiceImpl - JE POSTED: INVOICE_PAYMENT JE-2026-000077 home жами 7210560.0000
2026-08-05 16:21:48.290 INFO  [] -            c.a.e.l.service.PostingServiceImpl - JE POSTED: INVOICE_PAYMENT JE-2026-000078 home жами 466200.0000
2026-08-05 16:21:48.360 INFO  [] -            c.a.e.l.service.PostingServiceImpl - JE POSTED: INVOICE_PAYMENT JE-2026-000079 home жами 9174695.0400
2026-08-05 16:21:48.420 INFO  [] -            c.a.e.l.service.PostingServiceImpl - JE POSTED: INVOICE_PAYMENT JE-2026-000080 home жами 16173574.4000
2026-08-05 16:21:48.484 INFO  [] -            c.a.e.l.service.PostingServiceImpl - JE POSTED: INVOICE_PAYMENT JE-2026-000081 home жами 471600.0000
2026-08-05 16:21:48.561 INFO  [] -            c.a.e.l.service.PostingServiceImpl - JE POSTED: INVOICE_PAYMENT JE-2026-000082 home жами 19333504.0000
2026-08-05 16:21:48.635 INFO  [] -            c.a.e.l.service.PostingServiceImpl - JE POSTED: INVOICE_PAYMENT JE-2026-000083 home жами 6568184.0000
2026-08-05 16:21:48.715 INFO  [] -            c.a.e.l.service.PostingServiceImpl - JE POSTED: INVOICE_PAYMENT JE-2026-000084 home жами 11770240.0000
2026-08-05 16:21:48.788 INFO  [] -            c.a.e.l.service.PostingServiceImpl - JE POSTED: INVOICE_PAYMENT JE-2026-000085 home жами 11517960.0000
2026-08-05 16:21:48.863 INFO  [] -            c.a.e.l.service.PostingServiceImpl - JE POSTED: INVOICE_PAYMENT JE-2026-000086 home жами 13144000.0000
2026-08-05 16:21:48.942 INFO  [] -            c.a.e.l.service.PostingServiceImpl - JE POSTED: INVOICE_PAYMENT JE-2026-000087 home жами 18865056.0000
2026-08-05 16:21:49.016 INFO  [] -            c.a.e.l.service.PostingServiceImpl - JE POSTED: INVOICE_PAYMENT JE-2026-000088 home жами 16525952.0000
2026-08-05 16:21:49.082 INFO  [] -            c.a.e.l.service.PostingServiceImpl - JE POSTED: INVOICE_PAYMENT JE-2026-000089 home жами 15729037.5000
2026-08-05 16:21:49.130 INFO  [] -            c.a.e.l.service.PostingServiceImpl - JE POSTED: RECEIPT_ALLOCATION JE-2026-000090 home жами 185047.5000
2026-08-05 16:21:49.197 INFO  [] -            c.a.e.l.service.PostingServiceImpl - JE POSTED: INVOICE_PAYMENT JE-2026-000091 home жами 17334900.0000
2026-08-05 16:21:49.248 INFO  [] -            c.a.e.l.service.PostingServiceImpl - JE POSTED: RECEIPT_ALLOCATION JE-2026-000092 home жами 203940.0000
2026-08-05 16:21:49.311 INFO  [] -            c.a.e.l.service.PostingServiceImpl - JE POSTED: INVOICE_PAYMENT JE-2026-000093 home жами 14499045.0000
2026-08-05 16:21:49.358 INFO  [] -            c.a.e.l.service.PostingServiceImpl - JE POSTED: RECEIPT_ALLOCATION JE-2026-000094 home жами 170577.0000
2026-08-05 16:21:49.416 INFO  [] -            c.a.e.l.service.PostingServiceImpl - JE POSTED: INVOICE_PAYMENT JE-2026-000095 home жами 6244057.5000
2026-08-05 16:21:49.456 INFO  [] -            c.a.e.l.service.PostingServiceImpl - JE POSTED: RECEIPT_ALLOCATION JE-2026-000096 home жами 73459.5000
2026-08-05 16:21:49.515 INFO  [] -            c.a.e.l.service.PostingServiceImpl - JE POSTED: INVOICE_PAYMENT JE-2026-000097 home жами 8523275.2000
2026-08-05 16:21:49.580 INFO  [] -            c.a.e.l.service.PostingServiceImpl - JE POSTED: INVOICE_PAYMENT JE-2026-000098 home жами 8862155.2800
2026-08-05 16:21:49.644 INFO  [] -            c.a.e.l.service.PostingServiceImpl - JE POSTED: INVOICE_PAYMENT JE-2026-000099 home жами 9295950.4000
2026-08-05 16:21:49.710 INFO  [] -            c.a.e.l.service.PostingServiceImpl - JE POSTED: INVOICE_PAYMENT JE-2026-000100 home жами 8873983.8900
2026-08-05 16:21:49.798 INFO  [] -            c.a.e.l.service.PostingServiceImpl - JE POSTED: BILL_PAYMENT JE-2026-000101 home жами 38990336.0000
2026-08-05 16:21:49.881 INFO  [] -            c.a.e.l.service.PostingServiceImpl - JE POSTED: BILL_PAYMENT JE-2026-000102 home жами 33890304.0000
2026-08-05 16:21:49.950 INFO  [] -            c.a.e.l.service.PostingServiceImpl - JE POSTED: BILL_PAYMENT JE-2026-000103 home жами 33913241.6000
2026-08-05 16:21:50.018 INFO  [] -            c.a.e.l.service.PostingServiceImpl - JE POSTED: BILL_PAYMENT JE-2026-000104 home жами 36787856.0000
2026-08-05 16:21:50.084 INFO  [] -            c.a.e.l.service.PostingServiceImpl - JE POSTED: BILL_PAYMENT JE-2026-000105 home жами 21592125.0000
2026-08-05 16:21:50.125 INFO  [] -            c.a.e.l.service.PostingServiceImpl - JE POSTED: PAYMENT_ALLOCATION JE-2026-000106 home жами 254025.0000
2026-08-05 16:21:50.178 INFO  [] -            c.a.e.l.service.PostingServiceImpl - JE POSTED: BILL_PAYMENT JE-2026-000107 home жами 37484025.6000
2026-08-05 16:21:50.240 INFO  [] -            c.a.e.l.service.PostingServiceImpl - JE POSTED: BILL_PAYMENT JE-2026-000108 home жами 37234014.7200
2026-08-05 16:21:50.301 INFO  [] -            c.a.e.l.service.PostingServiceImpl - JE POSTED: BILL_PAYMENT JE-2026-000109 home жами 38928288.0000
2026-08-05 16:21:50.371 INFO  [] -            c.a.e.l.service.PostingServiceImpl - JE POSTED: BILL_PAYMENT JE-2026-000110 home жами 42604070.4000
2026-08-05 16:21:50.434 INFO  [] -            c.a.e.l.service.PostingServiceImpl - JE POSTED: BILL_PAYMENT JE-2026-000111 home жами 57330560.0000
2026-08-05 16:21:50.497 INFO  [] -            c.a.e.l.service.PostingServiceImpl - JE POSTED: BILL_PAYMENT JE-2026-000112 home жами 26193776.0000
2026-08-05 16:21:50.562 INFO  [] -            c.a.e.l.service.PostingServiceImpl - JE POSTED: BILL_PAYMENT JE-2026-000113 home жами 14533852.5000
2026-08-05 16:21:50.600 INFO  [] -            c.a.e.l.service.PostingServiceImpl - JE POSTED: PAYMENT_ALLOCATION JE-2026-000114 home жами 170986.5000
2026-08-05 16:21:50.715 INFO  [] -            c.a.e.l.service.PostingServiceImpl - JE POSTED: INVENTORY JE-2026-000115 home жами 877533.4783
2026-08-05 16:21:50.723 INFO  [] -            c.averpo.erp.config.DemoDataSeeder - Demo маълумот тайёр (Январь - Август ойлари): 50 контакт, 20 товар/хизмат, 6 омбор, 14 bill, 32 invoice, 26 тушум, 12 тўлов, 20 харажат, 3 банк ўтказма, 3 омбор кўчириш, 1 акт
2026-08-05 16:21:50.732 INFO  [] -            c.a.e.shared.config.StartupUrlLogger - Илова тайёр: http://localhost:8091
2026-08-05 16:21:52.303 INFO  [] -            o.a.c.c.C.[Tomcat].[localhost].[/] - Initializing Spring DispatcherServlet 'dispatcherServlet'
2026-08-05 16:21:52.303 INFO  [] -            o.s.web.servlet.DispatcherServlet - Initializing Servlet 'dispatcherServlet'
2026-08-05 16:21:52.303 INFO  [] -            o.s.web.servlet.DispatcherServlet - Completed initialization in 0 ms
2026-08-05 16:23:23.120 INFO  [] -            com.averpo.erp.AverpoApplication - Starting AverpoApplication using Java 21.0.9 with PID 118024 (D:\Averpo\averpo-erp-web-tech-award\build\classes\java\main started by nurmu in D:\Averpo\averpo-erp-web-tech-award)
2026-08-05 16:23:23.120 INFO  [] -            com.averpo.erp.AverpoApplication - The following 2 profiles are active: "dev", "demo"
2026-08-05 16:23:24.308 INFO  [] -            o.s.d.r.c.RepositoryConfigurationDelegate - Bootstrapping Spring Data JPA repositories in DEFAULT mode.
2026-08-05 16:23:24.568 INFO  [] -            o.s.d.r.c.RepositoryConfigurationDelegate - Finished Spring Data repository scanning in 249 ms. Found 56 JPA repository interfaces.
2026-08-05 16:23:25.655 INFO  [] -            o.s.boot.tomcat.TomcatWebServer - Tomcat initialized with port 8091 (http)
2026-08-05 16:23:25.671 INFO  [] -            o.a.coyote.http11.Http11NioProtocol - Initializing ProtocolHandler ["http-nio-8091"]
2026-08-05 16:23:25.671 INFO  [] -            o.a.catalina.core.StandardService - Starting service [Tomcat]
2026-08-05 16:23:25.671 INFO  [] -            o.a.catalina.core.StandardEngine - Starting Servlet engine: [Apache Tomcat/11.0.14]
2026-08-05 16:23:25.771 INFO  [] -            o.s.b.w.c.s.WebApplicationContextInitializer - Root WebApplicationContext: initialization completed in 2588 ms
2026-08-05 16:23:26.017 INFO  [] -            com.zaxxer.hikari.HikariDataSource - HikariPool-1 - Starting...
2026-08-05 16:23:26.315 INFO  [] -            com.zaxxer.hikari.pool.HikariPool - HikariPool-1 - Added connection org.postgresql.jdbc.PgConnection@29f3185c
2026-08-05 16:23:26.318 INFO  [] -            com.zaxxer.hikari.HikariDataSource - HikariPool-1 - Start completed.
2026-08-05 16:23:26.534 INFO  [] -            liquibase.database - Set default schema name to public
2026-08-05 16:23:26.801 INFO  [] -            liquibase.changelog - Creating database changelog table with name: public.databasechangelog
2026-08-05 16:23:26.860 INFO  [] -            liquibase.changelog - Reading from public.databasechangelog
2026-08-05 16:23:27.048 INFO  [] -            liquibase.snapshot - Creating snapshot
2026-08-05 16:23:27.170 INFO  [] -            liquibase.lockservice - Successfully acquired change log lock
2026-08-05 16:23:27.173 INFO  [] -            liquibase.command - Using deploymentId: 5929005993
2026-08-05 16:23:27.176 INFO  [] -            liquibase.changelog - Reading from public.databasechangelog
2026-08-05 16:23:27.236 INFO  [] -            liquibase.ui - Running Changeset: db/changelog/001-shared.sql::001-exchange-rate::erp
2026-08-05 16:23:27.264 INFO  [] -            liquibase.changelog - Custom SQL executed
2026-08-05 16:23:27.272 INFO  [] -            liquibase.changelog - ChangeSet db/changelog/001-shared.sql::001-exchange-rate::erp ran successfully in 34ms
2026-08-05 16:23:27.282 INFO  [] -            liquibase.ui - Running Changeset: db/changelog/002-company-settings.sql::002-company-settings::averpo
2026-08-05 16:23:27.292 INFO  [] -            liquibase.changelog - Custom SQL executed
2026-08-05 16:23:27.296 INFO  [] -            liquibase.changelog - ChangeSet db/changelog/002-company-settings.sql::002-company-settings::averpo ran successfully in 13ms
2026-08-05 16:23:27.302 INFO  [] -            liquibase.ui - Running Changeset: db/changelog/003-ledger.sql::003-account::averpo
2026-08-05 16:23:27.321 INFO  [] -            liquibase.changelog - Custom SQL executed
2026-08-05 16:23:27.325 INFO  [] -            liquibase.changelog - ChangeSet db/changelog/003-ledger.sql::003-account::averpo ran successfully in 23ms
2026-08-05 16:23:27.332 INFO  [] -            liquibase.ui - Running Changeset: db/changelog/003-ledger.sql::004-journal-entry::averpo
2026-08-05 16:23:27.347 INFO  [] -            liquibase.changelog - Custom SQL executed
2026-08-05 16:23:27.351 INFO  [] -            liquibase.changelog - ChangeSet db/changelog/003-ledger.sql::004-journal-entry::averpo ran successfully in 19ms
2026-08-05 16:23:27.357 INFO  [] -            liquibase.ui - Running Changeset: db/changelog/003-ledger.sql::005-journal-entry-line::averpo
2026-08-05 16:23:27.371 INFO  [] -            liquibase.changelog - Custom SQL executed
2026-08-05 16:23:27.375 INFO  [] -            liquibase.changelog - ChangeSet db/changelog/003-ledger.sql::005-journal-entry-line::averpo ran successfully in 17ms
2026-08-05 16:23:27.382 INFO  [] -            liquibase.ui - Running Changeset: db/changelog/004-currency.sql::006-currency::averpo
2026-08-05 16:23:27.390 INFO  [] -            liquibase.changelog - Custom SQL executed
2026-08-05 16:23:27.394 INFO  [] -            liquibase.changelog - ChangeSet db/changelog/004-currency.sql::006-currency::averpo ran successfully in 12ms
2026-08-05 16:23:27.400 INFO  [] -            liquibase.ui - Running Changeset: db/changelog/004-currency.sql::007-currency-seed::averpo
2026-08-05 16:23:27.408 INFO  [] -            liquibase.changelog - Custom SQL executed
2026-08-05 16:23:27.411 INFO  [] -            liquibase.changelog - ChangeSet db/changelog/004-currency.sql::007-currency-seed::averpo ran successfully in 11ms
2026-08-05 16:23:27.417 INFO  [] -            liquibase.ui - Running Changeset: db/changelog/005-rate-scale.sql::008-rate-scale-12::averpo
2026-08-05 16:23:27.434 INFO  [] -            liquibase.changelog - Custom SQL executed
2026-08-05 16:23:27.441 INFO  [] -            liquibase.changelog - ChangeSet db/changelog/005-rate-scale.sql::008-rate-scale-12::averpo ran successfully in 23ms
2026-08-05 16:23:27.449 INFO  [] -            liquibase.ui - Running Changeset: db/changelog/006-jel-constraints.sql::009-jel-constraints::averpo
2026-08-05 16:23:27.458 INFO  [] -            liquibase.changelog - Custom SQL executed
2026-08-05 16:23:27.462 INFO  [] -            liquibase.changelog - ChangeSet db/changelog/006-jel-constraints.sql::009-jel-constraints::averpo ran successfully in 13ms
2026-08-05 16:23:27.468 INFO  [] -            liquibase.ui - Running Changeset: db/changelog/007-contact.sql::010-payment-term::averpo
2026-08-05 16:23:27.477 INFO  [] -            liquibase.changelog - Custom SQL executed
2026-08-05 16:23:27.481 INFO  [] -            liquibase.changelog - ChangeSet db/changelog/007-contact.sql::010-payment-term::averpo ran successfully in 13ms
2026-08-05 16:23:27.486 INFO  [] -            liquibase.ui - Running Changeset: db/changelog/007-contact.sql::011-payment-term-seed::averpo
2026-08-05 16:23:27.492 INFO  [] -            liquibase.changelog - Custom SQL executed
2026-08-05 16:23:27.494 INFO  [] -            liquibase.changelog - ChangeSet db/changelog/007-contact.sql::011-payment-term-seed::averpo ran successfully in 7ms
2026-08-05 16:23:27.500 INFO  [] -            liquibase.ui - Running Changeset: db/changelog/007-contact.sql::012-contact::averpo
2026-08-05 16:23:27.517 INFO  [] -            liquibase.changelog - Custom SQL executed
2026-08-05 16:23:27.521 INFO  [] -            liquibase.changelog - ChangeSet db/changelog/007-contact.sql::012-contact::averpo ran successfully in 21ms
2026-08-05 16:23:27.527 INFO  [] -            liquibase.ui - Running Changeset: db/changelog/008-item.sql::013-unit::averpo
2026-08-05 16:23:27.534 INFO  [] -            liquibase.changelog - Custom SQL executed
2026-08-05 16:23:27.538 INFO  [] -            liquibase.changelog - ChangeSet db/changelog/008-item.sql::013-unit::averpo ran successfully in 11ms
2026-08-05 16:23:27.545 INFO  [] -            liquibase.ui - Running Changeset: db/changelog/008-item.sql::014-unit-seed::averpo
2026-08-05 16:23:27.552 INFO  [] -            liquibase.changelog - Custom SQL executed
2026-08-05 16:23:27.554 INFO  [] -            liquibase.changelog - ChangeSet db/changelog/008-item.sql::014-unit-seed::averpo ran successfully in 9ms
2026-08-05 16:23:27.560 INFO  [] -            liquibase.ui - Running Changeset: db/changelog/008-item.sql::015-item-category::averpo
2026-08-05 16:23:27.568 INFO  [] -            liquibase.changelog - Custom SQL executed
2026-08-05 16:23:27.572 INFO  [] -            liquibase.changelog - ChangeSet db/changelog/008-item.sql::015-item-category::averpo ran successfully in 12ms
2026-08-05 16:23:27.580 INFO  [] -            liquibase.ui - Running Changeset: db/changelog/008-item.sql::016-item::averpo
2026-08-05 16:23:27.604 INFO  [] -            liquibase.changelog - Custom SQL executed
2026-08-05 16:23:27.610 INFO  [] -            liquibase.changelog - ChangeSet db/changelog/008-item.sql::016-item::averpo ran successfully in 29ms
2026-08-05 16:23:27.617 INFO  [] -            liquibase.ui - Running Changeset: db/changelog/009-jel-constraints-v2.sql::017-jel-constraints-v2::averpo
2026-08-05 16:23:27.626 INFO  [] -            liquibase.changelog - Custom SQL executed
2026-08-05 16:23:27.630 INFO  [] -            liquibase.changelog - ChangeSet db/changelog/009-jel-constraints-v2.sql::017-jel-constraints-v2::averpo ran successfully in 11ms
2026-08-05 16:23:27.636 INFO  [] -            liquibase.ui - Running Changeset: db/changelog/010-currency-fk.sql::018-account-currency-fk::averpo
2026-08-05 16:23:27.644 INFO  [] -            liquibase.changelog - Custom SQL executed
2026-08-05 16:23:27.647 INFO  [] -            liquibase.changelog - ChangeSet db/changelog/010-currency-fk.sql::018-account-currency-fk::averpo ran successfully in 11ms
2026-08-05 16:23:27.653 INFO  [] -            liquibase.ui - Running Changeset: db/changelog/010-currency-fk.sql::019-company-settings-currency-fk::averpo
2026-08-05 16:23:27.664 INFO  [] -            liquibase.changelog - Custom SQL executed
2026-08-05 16:23:27.667 INFO  [] -            liquibase.changelog - ChangeSet db/changelog/010-currency-fk.sql::019-company-settings-currency-fk::averpo ran successfully in 14ms
2026-08-05 16:23:27.673 INFO  [] -            liquibase.ui - Running Changeset: db/changelog/010-currency-fk.sql::020-contact-currency-fk::averpo
2026-08-05 16:23:27.682 INFO  [] -            liquibase.changelog - Custom SQL executed
2026-08-05 16:23:27.685 INFO  [] -            liquibase.changelog - ChangeSet db/changelog/010-currency-fk.sql::020-contact-currency-fk::averpo ran successfully in 11ms
2026-08-05 16:23:27.689 INFO  [] -            liquibase.ui - Running Changeset: db/changelog/010-currency-fk.sql::021-exchange-rate-currency-fk::averpo
2026-08-05 16:23:27.704 INFO  [] -            liquibase.changelog - Custom SQL executed
2026-08-05 16:23:27.707 INFO  [] -            liquibase.changelog - ChangeSet db/changelog/010-currency-fk.sql::021-exchange-rate-currency-fk::averpo ran successfully in 17ms
2026-08-05 16:23:27.713 INFO  [] -            liquibase.ui - Running Changeset: db/changelog/011-app-user.sql::022-app-user::averpo
2026-08-05 16:23:27.719 INFO  [] -            liquibase.changelog - Custom SQL executed
2026-08-05 16:23:27.723 INFO  [] -            liquibase.changelog - ChangeSet db/changelog/011-app-user.sql::022-app-user::averpo ran successfully in 10ms
2026-08-05 16:23:27.729 INFO  [] -            liquibase.ui - Running Changeset: db/changelog/012-inventory-valuation.sql::023-inventory-valuation::averpo
2026-08-05 16:23:27.734 INFO  [] -            liquibase.changelog - Custom SQL executed
2026-08-05 16:23:27.736 INFO  [] -            liquibase.changelog - ChangeSet db/changelog/012-inventory-valuation.sql::023-inventory-valuation::averpo ran successfully in 6ms
2026-08-05 16:23:27.742 INFO  [] -            liquibase.ui - Running Changeset: db/changelog/013-je-source-unique.sql::013-01-je-reversal-of::averpo
2026-08-05 16:23:27.747 INFO  [] -            liquibase.changelog - Custom SQL executed
2026-08-05 16:23:27.750 INFO  [] -            liquibase.changelog - ChangeSet db/changelog/013-je-source-unique.sql::013-01-je-reversal-of::averpo ran successfully in 7ms
2026-08-05 16:23:27.756 INFO  [] -            liquibase.ui - Running Changeset: db/changelog/013-je-source-unique.sql::013-02-je-source-partial-unique::averpo
2026-08-05 16:23:27.761 INFO  [] -            liquibase.changelog - Custom SQL executed
2026-08-05 16:23:27.764 INFO  [] -            liquibase.changelog - ChangeSet db/changelog/013-je-source-unique.sql::013-02-je-source-partial-unique::averpo ran successfully in 8ms
2026-08-05 16:23:27.771 INFO  [] -            liquibase.ui - Running Changeset: db/changelog/013-je-source-unique.sql::013-03-jel-rate-positive::averpo
2026-08-05 16:23:27.778 INFO  [] -            liquibase.changelog - Custom SQL executed
2026-08-05 16:23:27.781 INFO  [] -            liquibase.changelog - ChangeSet db/changelog/013-je-source-unique.sql::013-03-jel-rate-positive::averpo ran successfully in 10ms
2026-08-05 16:23:27.787 INFO  [] -            liquibase.ui - Running Changeset: db/changelog/014-document-sequence.sql::014-01-document-sequence::averpo
2026-08-05 16:23:27.794 INFO  [] -            liquibase.changelog - Custom SQL executed
2026-08-05 16:23:27.797 INFO  [] -            liquibase.changelog - ChangeSet db/changelog/014-document-sequence.sql::014-01-document-sequence::averpo ran successfully in 10ms
2026-08-05 16:23:27.804 INFO  [] -            liquibase.ui - Running Changeset: db/changelog/014-document-sequence.sql::014-02-document-sequence-seed::averpo
2026-08-05 16:23:27.811 INFO  [] -            liquibase.changelog - Custom SQL executed
2026-08-05 16:23:27.814 INFO  [] -            liquibase.changelog - ChangeSet db/changelog/014-document-sequence.sql::014-02-document-sequence-seed::averpo ran successfully in 9ms
2026-08-05 16:23:27.819 INFO  [] -            liquibase.ui - Running Changeset: db/changelog/014-document-sequence.sql::014-03-drop-je-number-seq::averpo
2026-08-05 16:23:27.822 INFO  [] -            liquibase.changelog - Custom SQL executed
2026-08-05 16:23:27.825 INFO  [] -            liquibase.changelog - ChangeSet db/changelog/014-document-sequence.sql::014-03-drop-je-number-seq::averpo ran successfully in 6ms
2026-08-05 16:23:27.830 INFO  [] -            liquibase.ui - Running Changeset: db/changelog/015-closing-date.sql::015-01-company-settings-closing-date::averpo
2026-08-05 16:23:27.836 INFO  [] -            liquibase.changelog - Custom SQL executed
2026-08-05 16:23:27.838 INFO  [] -            liquibase.changelog - ChangeSet db/changelog/015-closing-date.sql::015-01-company-settings-closing-date::averpo ran successfully in 8ms
2026-08-05 16:23:27.843 INFO  [] -            liquibase.ui - Running Changeset: db/changelog/016-contact-extension.sql::016-01-contact-tax-credit::averpo
2026-08-05 16:23:27.851 INFO  [] -            liquibase.changelog - Custom SQL executed
2026-08-05 16:23:27.854 INFO  [] -            liquibase.changelog - ChangeSet db/changelog/016-contact-extension.sql::016-01-contact-tax-credit::averpo ran successfully in 11ms
2026-08-05 16:23:27.859 INFO  [] -            liquibase.ui - Running Changeset: db/changelog/016-contact-extension.sql::016-02-contact-address::averpo
2026-08-05 16:23:27.872 INFO  [] -            liquibase.changelog - Custom SQL executed
2026-08-05 16:23:27.876 INFO  [] -            liquibase.changelog - ChangeSet db/changelog/016-contact-extension.sql::016-02-contact-address::averpo ran successfully in 17ms
2026-08-05 16:23:27.882 INFO  [] -            liquibase.ui - Running Changeset: db/changelog/016-contact-extension.sql::016-03-contact-person::averpo
2026-08-05 16:23:27.892 INFO  [] -            liquibase.changelog - Custom SQL executed
2026-08-05 16:23:27.895 INFO  [] -            liquibase.changelog - ChangeSet db/changelog/016-contact-extension.sql::016-03-contact-person::averpo ran successfully in 13ms
2026-08-05 16:23:27.901 INFO  [] -            liquibase.ui - Running Changeset: db/changelog/016-contact-extension.sql::016-04-contact-bank-account::averpo
2026-08-05 16:23:27.914 INFO  [] -            liquibase.changelog - Custom SQL executed
2026-08-05 16:23:27.917 INFO  [] -            liquibase.changelog - ChangeSet db/changelog/016-contact-extension.sql::016-04-contact-bank-account::averpo ran successfully in 16ms
2026-08-05 16:23:27.923 INFO  [] -            liquibase.ui - Running Changeset: db/changelog/016-contact-extension.sql::016-05-contact-address-migrate::averpo
2026-08-05 16:23:27.934 INFO  [] -            liquibase.changelog - Custom SQL executed
2026-08-05 16:23:27.936 INFO  [] -            liquibase.changelog - ChangeSet db/changelog/016-contact-extension.sql::016-05-contact-address-migrate::averpo ran successfully in 13ms
2026-08-05 16:23:27.942 INFO  [] -            liquibase.ui - Running Changeset: db/changelog/017-inventory.sql::017-01-warehouse::averpo
2026-08-05 16:23:27.950 INFO  [] -            liquibase.changelog - Custom SQL executed
2026-08-05 16:23:27.953 INFO  [] -            liquibase.changelog - ChangeSet db/changelog/017-inventory.sql::017-01-warehouse::averpo ran successfully in 11ms
2026-08-05 16:23:27.959 INFO  [] -            liquibase.ui - Running Changeset: db/changelog/017-inventory.sql::017-02-warehouse-seed::averpo
2026-08-05 16:23:27.964 INFO  [] -            liquibase.changelog - Custom SQL executed
2026-08-05 16:23:27.967 INFO  [] -            liquibase.changelog - ChangeSet db/changelog/017-inventory.sql::017-02-warehouse-seed::averpo ran successfully in 8ms
2026-08-05 16:23:27.973 INFO  [] -            liquibase.ui - Running Changeset: db/changelog/017-inventory.sql::017-03-stock-movement::averpo
2026-08-05 16:23:27.987 INFO  [] -            liquibase.changelog - Custom SQL executed
2026-08-05 16:23:27.991 INFO  [] -            liquibase.changelog - ChangeSet db/changelog/017-inventory.sql::017-03-stock-movement::averpo ran successfully in 18ms
2026-08-05 16:23:27.996 INFO  [] -            liquibase.ui - Running Changeset: db/changelog/017-inventory.sql::017-04-stock-balance::averpo
2026-08-05 16:23:28.004 INFO  [] -            liquibase.changelog - Custom SQL executed
2026-08-05 16:23:28.008 INFO  [] -            liquibase.changelog - ChangeSet db/changelog/017-inventory.sql::017-04-stock-balance::averpo ran successfully in 11ms
2026-08-05 16:23:28.014 INFO  [] -            liquibase.ui - Running Changeset: db/changelog/017-inventory.sql::017-05-cost-layer::averpo
2026-08-05 16:23:28.024 INFO  [] -            liquibase.changelog - Custom SQL executed
2026-08-05 16:23:28.028 INFO  [] -            liquibase.changelog - ChangeSet db/changelog/017-inventory.sql::017-05-cost-layer::averpo ran successfully in 14ms
2026-08-05 16:23:28.033 INFO  [] -            liquibase.ui - Running Changeset: db/changelog/017-inventory.sql::017-06-cost-layer-consumption::averpo
2026-08-05 16:23:28.044 INFO  [] -            liquibase.changelog - Custom SQL executed
2026-08-05 16:23:28.048 INFO  [] -            liquibase.changelog - ChangeSet db/changelog/017-inventory.sql::017-06-cost-layer-consumption::averpo ran successfully in 15ms
2026-08-05 16:23:28.054 INFO  [] -            liquibase.ui - Running Changeset: db/changelog/018-detail-type-rename.sql::018-01-detail-type-rename::averpo
2026-08-05 16:23:28.067 INFO  [] -            liquibase.changelog - Custom SQL executed
2026-08-05 16:23:28.069 INFO  [] -            liquibase.changelog - ChangeSet db/changelog/018-detail-type-rename.sql::018-01-detail-type-rename::averpo ran successfully in 15ms
2026-08-05 16:23:28.073 INFO  [] -            liquibase.ui - Running Changeset: db/changelog/019-purchases.sql::019-01-bill::averpo
2026-08-05 16:23:28.096 INFO  [] -            liquibase.changelog - Custom SQL executed
2026-08-05 16:23:28.101 INFO  [] -            liquibase.changelog - ChangeSet db/changelog/019-purchases.sql::019-01-bill::averpo ran successfully in 28ms
2026-08-05 16:23:28.107 INFO  [] -            liquibase.ui - Running Changeset: db/changelog/019-purchases.sql::019-02-bill-line::averpo
2026-08-05 16:23:28.120 INFO  [] -            liquibase.changelog - Custom SQL executed
2026-08-05 16:23:28.124 INFO  [] -            liquibase.changelog - ChangeSet db/changelog/019-purchases.sql::019-02-bill-line::averpo ran successfully in 17ms
2026-08-05 16:23:28.130 INFO  [] -            liquibase.ui - Running Changeset: db/changelog/019-purchases.sql::019-03-bill-payment::averpo
2026-08-05 16:23:28.144 INFO  [] -            liquibase.changelog - Custom SQL executed
2026-08-05 16:23:28.148 INFO  [] -            liquibase.changelog - ChangeSet db/changelog/019-purchases.sql::019-03-bill-payment::averpo ran successfully in 18ms
2026-08-05 16:23:28.153 INFO  [] -            liquibase.ui - Running Changeset: db/changelog/019-purchases.sql::019-04-bill-payment-allocation::averpo
2026-08-05 16:23:28.163 INFO  [] -            liquibase.changelog - Custom SQL executed
2026-08-05 16:23:28.166 INFO  [] -            liquibase.changelog - ChangeSet db/changelog/019-purchases.sql::019-04-bill-payment-allocation::averpo ran successfully in 12ms
2026-08-05 16:23:28.172 INFO  [] -            liquibase.ui - Running Changeset: db/changelog/020-landed-cost.sql::020-01-landed-cost-allocation::averpo
2026-08-05 16:23:28.182 INFO  [] -            liquibase.changelog - Custom SQL executed
2026-08-05 16:23:28.186 INFO  [] -            liquibase.changelog - ChangeSet db/changelog/020-landed-cost.sql::020-01-landed-cost-allocation::averpo ran successfully in 14ms
2026-08-05 16:23:28.193 INFO  [] -            liquibase.ui - Running Changeset: db/changelog/020-landed-cost.sql::020-02-landed-cost-allocation-line::averpo
2026-08-05 16:23:28.205 INFO  [] -            liquibase.changelog - Custom SQL executed
2026-08-05 16:23:28.210 INFO  [] -            liquibase.changelog - ChangeSet db/changelog/020-landed-cost.sql::020-02-landed-cost-allocation-line::averpo ran successfully in 16ms
2026-08-05 16:23:28.215 INFO  [] -            liquibase.ui - Running Changeset: db/changelog/020-landed-cost.sql::020-03-landed-cost-sequence::averpo
2026-08-05 16:23:28.219 INFO  [] -            liquibase.changelog - Custom SQL executed
2026-08-05 16:23:28.222 INFO  [] -            liquibase.changelog - ChangeSet db/changelog/020-landed-cost.sql::020-03-landed-cost-sequence::averpo ran successfully in 7ms
2026-08-05 16:23:28.227 INFO  [] -            liquibase.ui - Running Changeset: db/changelog/021-sales.sql::021-01-invoice::averpo
2026-08-05 16:23:28.244 INFO  [] -            liquibase.changelog - Custom SQL executed
2026-08-05 16:23:28.249 INFO  [] -            liquibase.changelog - ChangeSet db/changelog/021-sales.sql::021-01-invoice::averpo ran successfully in 21ms
2026-08-05 16:23:28.254 INFO  [] -            liquibase.ui - Running Changeset: db/changelog/021-sales.sql::021-02-invoice-line::averpo
2026-08-05 16:23:28.268 INFO  [] -            liquibase.changelog - Custom SQL executed
2026-08-05 16:23:28.271 INFO  [] -            liquibase.changelog - ChangeSet db/changelog/021-sales.sql::021-02-invoice-line::averpo ran successfully in 17ms
2026-08-05 16:23:28.277 INFO  [] -            liquibase.ui - Running Changeset: db/changelog/021-sales.sql::021-03-invoice-payment::averpo
2026-08-05 16:23:28.289 INFO  [] -            liquibase.changelog - Custom SQL executed
2026-08-05 16:23:28.294 INFO  [] -            liquibase.changelog - ChangeSet db/changelog/021-sales.sql::021-03-invoice-payment::averpo ran successfully in 17ms
2026-08-05 16:23:28.305 INFO  [] -            liquibase.ui - Running Changeset: db/changelog/021-sales.sql::021-04-invoice-payment-allocation::averpo
2026-08-05 16:23:28.316 INFO  [] -            liquibase.changelog - Custom SQL executed
2026-08-05 16:23:28.319 INFO  [] -            liquibase.changelog - ChangeSet db/changelog/021-sales.sql::021-04-invoice-payment-allocation::averpo ran successfully in 14ms
2026-08-05 16:23:28.324 INFO  [] -            liquibase.ui - Running Changeset: db/changelog/021-sales.sql::021-05-receipt-sequence::averpo
2026-08-05 16:23:28.329 INFO  [] -            liquibase.changelog - Custom SQL executed
2026-08-05 16:23:28.332 INFO  [] -            liquibase.changelog - ChangeSet db/changelog/021-sales.sql::021-05-receipt-sequence::averpo ran successfully in 6ms
2026-08-05 16:23:28.337 INFO  [] -            liquibase.ui - Running Changeset: db/changelog/022-banking.sql::022-01-bank-transaction::averpo
2026-08-05 16:23:28.352 INFO  [] -            liquibase.changelog - Custom SQL executed
2026-08-05 16:23:28.358 INFO  [] -            liquibase.changelog - ChangeSet db/changelog/022-banking.sql::022-01-bank-transaction::averpo ran successfully in 21ms
2026-08-05 16:23:28.367 INFO  [] -            liquibase.ui - Running Changeset: db/changelog/022-banking.sql::022-02-bank-transaction-line::averpo
2026-08-05 16:23:28.384 INFO  [] -            liquibase.changelog - Custom SQL executed
2026-08-05 16:23:28.391 INFO  [] -            liquibase.changelog - ChangeSet db/changelog/022-banking.sql::022-02-bank-transaction-line::averpo ran successfully in 23ms
2026-08-05 16:23:28.399 INFO  [] -            liquibase.ui - Running Changeset: db/changelog/022-banking.sql::022-03-bank-reconciliation::averpo
2026-08-05 16:23:28.413 INFO  [] -            liquibase.changelog - Custom SQL executed
2026-08-05 16:23:28.416 INFO  [] -            liquibase.changelog - ChangeSet db/changelog/022-banking.sql::022-03-bank-reconciliation::averpo ran successfully in 16ms
2026-08-05 16:23:28.424 INFO  [] -            liquibase.ui - Running Changeset: db/changelog/022-banking.sql::022-04-bank-reconciliation-match::averpo
2026-08-05 16:23:28.434 INFO  [] -            liquibase.changelog - Custom SQL executed
2026-08-05 16:23:28.441 INFO  [] -            liquibase.changelog - ChangeSet db/changelog/022-banking.sql::022-04-bank-reconciliation-match::averpo ran successfully in 16ms
2026-08-05 16:23:28.448 INFO  [] -            liquibase.ui - Running Changeset: db/changelog/022-banking.sql::022-05-bank-txn-sequence::averpo
2026-08-05 16:23:28.453 INFO  [] -            liquibase.changelog - Custom SQL executed
2026-08-05 16:23:28.455 INFO  [] -            liquibase.changelog - ChangeSet db/changelog/022-banking.sql::022-05-bank-txn-sequence::averpo ran successfully in 6ms
2026-08-05 16:23:28.461 INFO  [] -            liquibase.ui - Running Changeset: db/changelog/023-line-uniques.sql::023-01-line-tables-unique::averpo
2026-08-05 16:23:28.472 INFO  [] -            liquibase.changelog - Custom SQL executed
2026-08-05 16:23:28.475 INFO  [] -            liquibase.changelog - ChangeSet db/changelog/023-line-uniques.sql::023-01-line-tables-unique::averpo ran successfully in 14ms
2026-08-05 16:23:28.483 INFO  [] -            liquibase.ui - Running Changeset: db/changelog/024-fiscal-year.sql::024-01-fiscal-year-start-month::averpo
2026-08-05 16:23:28.492 INFO  [] -            liquibase.changelog - Custom SQL executed
2026-08-05 16:23:28.496 INFO  [] -            liquibase.changelog - ChangeSet db/changelog/024-fiscal-year.sql::024-01-fiscal-year-start-month::averpo ran successfully in 12ms
2026-08-05 16:23:28.505 INFO  [] -            liquibase.ui - Running Changeset: db/changelog/025-lc-reversal-date.sql::025-01-lc-reversal-date::averpo
2026-08-05 16:23:28.517 INFO  [] -            liquibase.changelog - Custom SQL executed
2026-08-05 16:23:28.521 INFO  [] -            liquibase.changelog - ChangeSet db/changelog/025-lc-reversal-date.sql::025-01-lc-reversal-date::averpo ran successfully in 14ms
2026-08-05 16:23:28.530 INFO  [] -            liquibase.ui - Running Changeset: db/changelog/026-uom.sql::026-01-unit-group::averpo
2026-08-05 16:23:28.543 INFO  [] -            liquibase.changelog - Custom SQL executed
2026-08-05 16:23:28.547 INFO  [] -            liquibase.changelog - ChangeSet db/changelog/026-uom.sql::026-01-unit-group::averpo ran successfully in 17ms
2026-08-05 16:23:28.556 INFO  [] -            liquibase.ui - Running Changeset: db/changelog/026-uom.sql::026-02-unit-uom-columns::averpo
2026-08-05 16:23:28.574 INFO  [] -            liquibase.changelog - Custom SQL executed
2026-08-05 16:23:28.578 INFO  [] -            liquibase.changelog - ChangeSet db/changelog/026-uom.sql::026-02-unit-uom-columns::averpo ran successfully in 22ms
2026-08-05 16:23:28.587 INFO  [] -            liquibase.ui - Running Changeset: db/changelog/026-uom.sql::026-03-item-default-units::averpo
2026-08-05 16:23:28.597 INFO  [] -            liquibase.changelog - Custom SQL executed
2026-08-05 16:23:28.603 INFO  [] -            liquibase.changelog - ChangeSet db/changelog/026-uom.sql::026-03-item-default-units::averpo ran successfully in 16ms
2026-08-05 16:23:28.613 INFO  [] -            liquibase.ui - Running Changeset: db/changelog/027-bill-line-uom.sql::027-01-bill-line-uom::averpo
2026-08-05 16:23:28.623 INFO  [] -            liquibase.changelog - Custom SQL executed
2026-08-05 16:23:28.628 INFO  [] -            liquibase.changelog - ChangeSet db/changelog/027-bill-line-uom.sql::027-01-bill-line-uom::averpo ran successfully in 14ms
2026-08-05 16:23:28.635 INFO  [] -            liquibase.ui - Running Changeset: db/changelog/028-invoice-line-uom.sql::028-01-invoice-line-uom::averpo
2026-08-05 16:23:28.642 INFO  [] -            liquibase.changelog - Custom SQL executed
2026-08-05 16:23:28.647 INFO  [] -            liquibase.changelog - ChangeSet db/changelog/028-invoice-line-uom.sql::028-01-invoice-line-uom::averpo ran successfully in 10ms
2026-08-05 16:23:28.654 INFO  [] -            liquibase.ui - Running Changeset: db/changelog/029-user-management.sql::029-01-app-user-lockout::averpo
2026-08-05 16:23:28.661 INFO  [] -            liquibase.changelog - Custom SQL executed
2026-08-05 16:23:28.665 INFO  [] -            liquibase.changelog - ChangeSet db/changelog/029-user-management.sql::029-01-app-user-lockout::averpo ran successfully in 10ms
2026-08-05 16:23:28.671 INFO  [] -            liquibase.ui - Running Changeset: db/changelog/030-created-by.sql::030-01-created-by::averpo
2026-08-05 16:23:28.748 INFO  [] -            liquibase.changelog - Custom SQL executed
2026-08-05 16:23:28.752 INFO  [] -            liquibase.changelog - ChangeSet db/changelog/030-created-by.sql::030-01-created-by::averpo ran successfully in 81ms
2026-08-05 16:23:28.757 INFO  [] -            liquibase.ui - Running Changeset: db/changelog/031-price-list.sql::031-01-price-list::averpo
2026-08-05 16:23:28.770 INFO  [] -            liquibase.changelog - Custom SQL executed
2026-08-05 16:23:28.774 INFO  [] -            liquibase.changelog - ChangeSet db/changelog/031-price-list.sql::031-01-price-list::averpo ran successfully in 16ms
2026-08-05 16:23:28.779 INFO  [] -            liquibase.ui - Running Changeset: db/changelog/031-price-list.sql::031-02-price-list-item::averpo
2026-08-05 16:23:28.790 INFO  [] -            liquibase.changelog - Custom SQL executed
2026-08-05 16:23:28.794 INFO  [] -            liquibase.changelog - ChangeSet db/changelog/031-price-list.sql::031-02-price-list-item::averpo ran successfully in 14ms
2026-08-05 16:23:28.800 INFO  [] -            liquibase.ui - Running Changeset: db/changelog/031-price-list.sql::031-03-price-list-customer::averpo
2026-08-05 16:23:28.809 INFO  [] -            liquibase.changelog - Custom SQL executed
2026-08-05 16:23:28.813 INFO  [] -            liquibase.changelog - ChangeSet db/changelog/031-price-list.sql::031-03-price-list-customer::averpo ran successfully in 12ms
2026-08-05 16:23:28.818 INFO  [] -            liquibase.ui - Running Changeset: db/changelog/032-tax.sql::032-01-tax-rate::averpo
2026-08-05 16:23:28.825 INFO  [] -            liquibase.changelog - Custom SQL executed
2026-08-05 16:23:28.829 INFO  [] -            liquibase.changelog - ChangeSet db/changelog/032-tax.sql::032-01-tax-rate::averpo ran successfully in 11ms
2026-08-05 16:23:28.835 INFO  [] -            liquibase.ui - Running Changeset: db/changelog/032-tax.sql::032-02-tax-rate-seed::averpo
2026-08-05 16:23:28.839 INFO  [] -            liquibase.changelog - Custom SQL executed
2026-08-05 16:23:28.842 INFO  [] -            liquibase.changelog - ChangeSet db/changelog/032-tax.sql::032-02-tax-rate-seed::averpo ran successfully in 7ms
2026-08-05 16:23:28.847 INFO  [] -            liquibase.ui - Running Changeset: db/changelog/032-tax.sql::032-03-item-tax-defaults::averpo
2026-08-05 16:23:28.853 INFO  [] -            liquibase.changelog - Custom SQL executed
2026-08-05 16:23:28.855 INFO  [] -            liquibase.changelog - ChangeSet db/changelog/032-tax.sql::032-03-item-tax-defaults::averpo ran successfully in 7ms
2026-08-05 16:23:28.861 INFO  [] -            liquibase.ui - Running Changeset: db/changelog/032-tax.sql::032-04-bill-tax::averpo
2026-08-05 16:23:28.871 INFO  [] -            liquibase.changelog - Custom SQL executed
2026-08-05 16:23:28.873 INFO  [] -            liquibase.changelog - ChangeSet db/changelog/032-tax.sql::032-04-bill-tax::averpo ran successfully in 12ms
2026-08-05 16:23:28.880 INFO  [] -            liquibase.ui - Running Changeset: db/changelog/032-tax.sql::032-05-invoice-tax::averpo
2026-08-05 16:23:28.889 INFO  [] -            liquibase.changelog - Custom SQL executed
2026-08-05 16:23:28.893 INFO  [] -            liquibase.changelog - ChangeSet db/changelog/032-tax.sql::032-05-invoice-tax::averpo ran successfully in 13ms
2026-08-05 16:23:28.898 INFO  [] -            liquibase.ui - Running Changeset: db/changelog/033-exchange-rate-history.sql::033-01-exchange-rate-history::averpo
2026-08-05 16:23:28.904 INFO  [] -            liquibase.changelog - Custom SQL executed
2026-08-05 16:23:28.907 INFO  [] -            liquibase.changelog - ChangeSet db/changelog/033-exchange-rate-history.sql::033-01-exchange-rate-history::averpo ran successfully in 8ms
2026-08-05 16:23:28.913 INFO  [] -            liquibase.ui - Running Changeset: db/changelog/034-audit-log.sql::034-01-audit-event::averpo
2026-08-05 16:23:28.925 INFO  [] -            liquibase.changelog - Custom SQL executed
2026-08-05 16:23:28.930 INFO  [] -            liquibase.changelog - ChangeSet db/changelog/034-audit-log.sql::034-01-audit-event::averpo ran successfully in 16ms
2026-08-05 16:23:28.936 INFO  [] -            liquibase.ui - Running Changeset: db/changelog/035-exchange-rate-index.sql::035-01-exchange-rate-lookup-index::averpo
2026-08-05 16:23:28.940 INFO  [] -            liquibase.changelog - Custom SQL executed
2026-08-05 16:23:28.943 INFO  [] -            liquibase.changelog - ChangeSet db/changelog/035-exchange-rate-index.sql::035-01-exchange-rate-lookup-index::averpo ran successfully in 7ms
2026-08-05 16:23:28.950 INFO  [] -            liquibase.ui - Running Changeset: db/changelog/036-payment-method.sql::036-01-payment-method::averpo
2026-08-05 16:23:28.956 INFO  [] -            liquibase.changelog - Custom SQL executed
2026-08-05 16:23:28.959 INFO  [] -            liquibase.changelog - ChangeSet db/changelog/036-payment-method.sql::036-01-payment-method::averpo ran successfully in 9ms
2026-08-05 16:23:28.965 INFO  [] -            liquibase.ui - Running Changeset: db/changelog/036-payment-method.sql::036-02-payment-method-seed::averpo
2026-08-05 16:23:28.973 INFO  [] -            liquibase.changelog - Custom SQL executed
2026-08-05 16:23:28.978 INFO  [] -            liquibase.changelog - ChangeSet db/changelog/036-payment-method.sql::036-02-payment-method-seed::averpo ran successfully in 13ms
2026-08-05 16:23:28.986 INFO  [] -            liquibase.ui - Running Changeset: db/changelog/036-payment-method.sql::036-03-bank-transaction-payment-fields::averpo
2026-08-05 16:23:28.997 INFO  [] -            liquibase.changelog - Custom SQL executed
2026-08-05 16:23:29.001 INFO  [] -            liquibase.changelog - ChangeSet db/changelog/036-payment-method.sql::036-03-bank-transaction-payment-fields::averpo ran successfully in 15ms
2026-08-05 16:23:29.006 INFO  [] -            liquibase.ui - Running Changeset: db/changelog/036-payment-method.sql::036-04-audit-event-entry-index::averpo
2026-08-05 16:23:29.010 INFO  [] -            liquibase.changelog - Custom SQL executed
2026-08-05 16:23:29.013 INFO  [] -            liquibase.changelog - ChangeSet db/changelog/036-payment-method.sql::036-04-audit-event-entry-index::averpo ran successfully in 7ms
2026-08-05 16:23:29.019 INFO  [] -            liquibase.ui - Running Changeset: db/changelog/037-class-tracking.sql::037-01-txn-class::averpo
2026-08-05 16:23:29.029 INFO  [] -            liquibase.changelog - Custom SQL executed
2026-08-05 16:23:29.033 INFO  [] -            liquibase.changelog - ChangeSet db/changelog/037-class-tracking.sql::037-01-txn-class::averpo ran successfully in 13ms
2026-08-05 16:23:29.039 INFO  [] -            liquibase.ui - Running Changeset: db/changelog/037-class-tracking.sql::037-02-company-settings-track-classes::averpo
2026-08-05 16:23:29.043 INFO  [] -            liquibase.changelog - Custom SQL executed
2026-08-05 16:23:29.046 INFO  [] -            liquibase.changelog - ChangeSet db/changelog/037-class-tracking.sql::037-02-company-settings-track-classes::averpo ran successfully in 7ms
2026-08-05 16:23:29.052 INFO  [] -            liquibase.ui - Running Changeset: db/changelog/037-class-tracking.sql::037-03-line-class-columns::averpo
2026-08-05 16:23:29.070 INFO  [] -            liquibase.changelog - Custom SQL executed
2026-08-05 16:23:29.073 INFO  [] -            liquibase.changelog - ChangeSet db/changelog/037-class-tracking.sql::037-03-line-class-columns::averpo ran successfully in 21ms
2026-08-05 16:23:29.080 INFO  [] -            liquibase.ui - Running Changeset: db/changelog/038-credit-memo.sql::038-01-credit-memo::averpo
2026-08-05 16:23:29.090 INFO  [] -            liquibase.changelog - Custom SQL executed
2026-08-05 16:23:29.097 INFO  [] -            liquibase.changelog - ChangeSet db/changelog/038-credit-memo.sql::038-01-credit-memo::averpo ran successfully in 17ms
2026-08-05 16:23:29.105 INFO  [] -            liquibase.ui - Running Changeset: db/changelog/038-credit-memo.sql::038-02-credit-memo-line::averpo
2026-08-05 16:23:29.120 INFO  [] -            liquibase.changelog - Custom SQL executed
2026-08-05 16:23:29.129 INFO  [] -            liquibase.changelog - ChangeSet db/changelog/038-credit-memo.sql::038-02-credit-memo-line::averpo ran successfully in 22ms
2026-08-05 16:23:29.137 INFO  [] -            liquibase.ui - Running Changeset: db/changelog/038-credit-memo.sql::038-03-credit-application::averpo
2026-08-05 16:23:29.145 INFO  [] -            liquibase.changelog - Custom SQL executed
2026-08-05 16:23:29.148 INFO  [] -            liquibase.changelog - ChangeSet db/changelog/038-credit-memo.sql::038-03-credit-application::averpo ran successfully in 11ms
2026-08-05 16:23:29.153 INFO  [] -            liquibase.ui - Running Changeset: db/changelog/038-credit-memo.sql::038-04-credit-memo-sequence::averpo
2026-08-05 16:23:29.158 INFO  [] -            liquibase.changelog - Custom SQL executed
2026-08-05 16:23:29.161 INFO  [] -            liquibase.changelog - ChangeSet db/changelog/038-credit-memo.sql::038-04-credit-memo-sequence::averpo ran successfully in 7ms
2026-08-05 16:23:29.166 INFO  [] -            liquibase.ui - Running Changeset: db/changelog/039-estimates-po.sql::039-01-estimate::averpo
2026-08-05 16:23:29.180 INFO  [] -            liquibase.changelog - Custom SQL executed
2026-08-05 16:23:29.185 INFO  [] -            liquibase.changelog - ChangeSet db/changelog/039-estimates-po.sql::039-01-estimate::averpo ran successfully in 18ms
2026-08-05 16:23:29.190 INFO  [] -            liquibase.ui - Running Changeset: db/changelog/039-estimates-po.sql::039-02-estimate-line::averpo
2026-08-05 16:23:29.203 INFO  [] -            liquibase.changelog - Custom SQL executed
2026-08-05 16:23:29.207 INFO  [] -            liquibase.changelog - ChangeSet db/changelog/039-estimates-po.sql::039-02-estimate-line::averpo ran successfully in 16ms
2026-08-05 16:23:29.212 INFO  [] -            liquibase.ui - Running Changeset: db/changelog/039-estimates-po.sql::039-03-purchase-order::averpo
2026-08-05 16:23:29.228 INFO  [] -            liquibase.changelog - Custom SQL executed
2026-08-05 16:23:29.234 INFO  [] -            liquibase.changelog - ChangeSet db/changelog/039-estimates-po.sql::039-03-purchase-order::averpo ran successfully in 21ms
2026-08-05 16:23:29.240 INFO  [] -            liquibase.ui - Running Changeset: db/changelog/039-estimates-po.sql::039-04-purchase-order-line::averpo
2026-08-05 16:23:29.253 INFO  [] -            liquibase.changelog - Custom SQL executed
2026-08-05 16:23:29.257 INFO  [] -            liquibase.changelog - ChangeSet db/changelog/039-estimates-po.sql::039-04-purchase-order-line::averpo ran successfully in 17ms
2026-08-05 16:23:29.262 INFO  [] -            liquibase.ui - Running Changeset: db/changelog/039-estimates-po.sql::039-05-est-po-sequences::averpo
2026-08-05 16:23:29.266 INFO  [] -            liquibase.changelog - Custom SQL executed
2026-08-05 16:23:29.269 INFO  [] -            liquibase.changelog - ChangeSet db/changelog/039-estimates-po.sql::039-05-est-po-sequences::averpo ran successfully in 7ms
2026-08-05 16:23:29.273 INFO  [] -            liquibase.ui - Running Changeset: db/changelog/040-drop-price-list-item-index.sql::040-drop-price-list-item-index::averpo
2026-08-05 16:23:29.276 INFO  [] -            liquibase.changelog - Custom SQL executed
2026-08-05 16:23:29.279 INFO  [] -            liquibase.changelog - ChangeSet db/changelog/040-drop-price-list-item-index.sql::040-drop-price-list-item-index::averpo ran successfully in 5ms
2026-08-05 16:23:29.284 INFO  [] -            liquibase.ui - Running Changeset: db/changelog/041-vendor-credit-refund-receipt.sql::041-01-vendor-credit::averpo
2026-08-05 16:23:29.294 INFO  [] -            liquibase.changelog - Custom SQL executed
2026-08-05 16:23:29.298 INFO  [] -            liquibase.changelog - ChangeSet db/changelog/041-vendor-credit-refund-receipt.sql::041-01-vendor-credit::averpo ran successfully in 14ms
2026-08-05 16:23:29.303 INFO  [] -            liquibase.ui - Running Changeset: db/changelog/041-vendor-credit-refund-receipt.sql::041-02-vendor-credit-line::averpo
2026-08-05 16:23:29.313 INFO  [] -            liquibase.changelog - Custom SQL executed
2026-08-05 16:23:29.317 INFO  [] -            liquibase.changelog - ChangeSet db/changelog/041-vendor-credit-refund-receipt.sql::041-02-vendor-credit-line::averpo ran successfully in 13ms
2026-08-05 16:23:29.322 INFO  [] -            liquibase.ui - Running Changeset: db/changelog/041-vendor-credit-refund-receipt.sql::041-03-vendor-credit-application::averpo
2026-08-05 16:23:29.329 INFO  [] -            liquibase.changelog - Custom SQL executed
2026-08-05 16:23:29.333 INFO  [] -            liquibase.changelog - ChangeSet db/changelog/041-vendor-credit-refund-receipt.sql::041-03-vendor-credit-application::averpo ran successfully in 11ms
2026-08-05 16:23:29.338 INFO  [] -            liquibase.ui - Running Changeset: db/changelog/041-vendor-credit-refund-receipt.sql::041-04-refund-receipt::averpo
2026-08-05 16:23:29.348 INFO  [] -            liquibase.changelog - Custom SQL executed
2026-08-05 16:23:29.352 INFO  [] -            liquibase.changelog - ChangeSet db/changelog/041-vendor-credit-refund-receipt.sql::041-04-refund-receipt::averpo ran successfully in 14ms
2026-08-05 16:23:29.357 INFO  [] -            liquibase.ui - Running Changeset: db/changelog/041-vendor-credit-refund-receipt.sql::041-05-refund-receipt-line::averpo
2026-08-05 16:23:29.367 INFO  [] -            liquibase.changelog - Custom SQL executed
2026-08-05 16:23:29.372 INFO  [] -            liquibase.changelog - ChangeSet db/changelog/041-vendor-credit-refund-receipt.sql::041-05-refund-receipt-line::averpo ran successfully in 15ms
2026-08-05 16:23:29.377 INFO  [] -            liquibase.ui - Running Changeset: db/changelog/041-vendor-credit-refund-receipt.sql::041-06-returns-sequences::averpo
2026-08-05 16:23:29.382 INFO  [] -            liquibase.changelog - Custom SQL executed
2026-08-05 16:23:29.384 INFO  [] -            liquibase.changelog - ChangeSet db/changelog/041-vendor-credit-refund-receipt.sql::041-06-returns-sequences::averpo ran successfully in 6ms
2026-08-05 16:23:29.389 INFO  [] -            liquibase.ui - Running Changeset: db/changelog/042-attachment.sql::042-01-attachment::averpo
2026-08-05 16:23:29.398 INFO  [] -            liquibase.changelog - Custom SQL executed
2026-08-05 16:23:29.402 INFO  [] -            liquibase.changelog - ChangeSet db/changelog/042-attachment.sql::042-01-attachment::averpo ran successfully in 12ms
2026-08-05 16:23:29.408 INFO  [] -            liquibase.ui - Running Changeset: db/changelog/043-payroll-employee.sql::043-01-contact-monthly-salary::averpo
2026-08-05 16:23:29.412 INFO  [] -            liquibase.changelog - Custom SQL executed
2026-08-05 16:23:29.414 INFO  [] -            liquibase.changelog - ChangeSet db/changelog/043-payroll-employee.sql::043-01-contact-monthly-salary::averpo ran successfully in 6ms
2026-08-05 16:23:29.419 INFO  [] -            liquibase.ui - Running Changeset: db/changelog/043-payroll-employee.sql::043-02-company-settings-payroll-rates::averpo
2026-08-05 16:23:29.427 INFO  [] -            liquibase.changelog - Custom SQL executed
2026-08-05 16:23:29.430 INFO  [] -            liquibase.changelog - ChangeSet db/changelog/043-payroll-employee.sql::043-02-company-settings-payroll-rates::averpo ran successfully in 11ms
2026-08-05 16:23:29.435 INFO  [] -            liquibase.ui - Running Changeset: db/changelog/043-payroll-employee.sql::043-03-payroll-accounts-seed::averpo
2026-08-05 16:23:29.446 INFO  [] -            liquibase.changelog - Custom SQL executed
2026-08-05 16:23:29.449 INFO  [] -            liquibase.changelog - ChangeSet db/changelog/043-payroll-employee.sql::043-03-payroll-accounts-seed::averpo ran successfully in 14ms
2026-08-05 16:23:29.454 INFO  [] -            liquibase.ui - Running Changeset: db/changelog/044-payroll-run.sql::044-01-payroll-run::averpo
2026-08-05 16:23:29.461 INFO  [] -            liquibase.changelog - Custom SQL executed
2026-08-05 16:23:29.465 INFO  [] -            liquibase.changelog - ChangeSet db/changelog/044-payroll-run.sql::044-01-payroll-run::averpo ran successfully in 11ms
2026-08-05 16:23:29.470 INFO  [] -            liquibase.ui - Running Changeset: db/changelog/044-payroll-run.sql::044-02-payroll-run-period-posted-unique::averpo
2026-08-05 16:23:29.474 INFO  [] -            liquibase.changelog - Custom SQL executed
2026-08-05 16:23:29.476 INFO  [] -            liquibase.changelog - ChangeSet db/changelog/044-payroll-run.sql::044-02-payroll-run-period-posted-unique::averpo ran successfully in 6ms
2026-08-05 16:23:29.482 INFO  [] -            liquibase.ui - Running Changeset: db/changelog/044-payroll-run.sql::044-03-payroll-run-line::averpo
2026-08-05 16:23:29.491 INFO  [] -            liquibase.changelog - Custom SQL executed
2026-08-05 16:23:29.496 INFO  [] -            liquibase.changelog - ChangeSet db/changelog/044-payroll-run.sql::044-03-payroll-run-line::averpo ran successfully in 14ms
2026-08-05 16:23:29.502 INFO  [] -            liquibase.ui - Running Changeset: db/changelog/044-payroll-run.sql::044-04-payroll-run-sequence::averpo
2026-08-05 16:23:29.506 INFO  [] -            liquibase.changelog - Custom SQL executed
2026-08-05 16:23:29.509 INFO  [] -            liquibase.changelog - ChangeSet db/changelog/044-payroll-run.sql::044-04-payroll-run-sequence::averpo ran successfully in 6ms
2026-08-05 16:23:29.516 INFO  [] -            liquibase.ui - Running Changeset: db/changelog/045-payroll-payment.sql::045-01-payroll-payment::averpo
2026-08-05 16:23:29.524 INFO  [] -            liquibase.changelog - Custom SQL executed
2026-08-05 16:23:29.529 INFO  [] -            liquibase.changelog - ChangeSet db/changelog/045-payroll-payment.sql::045-01-payroll-payment::averpo ran successfully in 13ms
2026-08-05 16:23:29.536 INFO  [] -            liquibase.ui - Running Changeset: db/changelog/045-payroll-payment.sql::045-02-payroll-payment-line::averpo
2026-08-05 16:23:29.544 INFO  [] -            liquibase.changelog - Custom SQL executed
2026-08-05 16:23:29.548 INFO  [] -            liquibase.changelog - ChangeSet db/changelog/045-payroll-payment.sql::045-02-payroll-payment-line::averpo ran successfully in 12ms
2026-08-05 16:23:29.554 INFO  [] -            liquibase.ui - Running Changeset: db/changelog/045-payroll-payment.sql::045-03-payroll-payment-sequence::averpo
2026-08-05 16:23:29.559 INFO  [] -            liquibase.changelog - Custom SQL executed
2026-08-05 16:23:29.562 INFO  [] -            liquibase.changelog - ChangeSet db/changelog/045-payroll-payment.sql::045-03-payroll-payment-sequence::averpo ran successfully in 7ms
2026-08-05 16:23:29.565 INFO  [] -            liquibase.ui - Running Changeset: db/changelog/046-sales-receipt.sql::046-01-sales-receipt::averpo
2026-08-05 16:23:29.578 INFO  [] -            liquibase.changelog - Custom SQL executed
2026-08-05 16:23:29.582 INFO  [] -            liquibase.changelog - ChangeSet db/changelog/046-sales-receipt.sql::046-01-sales-receipt::averpo ran successfully in 17ms
2026-08-05 16:23:29.590 INFO  [] -            liquibase.ui - Running Changeset: db/changelog/046-sales-receipt.sql::046-02-sales-receipt-line::averpo
2026-08-05 16:23:29.603 INFO  [] -            liquibase.changelog - Custom SQL executed
2026-08-05 16:23:29.607 INFO  [] -            liquibase.changelog - ChangeSet db/changelog/046-sales-receipt.sql::046-02-sales-receipt-line::averpo ran successfully in 17ms
2026-08-05 16:23:29.613 INFO  [] -            liquibase.ui - Running Changeset: db/changelog/046-sales-receipt.sql::046-03-sales-receipt-sequence::averpo
2026-08-05 16:23:29.617 INFO  [] -            liquibase.changelog - Custom SQL executed
2026-08-05 16:23:29.620 INFO  [] -            liquibase.changelog - ChangeSet db/changelog/046-sales-receipt.sql::046-03-sales-receipt-sequence::averpo ran successfully in 6ms
2026-08-05 16:23:29.625 INFO  [] -            liquibase.ui - Running Changeset: db/changelog/047-list-index-perf.sql::047-01-jel-contact-index::averpo
2026-08-05 16:23:29.630 INFO  [] -            liquibase.changelog - Custom SQL executed
2026-08-05 16:23:29.632 INFO  [] -            liquibase.changelog - ChangeSet db/changelog/047-list-index-perf.sql::047-01-jel-contact-index::averpo ran successfully in 7ms
2026-08-05 16:23:29.639 INFO  [] -            liquibase.ui - Running Changeset: db/changelog/047-list-index-perf.sql::047-02-returns-lookup-indexes::averpo
2026-08-05 16:23:29.649 INFO  [] -            liquibase.changelog - Custom SQL executed
2026-08-05 16:23:29.653 INFO  [] -            liquibase.changelog - ChangeSet db/changelog/047-list-index-perf.sql::047-02-returns-lookup-indexes::averpo ran successfully in 14ms
2026-08-05 16:23:29.659 INFO  [] -            liquibase.ui - Running Changeset: db/changelog/048-setup-done.sql::048-01-company-settings-setup-done::averpo
2026-08-05 16:23:29.665 INFO  [] -            liquibase.changelog - Custom SQL executed
2026-08-05 16:23:29.668 INFO  [] -            liquibase.changelog - ChangeSet db/changelog/048-setup-done.sql::048-01-company-settings-setup-done::averpo ran successfully in 9ms
2026-08-05 16:23:29.678 INFO  [] -            liquibase.ui - Running Changeset: db/changelog/049-stock-movement-date-index.sql::049-01-stock-movement-date-index::averpo
2026-08-05 16:23:29.683 INFO  [] -            liquibase.changelog - Custom SQL executed
2026-08-05 16:23:29.686 INFO  [] -            liquibase.changelog - ChangeSet db/changelog/049-stock-movement-date-index.sql::049-01-stock-movement-date-index::averpo ran successfully in 8ms
2026-08-05 16:23:29.691 INFO  [] -            liquibase.ui - Running Changeset: db/changelog/050-audit-user-agent.sql::050-01-audit-user-agent::averpo
2026-08-05 16:23:29.694 INFO  [] -            liquibase.changelog - Custom SQL executed
2026-08-05 16:23:29.698 INFO  [] -            liquibase.changelog - ChangeSet db/changelog/050-audit-user-agent.sql::050-01-audit-user-agent::averpo ran successfully in 6ms
2026-08-05 16:23:29.703 INFO  [] -            liquibase.ui - Running Changeset: db/changelog/051-returns-family-invariants.sql::051-01-returns-family-rate-check::averpo
2026-08-05 16:23:29.712 INFO  [] -            liquibase.changelog - Custom SQL executed
2026-08-05 16:23:29.716 INFO  [] -            liquibase.changelog - ChangeSet db/changelog/051-returns-family-invariants.sql::051-01-returns-family-rate-check::averpo ran successfully in 13ms
2026-08-05 16:23:29.722 INFO  [] -            liquibase.ui - Running Changeset: db/changelog/051-returns-family-invariants.sql::051-02-sales-receipt-line-price-precision::averpo
2026-08-05 16:23:29.729 INFO  [] -            liquibase.changelog - Custom SQL executed
2026-08-05 16:23:29.733 INFO  [] -            liquibase.changelog - ChangeSet db/changelog/051-returns-family-invariants.sql::051-02-sales-receipt-line-price-precision::averpo ran successfully in 11ms
2026-08-05 16:23:29.739 INFO  [] -            liquibase.ui - Running Changeset: db/changelog/051-returns-family-invariants.sql::051-03-payroll-gross-check::averpo
2026-08-05 16:23:29.744 INFO  [] -            liquibase.changelog - Custom SQL executed
2026-08-05 16:23:29.746 INFO  [] -            liquibase.changelog - ChangeSet db/changelog/051-returns-family-invariants.sql::051-03-payroll-gross-check::averpo ran successfully in 7ms
2026-08-05 16:23:29.752 INFO  [] -            liquibase.ui - Running Changeset: db/changelog/052-user-roles-migration.sql::052-01-user-roles-migration::averpo
2026-08-05 16:23:29.758 INFO  [] -            liquibase.changelog - Custom SQL executed
2026-08-05 16:23:29.759 INFO  [] -            liquibase.changelog - ChangeSet db/changelog/052-user-roles-migration.sql::052-01-user-roles-migration::averpo ran successfully in 7ms
2026-08-05 16:23:29.765 INFO  [] -            liquibase.ui - Running Changeset: db/changelog/053-audit-ipv4-country.sql::053-01-audit-ipv4-country::averpo
2026-08-05 16:23:29.770 INFO  [] -            liquibase.changelog - Custom SQL executed
2026-08-05 16:23:29.773 INFO  [] -            liquibase.changelog - ChangeSet db/changelog/053-audit-ipv4-country.sql::053-01-audit-ipv4-country::averpo ran successfully in 8ms
2026-08-05 16:23:29.778 INFO  [] -            liquibase.ui - Running Changeset: db/changelog/054-company-info.sql::054-company-info::averpo
2026-08-05 16:23:29.806 INFO  [] -            liquibase.changelog - Custom SQL executed
2026-08-05 16:23:29.809 INFO  [] -            liquibase.changelog - ChangeSet db/changelog/054-company-info.sql::054-company-info::averpo ran successfully in 30ms
2026-08-05 16:23:29.815 INFO  [] -            liquibase.ui - Running Changeset: db/changelog/056-stock-document.sql::056-01-stock-adjustment::averpo
2026-08-05 16:23:29.823 INFO  [] -            liquibase.changelog - Custom SQL executed
2026-08-05 16:23:29.827 INFO  [] -            liquibase.changelog - ChangeSet db/changelog/056-stock-document.sql::056-01-stock-adjustment::averpo ran successfully in 12ms
2026-08-05 16:23:29.832 INFO  [] -            liquibase.ui - Running Changeset: db/changelog/056-stock-document.sql::056-02-stock-adjustment-line::averpo
2026-08-05 16:23:29.845 INFO  [] -            liquibase.changelog - Custom SQL executed
2026-08-05 16:23:29.849 INFO  [] -            liquibase.changelog - ChangeSet db/changelog/056-stock-document.sql::056-02-stock-adjustment-line::averpo ran successfully in 16ms
2026-08-05 16:23:29.855 INFO  [] -            liquibase.ui - Running Changeset: db/changelog/056-stock-document.sql::056-03-stock-transfer::averpo
2026-08-05 16:23:29.864 INFO  [] -            liquibase.changelog - Custom SQL executed
2026-08-05 16:23:29.867 INFO  [] -            liquibase.changelog - ChangeSet db/changelog/056-stock-document.sql::056-03-stock-transfer::averpo ran successfully in 12ms
2026-08-05 16:23:29.872 INFO  [] -            liquibase.ui - Running Changeset: db/changelog/056-stock-document.sql::056-04-stock-transfer-line::averpo
2026-08-05 16:23:29.888 INFO  [] -            liquibase.changelog - Custom SQL executed
2026-08-05 16:23:29.891 INFO  [] -            liquibase.changelog - ChangeSet db/changelog/056-stock-document.sql::056-04-stock-transfer-line::averpo ran successfully in 18ms
2026-08-05 16:23:29.898 INFO  [] -            liquibase.ui - Running Changeset: db/changelog/056-stock-document.sql::056-05-stock-document-sequence::averpo
2026-08-05 16:23:29.903 INFO  [] -            liquibase.changelog - Custom SQL executed
2026-08-05 16:23:29.906 INFO  [] -            liquibase.changelog - ChangeSet db/changelog/056-stock-document.sql::056-05-stock-document-sequence::averpo ran successfully in 8ms
2026-08-05 16:23:29.914 INFO  [] -            liquibase.ui - Running Changeset: db/changelog/057-app-user-profile.sql::057-app-user-profile::averpo
2026-08-05 16:23:29.938 INFO  [] -            liquibase.changelog - Custom SQL executed
2026-08-05 16:23:29.942 INFO  [] -            liquibase.changelog - ChangeSet db/changelog/057-app-user-profile.sql::057-app-user-profile::averpo ran successfully in 28ms
2026-08-05 16:23:29.950 INFO  [] -            liquibase.ui - Running Changeset: db/changelog/059-telegram.sql::059-01-telegram-settings::averpo
2026-08-05 16:23:29.957 INFO  [] -            liquibase.changelog - Custom SQL executed
2026-08-05 16:23:29.961 INFO  [] -            liquibase.changelog - ChangeSet db/changelog/059-telegram.sql::059-01-telegram-settings::averpo ran successfully in 11ms
2026-08-05 16:23:29.968 INFO  [] -            liquibase.ui - Running Changeset: db/changelog/059-telegram.sql::059-02-app-user-telegram::averpo
2026-08-05 16:23:29.980 INFO  [] -            liquibase.changelog - Custom SQL executed
2026-08-05 16:23:29.983 INFO  [] -            liquibase.changelog - ChangeSet db/changelog/059-telegram.sql::059-02-app-user-telegram::averpo ran successfully in 15ms
2026-08-05 16:23:29.989 INFO  [] -            liquibase.ui - Running Changeset: db/changelog/060-stock-external-ref.sql::060-01-stock-adjustment-external-ref::averpo
2026-08-05 16:23:29.992 INFO  [] -            liquibase.changelog - Custom SQL executed
2026-08-05 16:23:29.994 INFO  [] -            liquibase.changelog - ChangeSet db/changelog/060-stock-external-ref.sql::060-01-stock-adjustment-external-ref::averpo ran successfully in 5ms
2026-08-05 16:23:30.001 INFO  [] -            liquibase.ui - Running Changeset: db/changelog/060-stock-external-ref.sql::060-02-stock-transfer-external-ref::averpo
2026-08-05 16:23:30.004 INFO  [] -            liquibase.changelog - Custom SQL executed
2026-08-05 16:23:30.007 INFO  [] -            liquibase.changelog - ChangeSet db/changelog/060-stock-external-ref.sql::060-02-stock-transfer-external-ref::averpo ran successfully in 6ms
2026-08-05 16:23:30.012 INFO  [] -            liquibase.ui - Running Changeset: db/changelog/061-indexes.sql::061-01-list-filter-indexes::averpo
2026-08-05 16:23:30.044 INFO  [] -            liquibase.changelog - Custom SQL executed
2026-08-05 16:23:30.048 INFO  [] -            liquibase.changelog - ChangeSet db/changelog/061-indexes.sql::061-01-list-filter-indexes::averpo ran successfully in 36ms
2026-08-05 16:23:30.053 INFO  [] -            liquibase.ui - Running Changeset: db/changelog/065-plugins.sql::065-01-plugin-state::averpo
2026-08-05 16:23:30.058 INFO  [] -            liquibase.changelog - Custom SQL executed
2026-08-05 16:23:30.060 INFO  [] -            liquibase.changelog - ChangeSet db/changelog/065-plugins.sql::065-01-plugin-state::averpo ran successfully in 6ms
2026-08-05 16:23:30.066 INFO  [] -            liquibase.ui - Running Changeset: db/changelog/066-refinement.sql::066-refinement::averpo
2026-08-05 16:23:30.075 INFO  [] -            liquibase.changelog - Custom SQL executed
2026-08-05 16:23:30.078 INFO  [] -            liquibase.changelog - ChangeSet db/changelog/066-refinement.sql::066-refinement::averpo ran successfully in 12ms
2026-08-05 16:23:30.083 INFO  [] -            liquibase.ui - Running Changeset: db/changelog/068-telegram-webhook.sql::068-telegram-webhook::averpo
2026-08-05 16:23:30.087 INFO  [] -            liquibase.changelog - Custom SQL executed
2026-08-05 16:23:30.089 INFO  [] -            liquibase.changelog - ChangeSet db/changelog/068-telegram-webhook.sql::068-telegram-webhook::averpo ran successfully in 6ms
2026-08-05 16:23:30.099 INFO  [] -            liquibase.util - UPDATE SUMMARY
2026-08-05 16:23:30.099 INFO  [] -            liquibase.util - Run:                        142
2026-08-05 16:23:30.099 INFO  [] -            liquibase.util - Previously run:               0
2026-08-05 16:23:30.099 INFO  [] -            liquibase.util - Filtered out:                 0
2026-08-05 16:23:30.099 INFO  [] -            liquibase.util - -------------------------------
2026-08-05 16:23:30.099 INFO  [] -            liquibase.util - Total change sets:          142
2026-08-05 16:23:30.099 INFO  [] -            liquibase.util - Update summary generated
2026-08-05 16:23:30.099 INFO  [] -            liquibase.command - Update command completed successfully.
2026-08-05 16:23:30.099 INFO  [] -            liquibase.ui - Liquibase: Update has been successful. Rows affected: 40
2026-08-05 16:23:30.113 INFO  [] -            liquibase.lockservice - Successfully released change log lock
2026-08-05 16:23:30.116 INFO  [] -            liquibase.command - Command execution complete
2026-08-05 16:23:32.504 INFO  [] -            o.s.o.j.p.SpringPersistenceUnitInfo - No LoadTimeWeaver setup: ignoring JPA class transformer
2026-08-05 16:23:35.698 INFO  [] -            o.s.o.j.LocalContainerEntityManagerFactoryBean - Initialized JPA EntityManagerFactory for persistence unit 'default'
2026-08-05 16:23:35.855 INFO  [] -            o.s.d.j.r.q.QueryEnhancerFactories - Hibernate is in classpath; If applicable, HQL parser will be used.
2026-08-05 16:23:42.128 INFO  [] -            o.a.coyote.http11.Http11NioProtocol - Starting ProtocolHandler ["http-nio-8091"]
2026-08-05 16:23:42.143 INFO  [] -            o.s.boot.tomcat.TomcatWebServer - Tomcat started on port 8091 (http) with context path '/'
2026-08-05 16:23:42.143 INFO  [] -            c.a.e.p.t.service.TelegramPoller - Telegram poller ишга тушди
2026-08-05 16:23:42.171 INFO  [] -            com.averpo.erp.AverpoApplication - Started AverpoApplication in 19.782 seconds (process running for 20.365)
2026-08-05 16:23:42.788 INFO  [] -            c.a.e.i.c.DefaultUnitsInitializer - Янги ўрнатиш: стандарт UOM гуруҳлари автоматик ўрнатилди
2026-08-05 16:23:43.008 INFO  [] -            c.a.e.l.c.DefaultChartInitializer - Янги ўрнатиш: default счётлар режаси автоматик юкланди (51 счёт)
2026-08-05 16:23:45.159 INFO  [] -            c.averpo.erp.config.DemoDataSeeder - Demo каталог: 30 мижоз, 20 етказувчи, 16 товар, 4 хизмат, 6 омбор
2026-08-05 16:23:45.403 INFO  [] -            c.a.e.l.service.PostingServiceImpl - JE POSTED: BANK_TXN JE-2026-000001 home жами 300000000.0000
2026-08-05 16:23:45.677 INFO  [] -            c.a.e.l.service.PostingServiceImpl - JE POSTED: BILL JE-2026-000002 home жами 38990336.0000
2026-08-05 16:23:46.030 INFO  [] -            c.a.e.l.service.PostingServiceImpl - JE POSTED: INVOICE JE-2026-000003 home жами 29965320.0000
2026-08-05 16:23:46.282 INFO  [] -            c.a.e.l.service.PostingServiceImpl - JE POSTED: INVOICE JE-2026-000004 home жами 809600.0000
2026-08-05 16:23:46.376 INFO  [] -            c.a.e.l.service.PostingServiceImpl - JE POSTED: BANK_TXN JE-2026-000005 home жами 4560000.0000
2026-08-05 16:23:46.464 INFO  [] -            c.a.e.l.service.PostingServiceImpl - JE POSTED: BANK_TXN JE-2026-000006 home жами 1850000.0000
2026-08-05 16:23:46.641 INFO  [] -            c.a.e.l.service.PostingServiceImpl - JE POSTED: BILL JE-2026-000007 home жами 33890304.0000
2026-08-05 16:23:46.836 INFO  [] -            c.a.e.l.service.PostingServiceImpl - JE POSTED: BILL JE-2026-000008 home жами 33913241.6000
2026-08-05 16:23:47.079 INFO  [] -            c.a.e.l.service.PostingServiceImpl - JE POSTED: INVOICE JE-2026-000009 home жами 11618304.0000
2026-08-05 16:23:47.291 INFO  [] -            c.a.e.l.service.PostingServiceImpl - JE POSTED: INVOICE JE-2026-000010 home жами 15197798.4000
2026-08-05 16:23:47.516 INFO  [] -            c.a.e.l.service.PostingServiceImpl - JE POSTED: INVOICE JE-2026-000011 home жами 24977817.6000
2026-08-05 16:23:47.601 INFO  [] -            c.a.e.l.service.PostingServiceImpl - JE POSTED: BANK_TXN JE-2026-000012 home жами 4620000.0000
2026-08-05 16:23:47.689 INFO  [] -            c.a.e.l.service.PostingServiceImpl - JE POSTED: BANK_TXN JE-2026-000013 home жами 1850000.0000
2026-08-05 16:23:47.772 INFO  [] -            c.a.e.l.service.PostingServiceImpl - JE POSTED: BANK_TXN JE-2026-000014 home жами 940000.0000
2026-08-05 16:23:47.840 INFO  [] -            c.a.e.l.service.PostingServiceImpl - JE POSTED: BANK_TXN JE-2026-000015 home жами 63000000.0000
2026-08-05 16:23:48.035 INFO  [] -            c.a.e.l.service.PostingServiceImpl - JE POSTED: BILL JE-2026-000016 home жами 36787856.0000
2026-08-05 16:23:48.213 INFO  [] -            c.a.e.l.service.PostingServiceImpl - JE POSTED: BILL JE-2026-000017 home жами 21338100.0000
2026-08-05 16:23:48.449 INFO  [] -            c.a.e.l.service.PostingServiceImpl - JE POSTED: INVOICE JE-2026-000018 home жами 24701358.4000
2026-08-05 16:23:48.658 INFO  [] -            c.a.e.l.service.PostingServiceImpl - JE POSTED: INVOICE JE-2026-000019 home жами 11265600.0000
2026-08-05 16:23:48.818 INFO  [] -            c.a.e.l.service.PostingServiceImpl - JE POSTED: INVOICE JE-2026-000020 home жами 466200.0000
2026-08-05 16:23:48.898 INFO  [] -            c.a.e.l.service.PostingServiceImpl - JE POSTED: BANK_TXN JE-2026-000021 home жами 4680000.0000
2026-08-05 16:23:48.977 INFO  [] -            c.a.e.l.service.PostingServiceImpl - JE POSTED: BANK_TXN JE-2026-000022 home жами 1850000.0000
2026-08-05 16:23:49.266 INFO  [] -            c.a.e.l.service.PostingServiceImpl - JE POSTED: BILL JE-2026-000023 home жами 37484025.6000
2026-08-05 16:23:49.442 INFO  [] -            c.a.e.l.service.PostingServiceImpl - JE POSTED: BILL JE-2026-000024 home жами 37234014.7200
2026-08-05 16:23:49.657 INFO  [] -            c.a.e.l.service.PostingServiceImpl - JE POSTED: INVOICE JE-2026-000025 home жами 14511111.0400
2026-08-05 16:23:49.837 INFO  [] -            c.a.e.l.service.PostingServiceImpl - JE POSTED: INVOICE JE-2026-000026 home жами 25904254.4000
2026-08-05 16:23:49.957 INFO  [] -            c.a.e.l.service.PostingServiceImpl - JE POSTED: INVOICE JE-2026-000027 home жами 471600.0000
2026-08-05 16:23:50.120 INFO  [] -            c.a.e.l.service.PostingServiceImpl - JE POSTED: INVOICE JE-2026-000028 home жами 31275104.0000
2026-08-05 16:23:50.190 INFO  [] -            c.a.e.l.service.PostingServiceImpl - JE POSTED: BANK_TXN JE-2026-000029 home жами 4740000.0000
2026-08-05 16:23:50.261 INFO  [] -            c.a.e.l.service.PostingServiceImpl - JE POSTED: BANK_TXN JE-2026-000030 home жами 1150000.0000
2026-08-05 16:23:50.335 INFO  [] -            c.a.e.l.service.PostingServiceImpl - JE POSTED: BANK_TXN JE-2026-000031 home жами 1000000.0000
2026-08-05 16:23:50.400 INFO  [] -            c.a.e.l.service.PostingServiceImpl - JE POSTED: BANK_TXN JE-2026-000032 home жами 9000000.0000
2026-08-05 16:23:50.556 INFO  [] -            c.a.e.l.service.PostingServiceImpl - JE POSTED: BILL JE-2026-000033 home жами 38928288.0000
2026-08-05 16:23:50.763 INFO  [] -            c.a.e.l.service.PostingServiceImpl - JE POSTED: INVOICE JE-2026-000034 home жами 10529624.0000
2026-08-05 16:23:50.959 INFO  [] -            c.a.e.l.service.PostingServiceImpl - JE POSTED: INVOICE JE-2026-000035 home жами 18955440.0000
2026-08-05 16:23:51.155 INFO  [] -            c.a.e.l.service.PostingServiceImpl - JE POSTED: INVOICE JE-2026-000036 home жами 18869160.0000
2026-08-05 16:23:51.361 INFO  [] -            c.a.e.l.service.PostingServiceImpl - JE POSTED: INVOICE JE-2026-000037 home жами 21116000.0000
2026-08-05 16:23:51.429 INFO  [] -            c.a.e.l.service.PostingServiceImpl - JE POSTED: BANK_TXN JE-2026-000038 home жами 4800000.0000
2026-08-05 16:23:51.493 INFO  [] -            c.a.e.l.service.PostingServiceImpl - JE POSTED: BANK_TXN JE-2026-000039 home жами 1150000.0000
2026-08-05 16:23:51.689 INFO  [] -            c.a.e.l.service.PostingServiceImpl - JE POSTED: BILL JE-2026-000040 home жами 42604070.4000
2026-08-05 16:23:51.852 INFO  [] -            c.a.e.l.service.PostingServiceImpl - JE POSTED: BILL JE-2026-000041 home жами 57330560.0000
2026-08-05 16:23:52.057 INFO  [] -            c.a.e.l.service.PostingServiceImpl - JE POSTED: INVOICE JE-2026-000042 home жами 31514656.0000
2026-08-05 16:23:52.242 INFO  [] -            c.a.e.l.service.PostingServiceImpl - JE POSTED: INVOICE JE-2026-000043 home жами 26857552.0000
2026-08-05 16:23:52.442 INFO  [] -            c.a.e.l.service.PostingServiceImpl - JE POSTED: INVOICE JE-2026-000044 home жами 26403990.0000
2026-08-05 16:23:52.621 INFO  [] -            c.a.e.l.service.PostingServiceImpl - JE POSTED: INVOICE JE-2026-000045 home жами 28498696.0000
2026-08-05 16:23:52.798 INFO  [] -            c.a.e.l.service.PostingServiceImpl - JE POSTED: INVOICE JE-2026-000046 home жами 24155028.0000
2026-08-05 16:23:52.863 INFO  [] -            c.a.e.l.service.PostingServiceImpl - JE POSTED: BANK_TXN JE-2026-000047 home жами 4860000.0000
2026-08-05 16:23:52.932 INFO  [] -            c.a.e.l.service.PostingServiceImpl - JE POSTED: BANK_TXN JE-2026-000048 home жами 1150000.0000
2026-08-05 16:23:53.008 INFO  [] -            c.a.e.l.service.PostingServiceImpl - JE POSTED: BANK_TXN JE-2026-000049 home жами 1060000.0000
2026-08-05 16:23:53.123 INFO  [] -            c.a.e.l.service.PostingServiceImpl - JE POSTED: BILL JE-2026-000050 home жами 52387552.0000
2026-08-05 16:23:53.287 INFO  [] -            c.a.e.l.service.PostingServiceImpl - JE POSTED: BILL JE-2026-000051 home жами 28725732.0000
2026-08-05 16:23:53.491 INFO  [] -            c.a.e.l.service.PostingServiceImpl - JE POSTED: INVOICE JE-2026-000052 home жами 19386252.0000
2026-08-05 16:23:53.676 INFO  [] -            c.a.e.l.service.PostingServiceImpl - JE POSTED: INVOICE JE-2026-000053 home жами 24957464.0000
2026-08-05 16:23:53.866 INFO  [] -            c.a.e.l.service.PostingServiceImpl - JE POSTED: INVOICE JE-2026-000054 home жами 25721613.8609
2026-08-05 16:23:54.014 INFO  [] -            c.a.e.l.service.PostingServiceImpl - JE POSTED: INVOICE JE-2026-000055 home жами 26920817.6552
2026-08-05 16:23:54.164 INFO  [] -            c.a.e.l.service.PostingServiceImpl - JE POSTED: INVOICE JE-2026-000056 home жами 25716020.7814
2026-08-05 16:23:54.220 INFO  [] -            c.a.e.l.service.PostingServiceImpl - JE POSTED: BANK_TXN JE-2026-000057 home жами 4920000.0000
2026-08-05 16:23:54.274 INFO  [] -            c.a.e.l.service.PostingServiceImpl - JE POSTED: BANK_TXN JE-2026-000058 home жами 1150000.0000
2026-08-05 16:23:54.427 INFO  [] -            c.a.e.l.service.PostingServiceImpl - JE POSTED: BILL JE-2026-000059 home жами 68250112.0000
2026-08-05 16:23:54.550 INFO  [] -            c.a.e.l.service.PostingServiceImpl - JE POSTED: BILL JE-2026-000060 home жами 47259520.0000
2026-08-05 16:23:54.779 INFO  [] -            c.a.e.l.service.PostingServiceImpl - JE POSTED: INVOICE JE-2026-000061 home жами 29958465.6000
2026-08-05 16:23:54.927 INFO  [] -            c.a.e.l.service.PostingServiceImpl - JE POSTED: INVOICE JE-2026-000062 home жами 11755270.4000
2026-08-05 16:23:55.088 INFO  [] -            c.a.e.l.service.PostingServiceImpl - JE POSTED: INVOICE JE-2026-000063 home жами 25765820.9766
2026-08-05 16:23:55.304 INFO  [] -            c.a.e.l.service.PostingServiceImpl - JE POSTED: INVOICE JE-2026-000064 home жами 27395139.8680
2026-08-05 16:23:55.483 INFO  [] -            c.a.e.l.service.PostingServiceImpl - JE POSTED: INVOICE JE-2026-000065 home жами 55418528.0000
2026-08-05 16:23:55.667 INFO  [] -            c.a.e.l.service.PostingServiceImpl - JE POSTED: INVOICE JE-2026-000066 home жами 32600608.0000
2026-08-05 16:23:55.741 INFO  [] -            c.a.e.l.service.PostingServiceImpl - JE POSTED: BANK_TXN JE-2026-000067 home жами 4980000.0000
2026-08-05 16:23:55.807 INFO  [] -            c.a.e.l.service.PostingServiceImpl - JE POSTED: BANK_TXN JE-2026-000068 home жами 1150000.0000
2026-08-05 16:23:55.876 INFO  [] -            c.a.e.l.service.PostingServiceImpl - JE POSTED: BANK_TXN JE-2026-000069 home жами 1120000.0000
2026-08-05 16:23:55.945 INFO  [] -            c.a.e.l.service.PostingServiceImpl - JE POSTED: BANK_TXN JE-2026-000070 home жами 9000000.0000
2026-08-05 16:23:56.013 INFO  [] -            c.a.e.l.service.PostingServiceImpl - JE POSTED: INVOICE_PAYMENT JE-2026-000071 home жами 17922520.0000
2026-08-05 16:23:56.097 INFO  [] -            c.a.e.l.service.PostingServiceImpl - JE POSTED: INVOICE_PAYMENT JE-2026-000072 home жами 809600.0000
2026-08-05 16:23:56.177 INFO  [] -            c.a.e.l.service.PostingServiceImpl - JE POSTED: INVOICE_PAYMENT JE-2026-000073 home жами 7010304.0000
2026-08-05 16:23:56.253 INFO  [] -            c.a.e.l.service.PostingServiceImpl - JE POSTED: INVOICE_PAYMENT JE-2026-000074 home жами 9627238.4000
2026-08-05 16:23:56.318 INFO  [] -            c.a.e.l.service.PostingServiceImpl - JE POSTED: INVOICE_PAYMENT JE-2026-000075 home жами 15393177.6000
2026-08-05 16:23:56.383 INFO  [] -            c.a.e.l.service.PostingServiceImpl - JE POSTED: INVOICE_PAYMENT JE-2026-000076 home жами 15295918.4000
2026-08-05 16:23:56.464 INFO  [] -            c.a.e.l.service.PostingServiceImpl - JE POSTED: INVOICE_PAYMENT JE-2026-000077 home жами 7210560.0000
2026-08-05 16:23:56.540 INFO  [] -            c.a.e.l.service.PostingServiceImpl - JE POSTED: INVOICE_PAYMENT JE-2026-000078 home жами 466200.0000
2026-08-05 16:23:56.627 INFO  [] -            c.a.e.l.service.PostingServiceImpl - JE POSTED: INVOICE_PAYMENT JE-2026-000079 home жами 9174695.0400
2026-08-05 16:23:56.694 INFO  [] -            c.a.e.l.service.PostingServiceImpl - JE POSTED: INVOICE_PAYMENT JE-2026-000080 home жами 16173574.4000
2026-08-05 16:23:56.767 INFO  [] -            c.a.e.l.service.PostingServiceImpl - JE POSTED: INVOICE_PAYMENT JE-2026-000081 home жами 471600.0000
2026-08-05 16:23:56.843 INFO  [] -            c.a.e.l.service.PostingServiceImpl - JE POSTED: INVOICE_PAYMENT JE-2026-000082 home жами 19333504.0000
2026-08-05 16:23:56.906 INFO  [] -            c.a.e.l.service.PostingServiceImpl - JE POSTED: INVOICE_PAYMENT JE-2026-000083 home жами 6568184.0000
2026-08-05 16:23:56.971 INFO  [] -            c.a.e.l.service.PostingServiceImpl - JE POSTED: INVOICE_PAYMENT JE-2026-000084 home жами 11770240.0000
2026-08-05 16:23:57.034 INFO  [] -            c.a.e.l.service.PostingServiceImpl - JE POSTED: INVOICE_PAYMENT JE-2026-000085 home жами 11517960.0000
2026-08-05 16:23:57.098 INFO  [] -            c.a.e.l.service.PostingServiceImpl - JE POSTED: INVOICE_PAYMENT JE-2026-000086 home жами 13144000.0000
2026-08-05 16:23:57.158 INFO  [] -            c.a.e.l.service.PostingServiceImpl - JE POSTED: INVOICE_PAYMENT JE-2026-000087 home жами 18865056.0000
2026-08-05 16:23:57.217 INFO  [] -            c.a.e.l.service.PostingServiceImpl - JE POSTED: INVOICE_PAYMENT JE-2026-000088 home жами 16525952.0000
2026-08-05 16:23:57.273 INFO  [] -            c.a.e.l.service.PostingServiceImpl - JE POSTED: INVOICE_PAYMENT JE-2026-000089 home жами 15729037.5000
2026-08-05 16:23:57.309 INFO  [] -            c.a.e.l.service.PostingServiceImpl - JE POSTED: RECEIPT_ALLOCATION JE-2026-000090 home жами 185047.5000
2026-08-05 16:23:57.361 INFO  [] -            c.a.e.l.service.PostingServiceImpl - JE POSTED: INVOICE_PAYMENT JE-2026-000091 home жами 17334900.0000
2026-08-05 16:23:57.400 INFO  [] -            c.a.e.l.service.PostingServiceImpl - JE POSTED: RECEIPT_ALLOCATION JE-2026-000092 home жами 203940.0000
2026-08-05 16:23:57.459 INFO  [] -            c.a.e.l.service.PostingServiceImpl - JE POSTED: INVOICE_PAYMENT JE-2026-000093 home жами 14499045.0000
2026-08-05 16:23:57.499 INFO  [] -            c.a.e.l.service.PostingServiceImpl - JE POSTED: RECEIPT_ALLOCATION JE-2026-000094 home жами 170577.0000
2026-08-05 16:23:57.556 INFO  [] -            c.a.e.l.service.PostingServiceImpl - JE POSTED: INVOICE_PAYMENT JE-2026-000095 home жами 6244057.5000
2026-08-05 16:23:57.594 INFO  [] -            c.a.e.l.service.PostingServiceImpl - JE POSTED: RECEIPT_ALLOCATION JE-2026-000096 home жами 73459.5000
2026-08-05 16:23:57.685 INFO  [] -            c.a.e.l.service.PostingServiceImpl - JE POSTED: INVOICE_PAYMENT JE-2026-000097 home жами 8523275.2000
2026-08-05 16:23:57.756 INFO  [] -            c.a.e.l.service.PostingServiceImpl - JE POSTED: INVOICE_PAYMENT JE-2026-000098 home жами 8862155.2800
2026-08-05 16:23:57.826 INFO  [] -            c.a.e.l.service.PostingServiceImpl - JE POSTED: INVOICE_PAYMENT JE-2026-000099 home жами 9295950.4000
2026-08-05 16:23:57.890 INFO  [] -            c.a.e.l.service.PostingServiceImpl - JE POSTED: INVOICE_PAYMENT JE-2026-000100 home жами 8873983.8900
2026-08-05 16:23:57.969 INFO  [] -            c.a.e.l.service.PostingServiceImpl - JE POSTED: BILL_PAYMENT JE-2026-000101 home жами 38990336.0000
2026-08-05 16:23:58.043 INFO  [] -            c.a.e.l.service.PostingServiceImpl - JE POSTED: BILL_PAYMENT JE-2026-000102 home жами 33890304.0000
2026-08-05 16:23:58.117 INFO  [] -            c.a.e.l.service.PostingServiceImpl - JE POSTED: BILL_PAYMENT JE-2026-000103 home жами 33913241.6000
2026-08-05 16:23:58.176 INFO  [] -            c.a.e.l.service.PostingServiceImpl - JE POSTED: BILL_PAYMENT JE-2026-000104 home жами 36787856.0000
2026-08-05 16:23:58.233 INFO  [] -            c.a.e.l.service.PostingServiceImpl - JE POSTED: BILL_PAYMENT JE-2026-000105 home жами 21592125.0000
2026-08-05 16:23:58.271 INFO  [] -            c.a.e.l.service.PostingServiceImpl - JE POSTED: PAYMENT_ALLOCATION JE-2026-000106 home жами 254025.0000
2026-08-05 16:23:58.327 INFO  [] -            c.a.e.l.service.PostingServiceImpl - JE POSTED: BILL_PAYMENT JE-2026-000107 home жами 37484025.6000
2026-08-05 16:23:58.388 INFO  [] -            c.a.e.l.service.PostingServiceImpl - JE POSTED: BILL_PAYMENT JE-2026-000108 home жами 37234014.7200
2026-08-05 16:23:58.449 INFO  [] -            c.a.e.l.service.PostingServiceImpl - JE POSTED: BILL_PAYMENT JE-2026-000109 home жами 38928288.0000
2026-08-05 16:23:58.509 INFO  [] -            c.a.e.l.service.PostingServiceImpl - JE POSTED: BILL_PAYMENT JE-2026-000110 home жами 42604070.4000
2026-08-05 16:23:58.570 INFO  [] -            c.a.e.l.service.PostingServiceImpl - JE POSTED: BILL_PAYMENT JE-2026-000111 home жами 57330560.0000
2026-08-05 16:23:58.638 INFO  [] -            c.a.e.l.service.PostingServiceImpl - JE POSTED: BILL_PAYMENT JE-2026-000112 home жами 26193776.0000
2026-08-05 16:23:58.715 INFO  [] -            c.a.e.l.service.PostingServiceImpl - JE POSTED: BILL_PAYMENT JE-2026-000113 home жами 14533852.5000
2026-08-05 16:23:58.784 INFO  [] -            c.a.e.l.service.PostingServiceImpl - JE POSTED: PAYMENT_ALLOCATION JE-2026-000114 home жами 170986.5000
2026-08-05 16:23:58.941 INFO  [] -            c.a.e.l.service.PostingServiceImpl - JE POSTED: INVENTORY JE-2026-000115 home жами 877533.4783
2026-08-05 16:23:58.950 INFO  [] -            c.averpo.erp.config.DemoDataSeeder - Demo маълумот тайёр (Январь - Август ойлари): 50 контакт, 20 товар/хизмат, 6 омбор, 14 bill, 32 invoice, 26 тушум, 12 тўлов, 20 харажат, 3 банк ўтказма, 3 омбор кўчириш, 1 акт
2026-08-05 16:23:58.956 WARN  [] -            c.a.e.s.config.AdminUserInitializer - ДИҚҚАТ: admin фойдаланувчиси DEV DEFAULT парол билан яратилди. Production'da AVERPO_ADMIN_PASSWORD env бериш ШАРТ!
2026-08-05 16:23:59.091 INFO  [] -            c.a.e.shared.config.StartupUrlLogger - Илова тайёр: http://localhost:8091
2026-08-05 16:24:01.337 INFO  [] -            o.a.c.c.C.[Tomcat].[localhost].[/] - Initializing Spring DispatcherServlet 'dispatcherServlet'
2026-08-05 16:24:01.337 INFO  [] -            o.s.web.servlet.DispatcherServlet - Initializing Servlet 'dispatcherServlet'
2026-08-05 16:24:01.337 INFO  [] -            o.s.web.servlet.DispatcherServlet - Completed initialization in 0 ms
2026-08-05 16:24:47.016 INFO  [] -            com.averpo.erp.AverpoApplication - Starting AverpoApplication using Java 21.0.9 with PID 15920 (D:\Averpo\averpo-erp-web-tech-award\build\classes\java\main started by nurmu in D:\Averpo\averpo-erp-web-tech-award)
2026-08-05 16:24:47.021 INFO  [] -            com.averpo.erp.AverpoApplication - The following 2 profiles are active: "dev", "demo"
2026-08-05 16:24:48.434 INFO  [] -            o.s.d.r.c.RepositoryConfigurationDelegate - Bootstrapping Spring Data JPA repositories in DEFAULT mode.
2026-08-05 16:24:48.801 INFO  [] -            o.s.d.r.c.RepositoryConfigurationDelegate - Finished Spring Data repository scanning in 356 ms. Found 56 JPA repository interfaces.
2026-08-05 16:24:50.092 INFO  [] -            o.s.boot.tomcat.TomcatWebServer - Tomcat initialized with port 8091 (http)
2026-08-05 16:24:50.116 INFO  [] -            o.a.coyote.http11.Http11NioProtocol - Initializing ProtocolHandler ["http-nio-8091"]
2026-08-05 16:24:50.119 INFO  [] -            o.a.catalina.core.StandardService - Starting service [Tomcat]
2026-08-05 16:24:50.120 INFO  [] -            o.a.catalina.core.StandardEngine - Starting Servlet engine: [Apache Tomcat/11.0.14]
2026-08-05 16:24:50.239 INFO  [] -            o.s.b.w.c.s.WebApplicationContextInitializer - Root WebApplicationContext: initialization completed in 3154 ms
2026-08-05 16:24:50.511 INFO  [] -            com.zaxxer.hikari.HikariDataSource - HikariPool-1 - Starting...
2026-08-05 16:24:50.734 INFO  [] -            com.zaxxer.hikari.pool.HikariPool - HikariPool-1 - Added connection org.postgresql.jdbc.PgConnection@29f3185c
2026-08-05 16:24:50.737 INFO  [] -            com.zaxxer.hikari.HikariDataSource - HikariPool-1 - Start completed.
2026-08-05 16:24:50.965 INFO  [] -            liquibase.database - Set default schema name to public
2026-08-05 16:24:51.332 INFO  [] -            liquibase.changelog - Reading from public.databasechangelog
2026-08-05 16:24:51.763 INFO  [] -            liquibase.ui - Database is up to date, no changesets to execute
2026-08-05 16:24:51.769 INFO  [] -            liquibase.changelog - Reading from public.databasechangelog
2026-08-05 16:24:51.839 INFO  [] -            liquibase.util - UPDATE SUMMARY
2026-08-05 16:24:51.840 INFO  [] -            liquibase.util - Run:                          0
2026-08-05 16:24:51.840 INFO  [] -            liquibase.util - Previously run:             142
2026-08-05 16:24:51.840 INFO  [] -            liquibase.util - Filtered out:                 0
2026-08-05 16:24:51.840 INFO  [] -            liquibase.util - -------------------------------
2026-08-05 16:24:51.840 INFO  [] -            liquibase.util - Total change sets:          142
2026-08-05 16:24:51.842 INFO  [] -            liquibase.util - Update summary generated
2026-08-05 16:24:51.843 INFO  [] -            liquibase.command - Command execution complete
2026-08-05 16:24:54.334 INFO  [] -            o.s.o.j.p.SpringPersistenceUnitInfo - No LoadTimeWeaver setup: ignoring JPA class transformer
2026-08-05 16:24:57.762 INFO  [] -            o.s.o.j.LocalContainerEntityManagerFactoryBean - Initialized JPA EntityManagerFactory for persistence unit 'default'
2026-08-05 16:24:57.902 INFO  [] -            o.s.d.j.r.q.QueryEnhancerFactories - Hibernate is in classpath; If applicable, HQL parser will be used.
2026-08-05 16:25:03.811 INFO  [] -            o.a.coyote.http11.Http11NioProtocol - Starting ProtocolHandler ["http-nio-8091"]
2026-08-05 16:25:03.826 INFO  [] -            o.s.boot.tomcat.TomcatWebServer - Tomcat started on port 8091 (http) with context path '/'
2026-08-05 16:25:03.831 INFO  [] -            c.a.e.p.t.service.TelegramPoller - Telegram poller ишга тушди
2026-08-05 16:25:03.843 INFO  [] -            com.averpo.erp.AverpoApplication - Started AverpoApplication in 17.884 seconds (process running for 18.58)
2026-08-05 16:25:04.076 INFO  [] -            c.averpo.erp.config.DemoDataSeeder - Demo маълумот аллақачон бор - сеедер ўтказиб юборилди
2026-08-05 16:25:04.083 INFO  [] -            c.a.e.shared.config.StartupUrlLogger - Илова тайёр: http://localhost:8091
